CustomerID,CustomerName,Gender,Age,City,State,Region,SignupDate
C00001,Aryan Maharaj,Male,32,Delhi,Delhi,North,2023-07-18
C00002,Udant Dewan,Male,55,Chennai,Tamil Nadu,South,2025-10-17
C00003,Gagan Sami,Male,32,Mumbai,Maharashtra,West,2022-07-11
C00004,Ayushman Chander,Male,63,Mumbai,Maharashtra,West,2025-02-23
C00005,Viraj Tiwari,Male,46,Noida,Uttar Pradesh,North,2024-05-09
C00006,Rushil Saini,Female,39,Delhi,Delhi,North,2022-11-23
C00007,Saumya Mall,Male,23,Coimbatore,Tamil Nadu,South,2023-11-21
C00008,Nathaniel Sami,Female,69,Ahmedabad,Gujarat,West,2023-12-06
C00009,Arunima Dugal,Male,42,Bengaluru,Karnataka,South,2025-01-03
C00010,Gayathri Chaudry,Female,54,Kochi,Kerala,South,2025-07-11
C00011,Lajita Chatterjee,Male,67,Unknown,Tamil Nadu,South,2022-04-04
C00012,Hemangini Lalla,Male,42,Chennai,Tamil Nadu,South,2023-04-22
C00013,Tripti Yadav,Female,40,Kochi,Kerala,South,2022-11-30
C00014,Kritika Brar,Male,56,Kochi,Kerala,South,2025-12-08
C00015,Janaki Handa,Male,47,Noida,Uttar Pradesh,North,2023-05-17
C00016,Chakradev Kari,Female,67,Nagpur,Maharashtra,West,2023-03-26
C00017,Fariq Kaul,Female,43,Jaipur,Rajasthan,North,2022-03-07
C00018,Lajita Mall,Female,31,Coimbatore,Tamil Nadu,South,2025-03-07
C00019,Janya Gaba,Female,27,Chandigarh,Chandigarh,North,2025-08-09
C00020,Isha Kadakia,Female,65,Coimbatore,Tamil Nadu,South,2025-02-23
C00021,Ekbal Garg,Female,32,Noida,Uttar Pradesh,North,2024-03-28
C00022,Nihal Shere,Female,23,Bhubaneswar,Odisha,East,2024-11-09
C00023,Anamika Kanda,Male,68,Delhi,Delhi,North,2022-11-10
C00024,Daksh Karnik,Female,42,Noida,Uttar Pradesh,North,2022-05-11
C00025,Diya Rattan,Female,53,Chandigarh,Chandigarh,North,2024-12-19
C00026,Dominic Kakar,Male,61,Kolkata,West Bengal,East,2025-10-25
C00027,Simon Tata,Female,25,Patna,Bihar,East,2025-08-05
C00028,Tara Dhar,Male,64,Coimbatore,Tamil Nadu,South,2024-07-18
C00029,Liam Koshy,Male,50,Patna,Bihar,East,2024-10-22
C00030,Priya Rastogi,Male,27,Patna,Bihar,East,2025-08-01
C00031,Theodore Devi,Male,56,Pune,Maharashtra,West,2025-01-09
C00032,Gavin Batta,Female,69,Mumbai,Maharashtra,West,2022-08-18
C00033,Michael Dutta,Male,23,Mumbai,Maharashtra,West,2023-05-09
C00034,Devansh Rajan,Male,26,Delhi,Delhi,North,2024-12-26
C00035,Upadhriti Wadhwa,Female,51,Noida,Uttar Pradesh,North,2022-12-05
C00036,Advay Contractor,Male,63,Guwahati,Assam,East,2023-03-10
C00037,Harini Choudhury,Female,25,Ahmedabad,Gujarat,West,2024-06-16
C00038,Radhika Dugar,Male,55,Chennai,Tamil Nadu,South,2023-11-24
C00039,Aarush Lall,Male,22,Nagpur,Maharashtra,West,2023-03-28
C00040,Yashica Cherian,Male,20,Delhi,Delhi,North,2023-04-14
C00041,Yashica Issac,Male,35,Kolkata,West Bengal,East,2024-11-18
C00042,Kashvi Edwin,Male,64,Jaipur,Rajasthan,North,2025-01-09
C00043,Ekiya Suresh,Female,33,Ranchi,Jharkhand,East,2025-03-26
C00044,Isaac Patil,Male,24,Chandigarh,Chandigarh,North,2023-01-25
C00045,Wriddhish Bhardwaj,Female,47,Lucknow,Uttar Pradesh,North,2024-05-17
C00046,Farhan Chada,Male,21,Kolkata,West Bengal,East,2025-10-11
C00047,Ekapad Walia,Male,30,Ahmedabad,Gujarat,West,2022-08-12
C00048,Kabir Soman,Female,29,Bengaluru,Karnataka,South,2022-10-15
C00049,Alka Wable,Female,69,Coimbatore,Tamil Nadu,South,2022-06-04
C00050,Siddharth Zacharia,Male,59,Ranchi,Jharkhand,East,2022-07-20
C00051,Devika Rastogi,Male,28,Kolkata,West Bengal,East,2022-07-11
C00052,Raksha Varughese,Female,21,Surat,Gujarat,West,2023-03-14
C00053,Jai Kota,Female,68,Chennai,Tamil Nadu,South,2024-03-10
C00054,Devansh Nigam,Female,27,Lucknow,Uttar Pradesh,North,2024-05-16
C00055,Victor Kannan,Male,65,Coimbatore,Tamil Nadu,South,2022-04-30
C00056,Ekavir Bhargava,Female,50,Mumbai,Maharashtra,West,2025-04-11
C00057,Ekansh Balay,Male,50,Ranchi,Jharkhand,East,2022-11-19
C00058,Ekavir Varkey,Male,61,Coimbatore,Tamil Nadu,South,2022-05-21
C00059,Arya Sunder,Male,55,Guwahati,Assam,East,2022-09-03
C00060,Kevin Solanki,Female,60,Noida,Uttar Pradesh,North,2022-06-17
C00061,Urvashi Ray,Female,31,Noida,Uttar Pradesh,North,2023-10-10
C00062,Girindra Chatterjee,Female,43,Lucknow,Uttar Pradesh,North,2023-05-04
C00063,Irya Sampath,Female,66,Kochi,Kerala,South,2024-07-25
C00064,Unni Bhagat,Male,22,Kolkata,West Bengal,East,2024-07-27
C00065,Darsh Rau,Male,40,Nagpur,Maharashtra,West,2023-06-28
C00066,Ikbal Kothari,Female,28,Bhubaneswar,Odisha,East,2024-01-27
C00067,Ranveer Yadav,Female,57,Nagpur,Maharashtra,West,2025-12-11
C00068,Logan Sami,Female,60,Ranchi,Jharkhand,East,2022-01-17
C00069,Arya Shere,Male,24,Coimbatore,Tamil Nadu,South,2023-06-26
C00070,Faqid Savant,Female,56,Jaipur,Rajasthan,North,2023-07-12
C00071,Chandresh Zachariah,Female,50,Kochi,Kerala,South,2023-02-21
C00072,Girik Khalsa,Female,35,Mumbai,Maharashtra,West,2022-07-09
C00073,Niharika Sunder,Female,28,Kochi,Kerala,South,2022-09-25
C00074,Tanay Rattan,Female,53,Noida,Uttar Pradesh,North,2025-12-16
C00075,Nitesh Raghavan,Male,52,Chennai,Tamil Nadu,South,2025-11-16
C00076,Madhavi Lanka,Male,45,Kochi,Kerala,South,2025-04-07
C00077,Bhavika Sampath,Male,40,Kochi,Kerala,South,2024-01-17
C00078,Mohammed Gupta,Male,40,Coimbatore,Tamil Nadu,South,2025-09-27
C00079,Teerth Bhardwaj,Male,33,Chandigarh,Chandigarh,North,2025-06-25
C00080,Dipta Bhandari,Male,29,Bhubaneswar,Odisha,East,2024-04-24
C00081,Vansha Thakkar,Male,35,Lucknow,Uttar Pradesh,North,2024-04-23
C00082,Dakshesh Trivedi,Male,48,Chennai,Tamil Nadu,South,2024-02-23
C00083,Quincy Biswas,Female,70,Bengaluru,Karnataka,South,2023-12-18
C00084,Wahab Raval,Male,60,Jaipur,Rajasthan,North,2023-04-02
C00085,Yatin Baral,Male,67,Kochi,Kerala,South,2023-07-25
C00086,Oni Virk,Female,19,Hyderabad,Telangana,South,2024-03-29
C00087,Advika Jayaraman,Female,20,Kochi,Kerala,South,2023-01-01
C00088,William Lanka,Female,45,Bengaluru,Karnataka,South,2023-12-09
C00089,Karan Mital,Female,54,Noida,Uttar Pradesh,North,2022-08-25
C00090,Diya Bora,Female,18,Chennai,Tamil Nadu,South,2025-12-22
C00091,Tara Chaudhry,Male,41,Nagpur,Maharashtra,West,2025-11-07
C00092,Tanay Toor,Female,60,Ahmedabad,Gujarat,West,2025-06-30
C00093,Kevin Palla,Female,60,Patna,Bihar,East,2024-11-04
C00094,Yash Pingle,Female,53,Surat,Gujarat,West,2025-11-28
C00095,Nakul Sarma,Female,61,Bengaluru,Karnataka,South,2025-09-23
C00096,Abhiram Mistry,Female,43,Jaipur,Rajasthan,North,2025-06-14
C00097,Krish Lalla,Female,31,Mumbai,Maharashtra,West,2023-09-15
C00098,Hredhaan Dugal,Female,47,Nagpur,Maharashtra,West,2025-05-27
C00099,Baghyawati Kade,Female,68,Pune,Maharashtra,West,2024-11-12
C00100,Samar Lalla,Male,36,Bhubaneswar,Odisha,East,2025-09-11
C00101,Zayan Behl,Male,70,Nagpur,Maharashtra,West,2023-11-18
C00102,Pallavi Malhotra,Female,32,Bhubaneswar,Odisha,East,2025-10-09
C00103,Aarush Nath,Male,33,Jaipur,Rajasthan,North,2022-02-20
C00104,Adweta Edwin,Female,44,Ranchi,Jharkhand,East,2022-05-30
C00105,Prisha Andra,Female,49,Ranchi,Jharkhand,East,2023-02-03
C00106,Faqid Dixit,Male,66,Pune,Maharashtra,West,2025-09-05
C00107,Kala Divan,Male,29,Kolkata,West Bengal,East,2024-05-20
C00108,Joshua Barman,Male,53,Noida,Uttar Pradesh,North,2024-08-09
C00109,Janya Baral,Male,69,Chennai,Tamil Nadu,South,2024-07-23
C00110,Shivansh Krish,Female,66,Nagpur,Maharashtra,West,2025-02-18
C00111,Irya Ray,Female,53,Ranchi,Jharkhand,East,2024-10-30
C00112,Warjas Gaba,Female,34,Pune,Maharashtra,West,2024-08-30
C00113,Nitara Bakshi,Female,58,Lucknow,Uttar Pradesh,North,2024-12-03
C00114,Gaurangi Sabharwal,Female,33,Bengaluru,Karnataka,South,2022-06-08
C00115,Amara Dutta,Male,26,Kochi,Kerala,South,2025-01-11
C00116,Lavanya Barad,Male,63,Bengaluru,Karnataka,South,2025-11-22
C00117,Tristan Iyengar,Female,52,Bengaluru,Karnataka,South,2024-04-14
C00118,Inaya Mody,Female,42,Mumbai,Maharashtra,West,2023-02-28
C00119,Udant Bajwa,Male,66,Ranchi,Jharkhand,East,2025-11-25
C00120,Mohini Narasimhan,Female,37,Surat,Gujarat,West,2022-01-13
C00121,Ekaraj Mallick,Male,49,Chandigarh,Chandigarh,North,2025-01-07
C00122,Yashodhara Ratta,Male,42,Bengaluru,Karnataka,South,2024-09-21
C00123,Ayaan D’Alia,Female,26,Surat,Gujarat,West,2022-12-05
C00124,Pranav Lanka,Female,55,Ranchi,Jharkhand,East,2022-02-25
C00125,Ikbal Saraf,Female,26,Mumbai,Maharashtra,West,2022-06-21
C00126,Dipta Sarin,Female,42,Bhubaneswar,Odisha,East,2022-04-13
C00127,Lekha Gupta,Female,66,Surat,Gujarat,West,2023-11-01
C00128,Chaitanya Sarin,Female,23,Patna,Bihar,East,2024-05-13
C00129,Zinal Yohannan,Female,32,Nagpur,Maharashtra,West,2022-04-17
C00130,Januja Sankar,Male,30,Delhi,Delhi,North,2022-03-05
C00131,Ganga Murthy,Male,26,Ranchi,Jharkhand,East,2022-11-09
C00132,Charita Tripathi,Male,47,Mumbai,Maharashtra,West,2025-03-01
C00133,Nilima Narain,Male,67,Lucknow,Uttar Pradesh,North,2022-12-10
C00134,Chakrika Datta,Male,37,Lucknow,Uttar Pradesh,North,2022-08-10
C00135,Osha Raghavan,Male,22,Surat,Gujarat,West,2024-03-23
C00136,Charvi Ravi,Female,61,Jaipur,Rajasthan,North,2022-07-28
C00137,Daksha Mangat,Male,40,Delhi,Delhi,North,2025-03-05
C00138,Qushi Nagy,Female,18,Ahmedabad,Gujarat,West,2022-05-22
C00139,Riya Sathe,Female,41,Guwahati,Assam,East,2022-08-05
C00140,Yasti Solanki,Male,45,Chandigarh,Chandigarh,North,2025-12-19
C00141,Frado Mander,Female,57,Hyderabad,Telangana,South,2025-08-25
C00142,Girik Keer,Female,45,Noida,Uttar Pradesh,North,2024-09-17
C00143,Umang Issac,Female,33,Ranchi,Jharkhand,East,2023-07-04
C00144,Aryan Batra,Female,33,Kolkata,West Bengal,East,2023-07-26
C00145,Vaishnavi Bora,Female,39,Noida,Uttar Pradesh,North,2025-06-03
C00146,Oeshi Hayer,Female,31,Kochi,Kerala,South,2023-01-08
C00147,Warda Ratta,Female,56,Ahmedabad,Gujarat,West,2023-11-29
C00148,Manbir Ahluwalia,Male,51,Lucknow,Uttar Pradesh,North,2025-02-12
C00149,Pavani Kanda,Female,49,Kolkata,West Bengal,East,2023-05-10
C00150,Zarna Shetty,Female,59,Pune,Maharashtra,West,2025-11-15
C00151,Zaid Dara,Male,36,Chandigarh,Chandigarh,North,2022-02-05
C00152,Kiaan Shetty,Female,48,Coimbatore,Tamil Nadu,South,2023-09-20
C00153,Saanvi Thaman,Female,40,Ahmedabad,Gujarat,West,2024-05-21
C00154,Sanaya Dutt,Female,32,Lucknow,Uttar Pradesh,North,2023-09-20
C00155,Shivani Lad,Male,65,Coimbatore,Tamil Nadu,South,2023-10-09
C00156,Aradhana Verma,Male,65,Pune,Maharashtra,West,2023-01-28
C00157,William Maharaj,Female,24,Nagpur,Maharashtra,West,2024-12-10
C00158,Faras Mangal,Female,29,Patna,Bihar,East,2023-04-11
C00159,Anita Nayak,Female,20,Nagpur,Maharashtra,West,2022-09-17
C00160,Faris Devi,Male,58,Ranchi,Jharkhand,East,2023-08-22
C00161,Vihaan Rajagopal,Male,54,Guwahati,Assam,East,2022-07-30
C00162,Tanish Bhatt,Female,29,Bengaluru,Karnataka,South,2024-06-21
C00163,Nikita Narayanan,Male,70,Patna,Bihar,East,2024-09-05
C00164,Ojasvi Bhatia,Male,27,Bengaluru,Karnataka,South,2022-06-01
C00165,Osha Ramachandran,Male,33,Hyderabad,Telangana,South,2023-09-15
C00166,Lajita Sood,Male,67,Bengaluru,Karnataka,South,2025-05-26
C00167,Indira Misra,Female,55,Surat,Gujarat,West,2024-06-25
C00168,Oni Yohannan,Male,57,Patna,Bihar,East,2025-03-10
C00169,Vinaya Kanda,Male,34,Kolkata,West Bengal,East,2023-03-02
C00170,Rajata Sunder,Male,53,Jaipur,Rajasthan,North,2023-05-07
C00171,Lopa Nayar,Female,62,Chennai,Tamil Nadu,South,2024-04-16
C00172,Noah Sibal,Male,36,Lucknow,Uttar Pradesh,North,2022-03-08
C00173,Avi Ramesh,Male,34,Chandigarh,Chandigarh,North,2022-05-26
C00174,Fiyaz Sangha,Male,45,Noida,Uttar Pradesh,North,2025-09-16
C00175,Triya Gopal,Male,35,Coimbatore,Tamil Nadu,South,2025-08-19
C00176,Abha Raghavan,Male,68,Kolkata,West Bengal,East,2022-05-03
C00177,Siddharth Sha,Female,25,Nagpur,Maharashtra,West,2023-08-15
C00178,Geetika Raghavan,Female,35,Ahmedabad,Gujarat,West,2025-12-04
C00179,Oviya Krishnan,Male,56,Surat,Gujarat,West,2024-06-15
C00180,Upma Bahl,Female,19,Bengaluru,Karnataka,South,2023-10-23
C00181,Inaya Kapur,Male,66,Hyderabad,Telangana,South,2025-04-17
C00182,Banjeet Balasubramanian,Male,66,Lucknow,Uttar Pradesh,North,2025-03-26
C00183,Ryan Bahri,Female,35,Chandigarh,Chandigarh,North,2024-11-28
C00184,William Date,Female,23,Hyderabad,Telangana,South,2024-06-11
C00185,Ishwar Kamdar,Female,60,Surat,Gujarat,West,2023-11-14
C00186,Aahana Pillay,Female,62,Coimbatore,Tamil Nadu,South,2023-11-07
C00187,Ishwar Gade,Male,47,Surat,Gujarat,West,2025-01-31
C00188,Hritik Bal,Male,67,Kochi,Kerala,South,2023-10-25
C00189,Keya Ranganathan,Female,44,Nagpur,Maharashtra,West,2022-01-03
C00190,Faqid Kibe,Female,58,Hyderabad,Telangana,South,2024-01-11
C00191,Charvi Dara,Female,53,Mumbai,Maharashtra,West,2023-02-21
C00192,Idika Walia,Female,25,Kochi,Kerala,South,2024-06-16
C00193,Kamala Biswas,Male,37,Hyderabad,Telangana,South,2023-05-06
C00194,Advik Salvi,Male,32,Nagpur,Maharashtra,West,2024-04-15
C00195,Hitesh Sant,Male,59,Kolkata,West Bengal,East,2024-08-03
C00196,Tripti Dua,Female,44,Guwahati,Assam,East,2023-08-21
C00197,Patrick Vig,Female,53,Guwahati,Assam,East,2023-05-15
C00198,Veda Shroff,Male,22,Coimbatore,Tamil Nadu,South,2025-05-12
C00199,Amrita Naidu,Female,70,Bengaluru,Karnataka,South,2023-11-28
C00200,Gabriel Mallick,Female,27,Kochi,Kerala,South,2025-04-17
C00201,Yagnesh Shetty,Female,53,Surat,Gujarat,West,2023-12-08
C00202,Gayathri Balakrishnan,Female,30,Chandigarh,Chandigarh,North,2024-07-21
C00203,Ekta Gopal,Female,32,Bhubaneswar,Odisha,East,2025-03-17
C00204,Simon Pant,Female,65,Guwahati,Assam,East,2022-03-31
C00205,Harini Mammen,Male,49,Surat,Gujarat,West,2024-03-01
C00206,Advaith Varughese,Female,24,Bhubaneswar,Odisha,East,2024-10-25
C00207,Frederick Khurana,Female,18,Guwahati,Assam,East,2022-07-24
C00208,Vrinda Khosla,Male,22,Chandigarh,Chandigarh,North,2025-09-02
C00209,Vritti Sem,Female,59,Ahmedabad,Gujarat,West,2023-11-25
C00210,Girik Menon,Female,38,Kochi,Kerala,South,2025-10-13
C00211,Nidhi Kohli,Male,57,Chandigarh,Chandigarh,North,2025-01-13
C00212,Jyoti Solanki,Male,45,Kochi,Kerala,South,2023-04-11
C00213,Pavani Narayanan,Male,62,Kolkata,West Bengal,East,2024-06-27
C00214,Sudiksha Madan,Female,68,Chennai,Tamil Nadu,South,2022-04-05
C00215,Zayan Kashyap,Female,27,Kochi,Kerala,South,2024-02-07
C00216,Reyansh Mutti,Male,28,Bengaluru,Karnataka,South,2025-03-05
C00217,Qasim Handa,Male,49,Hyderabad,Telangana,South,2024-02-23
C00218,Veda Malhotra,Female,58,Bhubaneswar,Odisha,East,2023-04-21
C00219,Harish Hari,Male,69,Kochi,Kerala,South,2025-09-27
C00220,Utkarsh Patel,Male,22,Ahmedabad,Gujarat,West,2025-10-19
C00221,Chasmum Atwal,Female,58,Ahmedabad,Gujarat,West,2025-04-18
C00222,Anusha Bath,Female,30,Patna,Bihar,East,2024-07-24
C00223,Brinda Date,Male,42,Guwahati,Assam,East,2022-08-07
C00224,Harshil Arora,Female,19,Nagpur,Maharashtra,West,2023-08-29
C00225,Upasna Srinivas,Male,54,Guwahati,Assam,East,2023-07-17
C00226,Harini Gour,Female,36,Kolkata,West Bengal,East,2025-05-26
C00227,Zayyan Sridhar,Female,32,Jaipur,Rajasthan,North,2025-05-28
C00228,Dhruv Rattan,Male,58,Noida,Uttar Pradesh,North,2023-05-29
C00229,Ethan Bera,Female,20,Chennai,Tamil Nadu,South,2023-09-25
C00230,Manthan Modi,Female,38,Pune,Maharashtra,West,2022-07-04
C00231,Yuvraj Dani,Male,68,Jaipur,Rajasthan,North,2023-02-16
C00232,Upkaar Virk,Female,28,Ahmedabad,Gujarat,West,2024-12-23
C00233,Shravya Savant,Female,69,Bengaluru,Karnataka,South,2023-08-28
C00234,Pushti Mody,Male,61,Chennai,Tamil Nadu,South,2022-10-16
C00235,Hardik Johal,Female,23,Chandigarh,Chandigarh,North,2025-02-15
C00236,Aishani Bumb,Male,47,Delhi,Delhi,North,2023-06-26
C00237,Wriddhish Ghose,Female,70,Ahmedabad,Gujarat,West,2025-04-12
C00238,Naksh Agate,Male,48,Lucknow,Uttar Pradesh,North,2022-08-10
C00239,Shravya Singhal,Male,59,Hyderabad,Telangana,South,2023-11-03
C00240,Bachittar Kata,Female,59,Bengaluru,Karnataka,South,2025-12-06
C00241,Barkha Setty,Male,37,Pune,Maharashtra,West,2022-04-03
C00242,Vivaan Lalla,Male,52,Kolkata,West Bengal,East,2022-07-19
C00243,Pavani Contractor,Female,55,Bengaluru,Karnataka,South,2024-01-30
C00244,Manthan Lata,Male,49,Jaipur,Rajasthan,North,2024-04-29
C00245,Ekbal Bhasin,Female,31,Lucknow,Uttar Pradesh,North,2022-03-09
C00246,Damyanti Mani,Male,61,Pune,Maharashtra,West,2024-01-13
C00247,Jeet Sidhu,Female,35,Ahmedabad,Gujarat,West,2022-05-05
C00248,Neha Magar,Male,60,Chennai,Tamil Nadu,South,2024-07-20
C00249,Raksha Buch,Male,68,Hyderabad,Telangana,South,2022-02-13
C00250,Rachana Naidu,Male,22,Pune,Maharashtra,West,2025-03-02
C00251,Atharv Chand,Male,70,Ranchi,Jharkhand,East,2023-03-01
C00252,Ansh Luthra,Male,35,Patna,Bihar,East,2022-10-30
C00253,Parth Singhal,Female,69,Bhubaneswar,Odisha,East,2022-09-24
C00254,Arunima Golla,Male,40,Chennai,Tamil Nadu,South,2022-09-27
C00255,Vyanjana Chand,Female,19,Jaipur,Rajasthan,North,2025-04-20
C00256,Ijaya Rege,Female,51,Chennai,Tamil Nadu,South,2022-09-17
C00257,Ekani Cheema,Female,67,Chennai,Tamil Nadu,South,2024-09-02
C00258,Forum Sabharwal,Female,50,Nagpur,Maharashtra,West,2022-08-12
C00259,Bhavya Rattan,Female,47,Hyderabad,Telangana,South,2022-03-30
C00260,Suhani Chakrabarti,Female,43,Delhi,Delhi,North,2022-05-05
C00261,Zayyan Naik,Female,22,Mumbai,Maharashtra,West,2024-10-01
C00262,Netra Varkey,Male,22,Patna,Bihar,East,2025-05-30
C00263,Turvi Sachdev,Female,42,Hyderabad,Telangana,South,2025-07-20
C00264,Raghav Vasa,Female,50,Ranchi,Jharkhand,East,2023-08-27
C00265,Wishi Sathe,Male,59,Delhi,Delhi,North,2025-12-08
C00266,Samar Loke,Female,46,Noida,Uttar Pradesh,North,2023-03-17
C00267,Bhavna Sarma,Female,43,Guwahati,Assam,East,2023-11-26
C00268,Jairaj Balakrishnan,Female,38,Mumbai,Maharashtra,West,2023-10-03
C00269,Nathan Mukhopadhyay,Female,22,Lucknow,Uttar Pradesh,North,2022-11-09
C00270,Nikita Chander,Female,24,Chennai,Tamil Nadu,South,2022-07-10
C00271,Ishaan Shenoy,Male,55,Lucknow,Uttar Pradesh,North,2022-09-24
C00272,Mitesh Tara,Male,44,Ranchi,Jharkhand,East,2023-11-07
C00273,Yashodhara Mahajan,Female,56,Surat,Gujarat,West,2022-04-16
C00274,Vasudha Sodhi,Male,27,Mumbai,Maharashtra,West,2025-03-29
C00275,Tanmayi Dhillon,Female,53,Jaipur,Rajasthan,North,2022-08-10
C00276,Rayaan Trivedi,Male,69,Ahmedabad,Gujarat,West,2025-03-21
C00277,Ekaraj Majumdar,Male,56,Nagpur,Maharashtra,West,2025-06-27
C00278,Harini Tripathi,Male,35,Patna,Bihar,East,2022-03-01
C00279,Aarnav Mandal,Female,18,Lucknow,Uttar Pradesh,North,2023-11-27
C00280,Vrishti Dixit,Female,22,Coimbatore,Tamil Nadu,South,2025-03-05
C00281,Veda Pai,Male,42,Chennai,Tamil Nadu,South,2022-07-07
C00282,Krishna Shah,Female,37,Ahmedabad,Gujarat,West,2022-11-19
C00283,Ranbir Khare,Male,21,Noida,Uttar Pradesh,North,2025-05-06
C00284,Vivaan Roy,Male,35,Hyderabad,Telangana,South,2022-04-12
C00285,Eesha Solanki,Female,44,Surat,Gujarat,West,2024-09-21
C00286,Libni Doshi,Female,45,Hyderabad,Telangana,South,2022-08-22
C00287,Balhaar Date,Female,20,Hyderabad,Telangana,South,2024-09-23
C00288,Harish Sarraf,Male,31,Hyderabad,Telangana,South,2022-04-23
C00289,Tanmayi Aurora,Female,36,Pune,Maharashtra,West,2022-10-09
C00290,Nimrat Dubey,Female,29,Mumbai,Maharashtra,West,2024-10-15
C00291,Upasna Lanka,Male,50,Hyderabad,Telangana,South,2025-12-12
C00292,Mitali Buch,Female,65,Ahmedabad,Gujarat,West,2022-05-28
C00293,Lajita Nadig,Male,38,Chennai,Tamil Nadu,South,2024-07-30
C00294,Balendra Biswas,Female,36,Nagpur,Maharashtra,West,2024-04-08
C00295,Bhavna Karan,Male,69,Chennai,Tamil Nadu,South,2023-10-28
C00296,Radha Chaudhari,Female,23,Guwahati,Assam,East,2025-11-13
C00297,Sachi Ganesan,Female,55,Mumbai,Maharashtra,West,2023-05-14
C00298,Ayush Batra,Female,65,Mumbai,Maharashtra,West,2024-03-21
C00299,Daksh Memon,Male,50,Ahmedabad,Gujarat,West,2022-12-11
C00300,Kavya Sankar,Male,67,Noida,Uttar Pradesh,North,2024-11-10
C00301,Yash Wali,Male,27,Pune,Maharashtra,West,2023-04-29
C00302,Pranit Garde,Male,66,Coimbatore,Tamil Nadu,South,2025-05-18
C00303,Farhan Raja,Female,47,Delhi,Delhi,North,2022-12-29
C00304,Widisha Dhar,Female,58,Noida,Uttar Pradesh,North,2024-07-08
C00305,Triya Kumar,Female,46,Surat,Gujarat,West,2022-05-20
C00306,Aadhya Andra,Male,40,Lucknow,Uttar Pradesh,North,2025-04-26
C00307,Bhavna Dugar,Female,20,Ahmedabad,Gujarat,West,2024-08-03
C00308,Riya Pai,Male,57,Kochi,Kerala,South,2022-06-07
C00309,Panini Krishna,Male,46,Chandigarh,Chandigarh,North,2024-08-05
C00310,Chasmum Issac,Male,38,Ranchi,Jharkhand,East,2025-08-27
C00311,Vasudha Chhabra,Male,46,Noida,Uttar Pradesh,North,2022-11-05
C00312,Lakshmi Parmer,Male,20,Kochi,Kerala,South,2022-06-22
C00313,Chakrika Bains,Male,41,Unknown,Karnataka,South,2024-06-18
C00314,Anvi Anand,Female,67,Ahmedabad,Gujarat,West,2024-03-04
C00315,Watika Mangat,Female,22,Nagpur,Maharashtra,West,2022-04-18
C00316,Indira Kanda,Female,36,Nagpur,Maharashtra,West,2025-10-21
C00317,Zashil Devan,Female,23,Hyderabad,Telangana,South,2022-11-04
C00318,Balveer More,Female,59,Jaipur,Rajasthan,North,2023-12-18
C00319,Bahadurjit Patla,Male,37,Chandigarh,Chandigarh,North,2022-09-22
C00320,Gautam Merchant,Male,59,Ahmedabad,Gujarat,West,2022-09-19
C00321,Ojasvi Gill,Male,41,Noida,Uttar Pradesh,North,2024-01-12
C00322,Kevin Zacharia,Female,30,Pune,Maharashtra,West,2023-12-01
C00323,Yachana Mahajan,Male,36,Coimbatore,Tamil Nadu,South,2022-11-14
C00324,Aarini Subramaniam,Male,60,Kolkata,West Bengal,East,2024-11-05
C00325,Hamsini Contractor,Female,27,Nagpur,Maharashtra,West,2022-09-26
C00326,Faqid Dhaliwal,Female,20,Hyderabad,Telangana,South,2022-12-06
C00327,Mekhala Pau,Female,66,Pune,Maharashtra,West,2024-06-28
C00328,Megha Atwal,Male,37,Chandigarh,Chandigarh,North,2023-04-25
C00329,Jatin Sha,Female,61,Guwahati,Assam,East,2023-02-02
C00330,Adweta Raj,Female,67,Guwahati,Assam,East,2024-08-03
C00331,Hritik Kaur,Male,70,Nagpur,Maharashtra,West,2024-05-07
C00332,Aryan Narang,Female,21,Hyderabad,Telangana,South,2022-10-11
C00333,Dev Shetty,Male,63,Lucknow,Uttar Pradesh,North,2025-02-09
C00334,Nilima Dada,Male,66,Kolkata,West Bengal,East,2023-08-07
C00335,Chakradev Barad,Male,45,Bengaluru,Karnataka,South,2024-11-17
C00336,Waida D’Alia,Female,19,Coimbatore,Tamil Nadu,South,2024-07-12
C00337,Wahab Yogi,Female,33,Surat,Gujarat,West,2024-10-25
C00338,Lipika Setty,Male,19,Mumbai,Maharashtra,West,2024-02-07
C00339,Oni Dubey,Female,68,Mumbai,Maharashtra,West,2025-08-24
C00340,Hardik Suri,Female,62,Chennai,Tamil Nadu,South,2023-08-11
C00341,Ati Bali,Male,23,Guwahati,Assam,East,2024-07-07
C00342,Teerth Sawhney,Female,25,Coimbatore,Tamil Nadu,South,2022-11-03
C00343,Warinder Patil,Male,21,Jaipur,Rajasthan,North,2023-09-09
C00344,Jhalak Parmer,Male,25,Hyderabad,Telangana,South,2024-07-25
C00345,Mitali Majumdar,Male,58,Guwahati,Assam,East,2025-05-07
C00346,Jason Sha,Female,45,Pune,Maharashtra,West,2022-10-22
C00347,Simon Bail,Female,29,Kochi,Kerala,South,2023-05-08
C00348,Gauri Kohli,Female,22,Delhi,Delhi,North,2024-12-08
C00349,Samesh Biswas,Male,42,Ranchi,Jharkhand,East,2024-11-05
C00350,Tarak Kaul,Female,41,Kolkata,West Bengal,East,2025-07-25
C00351,Manbir Agate,Male,40,Chennai,Tamil Nadu,South,2024-01-02
C00352,Maanav De,Female,26,Chennai,Tamil Nadu,South,2025-04-06
C00353,Owen Choudhary,Male,67,Hyderabad,Telangana,South,2023-11-25
C00354,Karan Aurora,Male,69,Chandigarh,Chandigarh,North,2025-07-17
C00355,Wazir Naik,Female,30,Bengaluru,Karnataka,South,2022-03-17
C00356,Owen Lanka,Female,37,Coimbatore,Tamil Nadu,South,2022-03-27
C00357,Jonathan Sama,Female,20,Nagpur,Maharashtra,West,2024-08-27
C00358,Devansh Soni,Female,67,Jaipur,Rajasthan,North,2023-08-09
C00359,Janaki Varghese,Male,69,Kochi,Kerala,South,2023-07-14
C00360,Siya Thakur,Female,39,Surat,Gujarat,West,2024-06-19
C00361,Caleb Verma,Female,41,Guwahati,Assam,East,2025-11-18
C00362,Tara Balasubramanian,Male,64,Ranchi,Jharkhand,East,2023-07-01
C00363,Varenya Ratti,Male,52,Surat,Gujarat,West,2025-05-18
C00364,Hritik Swaminathan,Female,60,Chennai,Tamil Nadu,South,2022-06-13
C00365,Ethan Buch,Female,28,Bengaluru,Karnataka,South,2025-05-19
C00366,Manbir Bhatti,Male,64,Lucknow,Uttar Pradesh,North,2024-07-04
C00367,Anvi Nair,Female,35,Patna,Bihar,East,2025-06-13
C00368,Chaitaly Setty,Female,41,Delhi,Delhi,North,2022-06-03
C00369,Hardik Contractor,Male,56,Pune,Maharashtra,West,2022-03-05
C00370,Qushi Seth,Male,22,Chandigarh,Chandigarh,North,2022-03-13
C00371,Odika Nori,Female,54,Kochi,Kerala,South,2024-01-12
C00372,Mohini Sagar,Female,41,Coimbatore,Tamil Nadu,South,2025-10-22
C00373,Dhriti Sane,Male,51,Mumbai,Maharashtra,West,2025-03-21
C00374,Aadhya Prasad,Female,33,Ahmedabad,Gujarat,West,2025-08-23
C00375,Urvi Bhavsar,Female,51,Kolkata,West Bengal,East,2023-01-17
C00376,Frederick Chander,Female,67,Nagpur,Maharashtra,West,2022-08-30
C00377,Gopal Pradhan,Female,62,Bengaluru,Karnataka,South,2023-03-16
C00378,Darpan Narayan,Male,26,Guwahati,Assam,East,2023-02-14
C00379,Nirja Pandya,Female,23,Guwahati,Assam,East,2022-12-20
C00380,Charan Mani,Female,63,Lucknow,Uttar Pradesh,North,2025-09-29
C00381,Indira Chawla,Female,28,Hyderabad,Telangana,South,2023-08-18
C00382,Mohammed Subramaniam,Male,25,Jaipur,Rajasthan,North,2024-01-11
C00383,Hritik Palla,Female,19,Bhubaneswar,Odisha,East,2023-04-30
C00384,Ishwar Mallick,Female,69,Nagpur,Maharashtra,West,2024-01-26
C00385,Pushti Bal,Male,22,Bhubaneswar,Odisha,East,2025-06-07
C00386,Ayush Gole,Female,67,Surat,Gujarat,West,2024-12-12
C00387,Dayamai Nori,Male,38,Nagpur,Maharashtra,West,2022-06-01
C00388,Abeer Golla,Female,26,Chandigarh,Chandigarh,North,2024-08-12
C00389,Nandini Boase,Male,67,Ranchi,Jharkhand,East,2025-08-03
C00390,Azaan Chand,Male,25,Guwahati,Assam,East,2024-10-26
C00391,Krisha Saini,Male,38,Ahmedabad,Gujarat,West,2022-12-04
C00392,Harita Dugar,Female,23,Bhubaneswar,Odisha,East,2023-12-10
C00393,Devika Nair,Male,58,Hyderabad,Telangana,South,2023-07-17
C00394,Charles Dugal,Male,55,Nagpur,Maharashtra,West,2022-07-11
C00395,Chandran Bumb,Female,54,Bhubaneswar,Odisha,East,2022-12-17
C00396,Saanvi Samra,Male,59,Chennai,Tamil Nadu,South,2022-06-16
C00397,Riya Sachdeva,Male,67,Lucknow,Uttar Pradesh,North,2025-08-26
C00398,Tanveer Vala,Male,49,Nagpur,Maharashtra,West,2025-08-01
C00399,Hemani Sani,Female,48,Ranchi,Jharkhand,East,2023-08-17
C00400,Bhanumati Sur,Female,22,Bengaluru,Karnataka,South,2023-09-02
C00401,Chakradev Kannan,Female,48,Jaipur,Rajasthan,North,2024-06-19
C00402,Christopher Amble,Male,38,Ahmedabad,Gujarat,West,2025-05-27
C00403,Charvi Kakar,Female,26,Patna,Bihar,East,2023-12-09
C00404,Aadhya Mann,Male,38,Noida,Uttar Pradesh,North,2025-02-24
C00405,Jagdish Amble,Female,33,Chennai,Tamil Nadu,South,2023-07-02
C00406,Qushi Gill,Female,57,Chennai,Tamil Nadu,South,2023-08-18
C00407,Lajita Walia,Female,30,Pune,Maharashtra,West,2023-11-02
C00408,Xiti Pandya,Female,49,Chandigarh,Chandigarh,North,2024-11-20
C00409,Mekhala Basak,Male,43,Guwahati,Assam,East,2022-02-17
C00410,Anirudh Sharaf,Female,21,Pune,Maharashtra,West,2023-03-17
C00411,Dhriti Sanghvi,Female,36,Bengaluru,Karnataka,South,2025-05-08
C00412,Omisha Mann,Male,34,Mumbai,Maharashtra,West,2024-06-01
C00413,Nidhi Bail,Male,43,Chandigarh,Chandigarh,North,2024-01-20
C00414,Onveer Sharma,Female,53,Hyderabad,Telangana,South,2023-02-03
C00415,Gaurang Sarkar,Female,66,Bengaluru,Karnataka,South,2024-10-29
C00416,Yagnesh Sarin,Male,26,Nagpur,Maharashtra,West,2025-10-25
C00417,Farhan Randhawa,Female,53,Guwahati,Assam,East,2024-02-04
C00418,Harinakshi Kant,Female,50,Bhubaneswar,Odisha,East,2023-02-12
C00419,Om Bose,Female,69,Chennai,Tamil Nadu,South,2022-10-08
C00420,Yashvi Hari,Male,38,Surat,Gujarat,West,2022-11-02
C00421,Indali Divan,Female,57,Patna,Bihar,East,2022-11-29
C00422,Harshil Dhingra,Female,50,Lucknow,Uttar Pradesh,North,2025-04-30
C00423,Rudra Ghose,Female,48,Ranchi,Jharkhand,East,2024-09-30
C00424,Faqid Goel,Male,44,Lucknow,Uttar Pradesh,North,2023-11-10
C00425,Ucchal Sen,Female,34,Delhi,Delhi,North,2025-05-07
C00426,Diya Dora,Male,64,Ranchi,Jharkhand,East,2025-03-28
C00427,Ekansh Singh,Female,27,Bengaluru,Karnataka,South,2022-12-16
C00428,Chavvi Maharaj,Male,30,Bhubaneswar,Odisha,East,2022-03-06
C00429,Indira Tripathi,Male,44,Kochi,Kerala,South,2024-05-07
C00430,Dayita Shenoy,Female,65,Chandigarh,Chandigarh,North,2024-10-24
C00431,Baljiwan Bhandari,Male,53,Jaipur,Rajasthan,North,2024-11-28
C00432,Bhavini Bose,Female,38,Surat,Gujarat,West,2024-12-12
C00433,Yashica Rajagopalan,Female,52,Guwahati,Assam,East,2024-12-27
C00434,Benjamin Sengupta,Female,30,Ahmedabad,Gujarat,West,2025-06-03
C00435,Ekanta Soni,Female,32,Patna,Bihar,East,2025-02-16
C00436,David Seshadri,Male,62,Patna,Bihar,East,2023-08-15
C00437,Hemal Chad,Female,53,Lucknow,Uttar Pradesh,North,2024-09-09
C00438,Balveer Kota,Male,54,Patna,Bihar,East,2023-08-13
C00439,Reva Viswanathan,Female,67,Chandigarh,Chandigarh,North,2024-03-19
C00440,Januja Pradhan,Female,63,Lucknow,Uttar Pradesh,North,2022-03-28
C00441,Lila Rege,Female,65,Bengaluru,Karnataka,South,2025-09-05
C00442,Charles Natt,Female,53,Pune,Maharashtra,West,2025-01-08
C00443,Forum Chandra,Male,33,Jaipur,Rajasthan,North,2022-08-12
C00444,Bhanumati Krishnan,Male,21,Hyderabad,Telangana,South,2023-04-08
C00445,Gauri Bumb,Male,61,Kochi,Kerala,South,2024-08-25
C00446,Inaya Mukherjee,Male,44,Delhi,Delhi,North,2025-02-01
C00447,Kai Chad,Male,66,Chandigarh,Chandigarh,North,2024-09-04
C00448,Krisha Narasimhan,Male,67,Patna,Bihar,East,2023-08-08
C00449,Girik Sampath,Male,29,Hyderabad,Telangana,South,2023-04-21
C00450,Andrew Patil,Female,68,Pune,Maharashtra,West,2022-03-16
C00451,Pranit Kala,Male,37,Ahmedabad,Gujarat,West,2022-03-18
C00452,Vedika Handa,Female,47,Mumbai,Maharashtra,West,2023-11-18
C00453,Laksh Dubey,Female,26,Ranchi,Jharkhand,East,2024-12-09
C00454,Chakrika Chaudhuri,Male,69,Guwahati,Assam,East,2023-07-13
C00455,Gayathri Deep,Female,63,Coimbatore,Tamil Nadu,South,2024-07-28
C00456,Mitesh Gaba,Male,29,Kochi,Kerala,South,2023-08-28
C00457,Noah Sarma,Female,23,Chandigarh,Chandigarh,North,2024-05-25
C00458,Nirja Patla,Male,48,Mumbai,Maharashtra,West,2023-01-14
C00459,Sachi Mane,Female,42,Pune,Maharashtra,West,2022-01-14
C00460,Vivaan Walla,Female,55,Kochi,Kerala,South,2023-11-07
C00461,Dayamai Singh,Female,62,Delhi,Delhi,North,2023-06-20
C00462,Jhalak Sastry,Female,28,Chennai,Tamil Nadu,South,2024-08-11
C00463,Baghyawati Raja,Female,62,Nagpur,Maharashtra,West,2025-12-11
C00464,Neel Iyengar,Male,32,Kochi,Kerala,South,2024-01-23
C00465,Zashil Ben,Female,65,Guwahati,Assam,East,2022-11-10
C00466,Kamya Chauhan,Female,66,Patna,Bihar,East,2024-05-01
C00467,Bhavani Chacko,Male,51,Pune,Maharashtra,West,2023-05-22
C00468,Anjali Sengupta,Male,21,Ahmedabad,Gujarat,West,2022-06-09
C00469,Rajeshri Chand,Male,28,Ranchi,Jharkhand,East,2023-02-19
C00470,Shravya Palla,Male,61,Nagpur,Maharashtra,West,2024-06-23
C00471,Oeshi Bera,Male,50,Hyderabad,Telangana,South,2024-09-28
C00472,Yadavi Prakash,Male,50,Mumbai,Maharashtra,West,2024-07-17
C00473,Libni Bumb,Female,61,Nagpur,Maharashtra,West,2022-04-29
C00474,Udarsh Bala,Female,70,Delhi,Delhi,North,2024-03-21
C00475,Hardik Nayak,Male,20,Coimbatore,Tamil Nadu,South,2025-03-30
C00476,Laksh Barad,Male,22,Mumbai,Maharashtra,West,2025-01-13
C00477,Urmi Dewan,Female,44,Guwahati,Assam,East,2022-03-06
C00478,Saumya Ahluwalia,Female,41,Coimbatore,Tamil Nadu,South,2025-08-06
C00479,Anirudh Kunda,Female,42,Guwahati,Assam,East,2024-07-07
C00480,Mason Wable,Female,25,Hyderabad,Telangana,South,2022-09-30
C00481,Indrajit Mani,Male,64,Hyderabad,Telangana,South,2024-03-15
C00482,Charvi Dara,Female,47,Kolkata,West Bengal,East,2022-02-16
C00483,William Saini,Female,70,Noida,Uttar Pradesh,North,2024-05-18
C00484,Dev Choudhry,Male,35,Bengaluru,Karnataka,South,2023-12-10
C00485,Amol Varma,Female,57,Chennai,Tamil Nadu,South,2022-03-07
C00486,Maanas Manne,Male,22,Delhi,Delhi,North,2023-05-08
C00487,Aarav Pandit,Male,33,Chennai,Tamil Nadu,South,2024-07-03
C00488,Omaja Grover,Male,52,Chandigarh,Chandigarh,North,2024-06-17
C00489,Jalsa Bir,Female,32,Chennai,Tamil Nadu,South,2022-10-14
C00490,Madhavi Singhal,Female,33,Noida,Uttar Pradesh,North,2023-10-16
C00491,Lila Prakash,Male,44,Pune,Maharashtra,West,2025-09-14
C00492,Amol Parikh,Male,58,Mumbai,Maharashtra,West,2025-02-14
C00493,Hemani Khosla,Male,40,Noida,Uttar Pradesh,North,2024-10-12
C00494,Gaurangi Deol,Female,62,Guwahati,Assam,East,2024-12-10
C00495,Indira Nigam,Female,29,Pune,Maharashtra,West,2023-09-07
C00496,Ucchal Srinivas,Male,37,Chandigarh,Chandigarh,North,2023-05-09
C00497,Krishna Bhatnagar,Male,53,Bhubaneswar,Odisha,East,2024-08-06
C00498,Balhaar Memon,Male,42,Surat,Gujarat,West,2025-02-15
C00499,Caleb Iyengar,Male,46,Coimbatore,Tamil Nadu,South,2023-11-08
C00500,Diya Mukherjee,Male,21,Kolkata,West Bengal,East,2025-01-01
C00501,Urvashi Kulkarni,Male,22,Hyderabad,Telangana,South,2025-05-19
C00502,Rayaan Mangal,Male,48,Hyderabad,Telangana,South,2025-10-07
C00503,Champak Narula,Male,31,Kochi,Kerala,South,2023-09-13
C00504,Jeet Pillai,Male,62,Kolkata,West Bengal,East,2024-09-07
C00505,Mugdha Sarraf,Male,53,Jaipur,Rajasthan,North,2024-03-23
C00506,Harinakshi Grover,Female,52,Ahmedabad,Gujarat,West,2024-02-19
C00507,Widisha Pillai,Female,50,Lucknow,Uttar Pradesh,North,2023-06-20
C00508,Fitan Samra,Female,66,Unknown,Assam,East,2022-07-21
C00509,Qushi Gole,Female,44,Bhubaneswar,Odisha,East,2024-01-30
C00510,Ekani Chauhan,Male,34,Coimbatore,Tamil Nadu,South,2022-10-26
C00511,Falak Merchant,Female,36,Nagpur,Maharashtra,West,2025-04-01
C00512,Sanaya Sandhu,Female,54,Kochi,Kerala,South,2023-04-17
C00513,Sachi Panchal,Female,34,Guwahati,Assam,East,2025-02-01
C00514,Brijesh Pandit,Female,47,Chandigarh,Chandigarh,North,2025-08-07
C00515,Anvi Bhandari,Male,64,Kochi,Kerala,South,2022-12-13
C00516,Nidra Patla,Male,51,Pune,Maharashtra,West,2025-01-15
C00517,Azaan Dhar,Male,66,Chennai,Tamil Nadu,South,2025-09-30
C00518,Bakhshi Date,Male,22,Coimbatore,Tamil Nadu,South,2025-07-15
C00519,Warinder Peri,Female,41,Delhi,Delhi,North,2023-03-24
C00520,Leela Bali,Female,19,Hyderabad,Telangana,South,2024-09-16
C00521,Shivani Prabhakar,Male,19,Hyderabad,Telangana,South,2024-04-22
C00522,Sachi Bose,Female,19,Ahmedabad,Gujarat,West,2025-01-02
C00523,Jeevika Rao,Male,24,Surat,Gujarat,West,2023-01-03
C00524,Arya Krish,Female,70,Pune,Maharashtra,West,2023-01-29
C00525,Atharv Grewal,Female,43,Surat,Gujarat,West,2022-06-11
C00526,Zarna Ram,Male,37,Pune,Maharashtra,West,2025-11-28
C00527,Adweta Lad,Male,23,Delhi,Delhi,North,2025-08-31
C00528,Tanish Mangal,Female,21,Surat,Gujarat,West,2025-02-05
C00529,Ryan Das,Female,45,Jaipur,Rajasthan,North,2022-06-19
C00530,Ethan Seth,Male,51,Lucknow,Uttar Pradesh,North,2025-03-04
C00531,Sai Chahal,Female,35,Bhubaneswar,Odisha,East,2023-03-09
C00532,Idika Bhattacharyya,Female,52,Chennai,Tamil Nadu,South,2025-11-02
C00533,Charita Dugar,Female,19,Mumbai,Maharashtra,West,2023-01-03
C00534,Janaki Trivedi,Female,22,Ranchi,Jharkhand,East,2022-10-23
C00535,Jairaj Iyer,Female,61,Hyderabad,Telangana,South,2023-05-08
C00536,Warjas Tak,Male,68,Patna,Bihar,East,2024-02-26
C00537,Jalsa Pillay,Female,21,Kolkata,West Bengal,East,2024-10-22
C00538,Kai Chadha,Female,56,Coimbatore,Tamil Nadu,South,2022-06-05
C00539,Dayamai Rao,Female,19,Noida,Uttar Pradesh,North,2024-03-23
C00540,Nirja Rout,Male,40,Chandigarh,Chandigarh,North,2024-10-01
C00541,Jeremiah Nadig,Male,61,Surat,Gujarat,West,2024-06-03
C00542,Shivani Shukla,Female,69,Chandigarh,Chandigarh,North,2022-06-25
C00543,Kabir Gopal,Female,27,Chennai,Tamil Nadu,South,2022-06-18
C00544,Rachita Thakkar,Female,41,Pune,Maharashtra,West,2024-03-08
C00545,Jeet Vasa,Female,41,Chennai,Tamil Nadu,South,2023-09-24
C00546,Daksha Gala,Male,29,Delhi,Delhi,North,2022-09-29
C00547,Ekantika Kar,Female,24,Nagpur,Maharashtra,West,2025-02-10
C00548,Zilmil Mander,Male,56,Kochi,Kerala,South,2025-02-09
C00549,Zashil Hegde,Male,36,Lucknow,Uttar Pradesh,North,2024-02-28
C00550,Jeremiah Mitter,Male,54,Mumbai,Maharashtra,West,2025-02-19
C00551,Yadavi Ganguly,Male,35,Surat,Gujarat,West,2022-12-14
C00552,Onveer Nazareth,Male,28,Surat,Gujarat,West,2022-10-26
C00553,Ayush Bumb,Female,68,Surat,Gujarat,West,2023-09-06
C00554,Alka Kade,Female,56,Kochi,Kerala,South,2023-05-21
C00555,Azaan Tank,Male,37,Chandigarh,Chandigarh,North,2022-08-08
C00556,Chasmum Subramanian,Female,69,Bengaluru,Karnataka,South,2023-11-12
C00557,Nidra Mishra,Female,70,Guwahati,Assam,East,2023-11-17
C00558,Elijah Bhasin,Female,38,Ranchi,Jharkhand,East,2022-10-06
C00559,Ria Sagar,Female,29,Jaipur,Rajasthan,North,2024-09-08
C00560,Ucchal Jani,Female,54,Patna,Bihar,East,2023-08-20
C00561,Maanas Munshi,Female,70,Lucknow,Uttar Pradesh,North,2024-02-10
C00562,Hemani Rastogi,Male,55,Lucknow,Uttar Pradesh,North,2022-08-22
C00563,Kamala Varma,Male,64,Bhubaneswar,Odisha,East,2025-10-28
C00564,Eiravati Khurana,Female,62,Pune,Maharashtra,West,2024-06-16
C00565,Jason Loke,Female,26,Bengaluru,Karnataka,South,2025-10-10
C00566,Yug Dhaliwal,Male,63,Jaipur,Rajasthan,North,2023-06-02
C00567,Chandresh Mannan,Female,56,Surat,Gujarat,West,2022-06-01
C00568,Omya Kothari,Female,52,Surat,Gujarat,West,2024-12-30
C00569,Falak Munshi,Male,24,Kochi,Kerala,South,2025-12-07
C00570,Nathaniel Tara,Male,54,Lucknow,Uttar Pradesh,North,2022-12-07
C00571,Wishi Morar,Female,24,Guwahati,Assam,East,2023-11-11
C00572,Arin Chana,Male,46,Kochi,Kerala,South,2023-03-31
C00573,Yashasvi Shankar,Male,40,Surat,Gujarat,West,2025-10-23
C00574,Tanveer Pandit,Female,44,Guwahati,Assam,East,2022-08-03
C00575,Chandresh Manda,Male,40,Kolkata,West Bengal,East,2022-08-26
C00576,Upma Mangal,Female,40,Surat,Gujarat,West,2023-02-28
C00577,Hritik Sankar,Female,38,Surat,Gujarat,West,2025-11-27
C00578,Aishani Pau,Male,19,Chennai,Tamil Nadu,South,2025-12-26
C00579,Jasmit Bath,Male,65,Kolkata,West Bengal,East,2025-10-18
C00580,Charan Hayer,Male,39,Coimbatore,Tamil Nadu,South,2025-02-04
C00581,Bhavya Borah,Female,58,Surat,Gujarat,West,2023-04-20
C00582,Yamini Seshadri,Male,65,Bengaluru,Karnataka,South,2024-03-21
C00583,Jagat Dave,Female,42,Jaipur,Rajasthan,North,2024-07-09
C00584,Meera Prakash,Female,66,Coimbatore,Tamil Nadu,South,2023-02-26
C00585,Jasmit Dhawan,Male,69,Delhi,Delhi,North,2025-03-28
C00586,Yashodhara Ratti,Female,30,Bhubaneswar,Odisha,East,2024-01-20
C00587,Chakradev Barad,Female,51,Ahmedabad,Gujarat,West,2025-10-05
C00588,Gauri Som,Female,57,Patna,Bihar,East,2025-05-07
C00589,Manthan Varma,Female,47,Mumbai,Maharashtra,West,2023-12-14
C00590,Falak Nagar,Male,61,Lucknow,Uttar Pradesh,North,2025-06-12
C00591,Maya Mistry,Female,25,Chennai,Tamil Nadu,South,2023-05-04
C00592,Yashica Upadhyay,Female,44,Coimbatore,Tamil Nadu,South,2024-11-12
C00593,Chandani Soman,Female,29,Noida,Uttar Pradesh,North,2024-02-25
C00594,Jyoti Narula,Male,53,Nagpur,Maharashtra,West,2025-11-21
C00595,Omaja Morar,Male,38,Kochi,Kerala,South,2022-10-15
C00596,Urvi Lanka,Female,18,Ranchi,Jharkhand,East,2022-04-20
C00597,Charan Srinivasan,Female,44,Pune,Maharashtra,West,2024-02-26
C00598,Lajita Divan,Female,49,Chandigarh,Chandigarh,North,2025-12-25
C00599,Azad Choudhary,Male,36,Hyderabad,Telangana,South,2022-03-05
C00600,Anirudh Sastry,Female,28,Coimbatore,Tamil Nadu,South,2025-01-06
C00601,Omya Doshi,Male,54,Noida,Uttar Pradesh,North,2024-10-11
C00602,Samar Roy,Male,66,Hyderabad,Telangana,South,2024-01-22
C00603,David Devi,Female,24,Noida,Uttar Pradesh,North,2023-03-24
C00604,Ekta Sridhar,Male,46,Jaipur,Rajasthan,North,2023-09-02
C00605,Dipta Ghose,Male,67,Chennai,Tamil Nadu,South,2024-06-18
C00606,Hema Pandya,Female,63,Jaipur,Rajasthan,North,2025-04-19
C00607,Veda Handa,Male,68,Chandigarh,Chandigarh,North,2022-12-06
C00608,Arya Misra,Female,52,Coimbatore,Tamil Nadu,South,2022-05-02
C00609,Chameli Mani,Female,63,Hyderabad,Telangana,South,2022-12-11
C00610,Vrinda Nadig,Male,26,Hyderabad,Telangana,South,2023-07-02
C00611,Ikshita Mahal,Female,59,Guwahati,Assam,East,2022-05-02
C00612,Jairaj Raghavan,Male,63,Coimbatore,Tamil Nadu,South,2023-05-27
C00613,Hemani Dhingra,Female,49,Pune,Maharashtra,West,2025-10-16
C00614,Brijesh Mani,Female,42,Kochi,Kerala,South,2025-07-09
C00615,Hiral Sathe,Female,62,Mumbai,Maharashtra,West,2024-04-05
C00616,Varenya Kala,Female,38,Patna,Bihar,East,2024-07-20
C00617,Anika Magar,Female,22,Delhi,Delhi,North,2024-07-27
C00618,Ikbal Khatri,Female,70,Chandigarh,Chandigarh,North,2023-03-23
C00619,Chandresh Wali,Female,39,Kochi,Kerala,South,2023-10-24
C00620,Viraj Ben,Female,68,Pune,Maharashtra,West,2025-03-05
C00621,Odika Narayanan,Male,58,Mumbai,Maharashtra,West,2022-04-05
C00622,Harish Devan,Male,28,Chandigarh,Chandigarh,North,2022-02-03
C00623,Nakul Ray,Male,62,Mumbai,Maharashtra,West,2024-05-26
C00624,Vansha Iyengar,Female,23,Patna,Bihar,East,2022-11-22
C00625,Ekani Mangal,Female,60,Lucknow,Uttar Pradesh,North,2022-06-18
C00626,Gaurav Kata,Female,58,Bhubaneswar,Odisha,East,2022-04-17
C00627,Parth Sahni,Male,63,Pune,Maharashtra,West,2024-05-29
C00628,Balhaar Ranganathan,Male,26,Coimbatore,Tamil Nadu,South,2024-09-03
C00629,Quincy Mann,Female,18,Noida,Uttar Pradesh,North,2025-10-24
C00630,Aditya Misra,Female,62,Kochi,Kerala,South,2022-09-04
C00631,Gautami Mane,Female,23,Chennai,Tamil Nadu,South,2023-04-14
C00632,Wakeeta Desai,Female,41,Delhi,Delhi,North,2022-07-31
C00633,Anjali Hans,Male,59,Bhubaneswar,Odisha,East,2024-02-23
C00634,Ganga Gaba,Male,57,Bhubaneswar,Odisha,East,2022-05-21
C00635,Aarini Grewal,Male,58,Chandigarh,Chandigarh,North,2023-12-21
C00636,Geetika Merchant,Female,31,Chandigarh,Chandigarh,North,2025-06-15
C00637,Parth Ravi,Male,55,Chennai,Tamil Nadu,South,2022-10-14
C00638,Yutika Narang,Female,68,Lucknow,Uttar Pradesh,North,2024-05-29
C00639,Nandini Chandran,Male,33,Kochi,Kerala,South,2025-08-13
C00640,Logan Sood,Female,67,Nagpur,Maharashtra,West,2025-05-29
C00641,Yuvraj Ahuja,Female,31,Kolkata,West Bengal,East,2025-09-10
C00642,Leela Keer,Female,36,Nagpur,Maharashtra,West,2023-01-22
C00643,Amara Narayan,Female,25,Jaipur,Rajasthan,North,2024-10-10
C00644,Advay Lal,Male,41,Hyderabad,Telangana,South,2022-05-26
C00645,Warinder Bhatia,Female,41,Bhubaneswar,Odisha,East,2024-03-03
C00646,Udyati Mohanty,Male,19,Pune,Maharashtra,West,2024-08-22
C00647,Nidra Thakkar,Male,20,Delhi,Delhi,North,2023-06-21
C00648,Jacob Merchant,Female,58,Guwahati,Assam,East,2024-11-03
C00649,Timothy Kanda,Female,23,Chandigarh,Chandigarh,North,2024-05-17
C00650,Vanya Dua,Male,35,Noida,Uttar Pradesh,North,2025-06-15
C00651,Kashvi Sagar,Male,69,Chennai,Tamil Nadu,South,2024-11-13
C00652,Tejas Kota,Male,37,Kochi,Kerala,South,2024-03-11
C00653,Sanya Wable,Male,23,Jaipur,Rajasthan,North,2022-04-29
C00654,Faras Choudhury,Male,37,Kolkata,West Bengal,East,2024-07-17
C00655,Yashasvi Jain,Male,63,Jaipur,Rajasthan,North,2022-09-02
C00656,Nitesh Narang,Female,40,Chennai,Tamil Nadu,South,2022-12-02
C00657,Jackson Jha,Female,26,Ahmedabad,Gujarat,West,2022-12-08
C00658,Gavin Uppal,Male,39,Lucknow,Uttar Pradesh,North,2022-08-30
C00659,Christopher Setty,Male,34,Lucknow,Uttar Pradesh,North,2024-12-08
C00660,Yochana Sagar,Male,49,Noida,Uttar Pradesh,North,2025-07-09
C00661,Dalbir Shere,Female,54,Ahmedabad,Gujarat,West,2022-04-24
C00662,Anthony Randhawa,Male,54,Coimbatore,Tamil Nadu,South,2023-06-07
C00663,Aarush Kamdar,Male,20,Delhi,Delhi,North,2023-04-13
C00664,Chakradev Sampath,Male,48,Kolkata,West Bengal,East,2023-05-16
C00665,Devansh Bhasin,Male,53,Pune,Maharashtra,West,2023-01-02
C00666,Urmi Balay,Female,33,Chandigarh,Chandigarh,North,2023-04-05
C00667,Nilima Gole,Male,54,Ahmedabad,Gujarat,West,2023-07-10
C00668,Osha Prasad,Male,29,Nagpur,Maharashtra,West,2025-10-10
C00669,Saumya Purohit,Female,22,Hyderabad,Telangana,South,2022-04-05
C00670,Faris Zacharia,Female,23,Patna,Bihar,East,2023-09-29
C00671,Ijaya Dani,Male,36,Mumbai,Maharashtra,West,2024-01-26
C00672,Maya Wadhwa,Male,47,Ahmedabad,Gujarat,West,2025-06-29
C00673,Udant Aggarwal,Male,27,Surat,Gujarat,West,2023-02-05
C00674,Chanchal Sheth,Male,52,Bengaluru,Karnataka,South,2022-02-18
C00675,Ladli Karpe,Male,66,Mumbai,Maharashtra,West,2023-11-18
C00676,Triveni Pal,Male,51,Lucknow,Uttar Pradesh,North,2022-08-01
C00677,Anya Gulati,Male,27,Guwahati,Assam,East,2024-10-04
C00678,Azad Saini,Male,51,Delhi,Delhi,North,2022-03-31
C00679,Wridesh Jhaveri,Male,55,Ahmedabad,Gujarat,West,2024-07-27
C00680,Harrison Bandi,Female,22,Coimbatore,Tamil Nadu,South,2025-07-29
C00681,Chanakya Konda,Male,33,Delhi,Delhi,North,2024-06-09
C00682,Neelima Sarna,Female,38,Kochi,Kerala,South,2024-03-15
C00683,Teerth Bhalla,Male,26,Pune,Maharashtra,West,2022-06-02
C00684,Yahvi Mann,Male,24,Noida,Uttar Pradesh,North,2022-08-12
C00685,Eiravati Nagi,Female,25,Bengaluru,Karnataka,South,2023-10-06
C00686,Chasmum Dhar,Female,47,Pune,Maharashtra,West,2024-07-14
C00687,Odika Mital,Male,69,Chennai,Tamil Nadu,South,2022-07-05
C00688,Darsh Gill,Male,38,Noida,Uttar Pradesh,North,2022-03-24
C00689,Warhi Batta,Female,50,Coimbatore,Tamil Nadu,South,2023-12-30
C00690,Lakshmi Vohra,Male,19,Kochi,Kerala,South,2023-06-17
C00691,Omaja Rege,Male,24,Guwahati,Assam,East,2025-02-12
C00692,Charita Puri,Male,21,Pune,Maharashtra,West,2022-09-06
C00693,Urvashi Khosla,Male,70,Bhubaneswar,Odisha,East,2022-09-25
C00694,Charita Dhawan,Female,70,Mumbai,Maharashtra,West,2025-04-07
C00695,Dalbir Sachar,Female,69,Chennai,Tamil Nadu,South,2023-02-09
C00696,Krish Rama,Male,47,Kochi,Kerala,South,2022-09-08
C00697,Aadhya Jani,Female,49,Hyderabad,Telangana,South,2024-06-06
C00698,Farhan Sengupta,Female,31,Bengaluru,Karnataka,South,2022-12-20
C00699,George Wason,Female,27,Patna,Bihar,East,2023-07-28
C00700,Charan Loyal,Male,59,Hyderabad,Telangana,South,2025-06-17
C00701,Balveer Bora,Female,21,Bengaluru,Karnataka,South,2025-02-01
C00702,Teerth Srinivas,Female,30,Bengaluru,Karnataka,South,2022-10-09
C00703,Gaurangi Mitter,Male,42,Noida,Uttar Pradesh,North,2023-05-26
C00704,Siddharth Gupta,Female,40,Lucknow,Uttar Pradesh,North,2024-09-09
C00705,Varenya Kibe,Female,35,Ranchi,Jharkhand,East,2023-10-21
C00706,Mekhala Khatri,Male,19,Kochi,Kerala,South,2025-05-07
C00707,Barkha Rai,Female,51,Patna,Bihar,East,2022-04-30
C00708,Jagrati Morar,Male,24,Nagpur,Maharashtra,West,2023-04-22
C00709,Jagvi Varghese,Male,66,Coimbatore,Tamil Nadu,South,2023-06-30
C00710,Unnati Chaudhari,Female,40,Bhubaneswar,Odisha,East,2025-03-25
C00711,Ekaja Jani,Male,55,Bhubaneswar,Odisha,East,2022-12-27
C00712,Dhriti Sachdev,Male,63,Ahmedabad,Gujarat,West,2025-04-26
C00713,Timothy Dhingra,Male,54,Noida,Uttar Pradesh,North,2025-02-28
C00714,Advika Sahni,Female,29,Guwahati,Assam,East,2025-01-15
C00715,Michael Hayre,Male,56,Mumbai,Maharashtra,West,2022-04-26
C00716,Victor Raghavan,Male,39,Hyderabad,Telangana,South,2024-09-05
C00717,Xalak Nazareth,Female,63,Bhubaneswar,Odisha,East,2022-09-25
C00718,Vrinda Swaminathan,Male,27,Kochi,Kerala,South,2022-05-02
C00719,Om Pandey,Female,22,Jaipur,Rajasthan,North,2022-08-16
C00720,Logan Suresh,Male,39,Surat,Gujarat,West,2025-04-15
C00721,Daniel Viswanathan,Female,68,Pune,Maharashtra,West,2022-11-19
C00722,Falan Bava,Female,29,Chandigarh,Chandigarh,North,2025-08-22
C00723,Nitara Devan,Female,32,Noida,Uttar Pradesh,North,2025-11-21
C00724,Ekansh Dora,Female,64,Jaipur,Rajasthan,North,2024-02-14
C00725,Tejas Tiwari,Male,62,Jaipur,Rajasthan,North,2022-12-30
C00726,Kashvi Bhasin,Male,29,Guwahati,Assam,East,2025-03-08
C00727,Vinaya Babu,Male,49,Noida,Uttar Pradesh,North,2023-03-29
C00728,Nisha Arora,Female,38,Chennai,Tamil Nadu,South,2023-05-03
C00729,Anvi Wason,Female,46,Chennai,Tamil Nadu,South,2025-12-22
C00730,Anay Thakkar,Male,40,Coimbatore,Tamil Nadu,South,2023-05-27
C00731,Praneel Chhabra,Male,42,Chennai,Tamil Nadu,South,2022-01-03
C00732,Manthan Khosla,Female,49,Surat,Gujarat,West,2022-12-07
C00733,Zayyan Pandya,Female,24,Patna,Bihar,East,2025-01-23
C00734,Mekhala Brar,Male,28,Ranchi,Jharkhand,East,2025-08-26
C00735,Nidra Sharaf,Male,38,Mumbai,Maharashtra,West,2023-08-27
C00736,Upkaar Mital,Female,28,Chennai,Tamil Nadu,South,2022-06-01
C00737,Azad Chander,Male,39,Bhubaneswar,Odisha,East,2022-06-03
C00738,Ladli Purohit,Male,45,Noida,Uttar Pradesh,North,2024-09-15
C00739,Daksh Andra,Female,28,Bhubaneswar,Odisha,East,2025-05-28
C00740,Fitan Tata,Male,44,Kochi,Kerala,South,2023-02-25
C00741,Garima Chandran,Female,37,Noida,Uttar Pradesh,North,2023-06-28
C00742,Victor Kakar,Female,27,Chennai,Tamil Nadu,South,2024-03-15
C00743,Anika Batra,Male,36,Chennai,Tamil Nadu,South,2024-05-25
C00744,Avni Bali,Male,24,Ranchi,Jharkhand,East,2024-09-10
C00745,Divya Babu,Female,23,Coimbatore,Tamil Nadu,South,2025-07-31
C00746,Maanas Rao,Female,48,Mumbai,Maharashtra,West,2023-09-24
C00747,Chandani Gaba,Female,29,Ahmedabad,Gujarat,West,2022-07-06
C00748,Lopa Zachariah,Male,46,Surat,Gujarat,West,2024-01-27
C00749,Leena Dey,Female,32,Bengaluru,Karnataka,South,2024-08-10
C00750,Xiti Pal,Male,66,Ranchi,Jharkhand,East,2022-05-07
C00751,Guneet Sarkar,Female,69,Delhi,Delhi,North,2022-06-25
C00752,Faqid Oak,Male,42,Nagpur,Maharashtra,West,2023-04-11
C00753,Eta Balan,Female,54,Chandigarh,Chandigarh,North,2025-01-01
C00754,Shravya Swaminathan,Male,43,Guwahati,Assam,East,2023-09-05
C00755,Ishani Prashad,Male,25,Kolkata,West Bengal,East,2024-10-25
C00756,Quincy Rai,Male,31,Guwahati,Assam,East,2022-12-21
C00757,Chakrika Koshy,Female,23,Jaipur,Rajasthan,North,2022-03-29
C00758,Fitan Loyal,Male,56,Guwahati,Assam,East,2023-02-18
C00759,Lajita Dube,Female,53,Chennai,Tamil Nadu,South,2022-06-28
C00760,Edhitha Patel,Female,18,Ahmedabad,Gujarat,West,2023-07-20
C00761,Gavin Ahluwalia,Female,25,Noida,Uttar Pradesh,North,2025-04-18
C00762,Sai Parsa,Male,24,Pune,Maharashtra,West,2025-03-06
C00763,Harsh Deo,Female,44,Mumbai,Maharashtra,West,2023-08-09
C00764,Rachit Sankar,Female,20,Bengaluru,Karnataka,South,2025-03-17
C00765,Yauvani Reddy,Female,20,Bengaluru,Karnataka,South,2022-10-22
C00766,Atharv Chakraborty,Male,21,Ahmedabad,Gujarat,West,2025-11-15
C00767,Girik Nair,Male,39,Lucknow,Uttar Pradesh,North,2024-02-02
C00768,Advik Manne,Female,49,Lucknow,Uttar Pradesh,North,2023-09-29
C00769,Lipika Chad,Male,37,Kolkata,West Bengal,East,2023-04-12
C00770,Omkaar Rai,Female,64,Guwahati,Assam,East,2023-10-20
C00771,Liam Luthra,Female,31,Mumbai,Maharashtra,West,2023-01-20
C00772,Amrita Tailor,Female,70,Guwahati,Assam,East,2024-09-19
C00773,Dev Ganesh,Female,63,Coimbatore,Tamil Nadu,South,2022-05-15
C00774,Anya Sama,Male,29,Pune,Maharashtra,West,2024-12-09
C00775,Veda Bose,Male,20,Coimbatore,Tamil Nadu,South,2022-04-29
C00776,Zayan Koshy,Male,35,Ahmedabad,Gujarat,West,2025-12-14
C00777,Rohan Shankar,Female,58,Surat,Gujarat,West,2024-10-31
C00778,Krishna Modi,Female,49,Kolkata,West Bengal,East,2023-05-11
C00779,Meghana Natarajan,Female,40,Jaipur,Rajasthan,North,2024-08-29
C00780,Forum Sarraf,Male,36,Kochi,Kerala,South,2025-11-11
C00781,Qushi Deshpande,Male,32,Chennai,Tamil Nadu,South,2022-11-30
C00782,Ekani Iyer,Female,50,Jaipur,Rajasthan,North,2023-07-06
C00783,Dipta Goel,Male,59,Chennai,Tamil Nadu,South,2024-08-28
C00784,Eiravati Manne,Female,56,Chennai,Tamil Nadu,South,2023-04-04
C00785,Xavier Nanda,Female,45,Lucknow,Uttar Pradesh,North,2025-12-30
C00786,Avni Ramaswamy,Female,31,Patna,Bihar,East,2024-07-29
C00787,Ishaan Iyengar,Female,55,Nagpur,Maharashtra,West,2025-07-01
C00788,Avi Shenoy,Female,53,Hyderabad,Telangana,South,2025-09-18
C00789,Raksha Manne,Female,61,Noida,Uttar Pradesh,North,2023-08-02
C00790,Nilima Tata,Female,58,Chennai,Tamil Nadu,South,2023-11-20
C00791,Chavvi Khurana,Female,30,Ahmedabad,Gujarat,West,2023-06-19
C00792,Mitesh Sampath,Female,60,Coimbatore,Tamil Nadu,South,2022-04-27
C00793,Ethan Sen,Female,36,Pune,Maharashtra,West,2022-02-22
C00794,Nandini Warrior,Female,65,Bengaluru,Karnataka,South,2024-04-08
C00795,Balhaar Parsa,Female,64,Hyderabad,Telangana,South,2023-01-24
C00796,Ikbal Kothari,Female,60,Noida,Uttar Pradesh,North,2025-07-31
C00797,Ojas Basu,Male,36,Ahmedabad,Gujarat,West,2022-12-15
C00798,Garima Sani,Male,61,Coimbatore,Tamil Nadu,South,2023-06-14
C00799,Advaith Chaudhari,Female,32,Kolkata,West Bengal,East,2023-04-01
C00800,Tristan Uppal,Female,41,Lucknow,Uttar Pradesh,North,2024-05-11
C00801,Sanaya Prasad,Male,48,Kochi,Kerala,South,2024-08-07
C00802,Ubika Tella,Male,48,Hyderabad,Telangana,South,2025-04-03
C00803,Hemani Bakshi,Female,51,Ranchi,Jharkhand,East,2022-09-03
C00804,Henry Merchant,Male,30,Chennai,Tamil Nadu,South,2022-11-05
C00805,Frederick D’Alia,Male,38,Nagpur,Maharashtra,West,2024-07-26
C00806,Ijaya Muni,Female,39,Bhubaneswar,Odisha,East,2022-06-15
C00807,Tamanna Jhaveri,Male,18,Jaipur,Rajasthan,North,2023-10-04
C00808,Ijaya Soni,Male,49,Pune,Maharashtra,West,2022-12-12
C00809,Raksha Sethi,Female,58,Delhi,Delhi,North,2022-09-23
C00810,Ekalinga Mital,Female,18,Surat,Gujarat,West,2024-09-04
C00811,Ishwar Bajaj,Male,38,Coimbatore,Tamil Nadu,South,2024-02-04
C00812,Ikbal Gala,Male,61,Noida,Uttar Pradesh,North,2023-01-26
C00813,Zaitra Ghosh,Female,37,Coimbatore,Tamil Nadu,South,2023-04-09
C00814,Ganga Sandhu,Female,28,Bengaluru,Karnataka,South,2024-10-27
C00815,Vincent Ravel,Female,47,Chennai,Tamil Nadu,South,2023-09-03
C00816,Quincy Sankaran,Female,45,Noida,Uttar Pradesh,North,2024-12-09
C00817,Ayush Hora,Female,40,Bhubaneswar,Odisha,East,2023-12-03
C00818,Pushti Ramachandran,Male,32,Jaipur,Rajasthan,North,2024-04-06
C00819,Tanish Jha,Male,55,Coimbatore,Tamil Nadu,South,2023-03-09
C00820,Dev Chaudry,Male,42,Mumbai,Maharashtra,West,2024-01-21
C00821,Jasmit Nanda,Male,56,Patna,Bihar,East,2024-12-31
C00822,Tanvi Comar,Male,21,Kolkata,West Bengal,East,2025-08-31
C00823,Vrishti Wable,Female,25,Chandigarh,Chandigarh,North,2024-06-28
C00824,Lipika Ramanathan,Male,31,Surat,Gujarat,West,2025-12-08
C00825,Ijaya Pandey,Female,60,Delhi,Delhi,North,2023-09-09
C00826,Orinder Mishra,Male,44,Hyderabad,Telangana,South,2023-07-07
C00827,Krish Munshi,Male,36,Kolkata,West Bengal,East,2024-11-13
C00828,William Mody,Male,56,Chennai,Tamil Nadu,South,2024-10-16
C00829,Qadim Prakash,Male,40,Kochi,Kerala,South,2024-12-07
C00830,Yasti Rama,Male,53,Lucknow,Uttar Pradesh,North,2022-11-25
C00831,Lakshit Rajagopal,Female,39,Pune,Maharashtra,West,2025-11-10
C00832,Quincy Sur,Male,25,Chennai,Tamil Nadu,South,2025-10-07
C00833,Ojas Suri,Male,67,Guwahati,Assam,East,2022-11-02
C00834,Logan Grover,Male,47,Mumbai,Maharashtra,West,2023-06-09
C00835,Shravya Bera,Female,21,Patna,Bihar,East,2023-06-25
C00836,Aditya Sundaram,Female,41,Coimbatore,Tamil Nadu,South,2022-03-22
C00837,Robert Rajagopalan,Male,24,Lucknow,Uttar Pradesh,North,2024-05-22
C00838,Nilima Swamy,Male,60,Kolkata,West Bengal,East,2022-01-20
C00839,Sachi Suresh,Female,57,Lucknow,Uttar Pradesh,North,2024-01-03
C00840,Fitan Balasubramanian,Female,29,Chennai,Tamil Nadu,South,2024-02-03
C00841,Brinda Bali,Female,42,Bengaluru,Karnataka,South,2024-07-23
C00842,Umang Yogi,Male,25,Chandigarh,Chandigarh,North,2024-05-13
C00843,Om Shankar,Male,44,Chennai,Tamil Nadu,South,2022-11-23
C00844,Yasti Chowdhury,Female,29,Guwahati,Assam,East,2025-03-11
C00845,Amrita Peri,Male,61,Lucknow,Uttar Pradesh,North,2025-06-06
C00846,Ridhi Kamdar,Female,25,Bhubaneswar,Odisha,East,2024-09-16
C00847,Harsh Kota,Male,34,Guwahati,Assam,East,2022-04-05
C00848,Bachittar Sengupta,Male,60,Delhi,Delhi,North,2025-12-13
C00849,Ijaya Chahal,Male,45,Ranchi,Jharkhand,East,2024-12-07
C00850,Jacob Khalsa,Female,60,Jaipur,Rajasthan,North,2024-09-13
C00851,Indali Sangha,Male,18,Chandigarh,Chandigarh,North,2022-11-01
C00852,Liam Jhaveri,Female,49,Jaipur,Rajasthan,North,2024-11-01
C00853,Daniel Panchal,Female,33,Kolkata,West Bengal,East,2024-10-03
C00854,Om Naik,Male,53,Ahmedabad,Gujarat,West,2022-04-14
C00855,Bimala Loke,Male,47,Chandigarh,Chandigarh,North,2023-04-27
C00856,Krishna Sabharwal,Male,49,Nagpur,Maharashtra,West,2024-07-06
C00857,Aradhana Date,Male,24,Mumbai,Maharashtra,West,2024-10-15
C00858,Zaid Dhingra,Male,70,Mumbai,Maharashtra,West,2025-02-15
C00859,Yug Ramaswamy,Female,50,Hyderabad,Telangana,South,2025-06-21
C00860,Lucky Luthra,Female,70,Surat,Gujarat,West,2023-11-30
C00861,Keya Seth,Female,53,Coimbatore,Tamil Nadu,South,2024-07-19
C00862,Girik Rau,Female,63,Noida,Uttar Pradesh,North,2024-08-26
C00863,Jyoti Sha,Male,18,Mumbai,Maharashtra,West,2025-09-11
C00864,Falak Agate,Female,62,Ahmedabad,Gujarat,West,2025-01-26
C00865,Tara Parmar,Male,70,Coimbatore,Tamil Nadu,South,2024-10-05
C00866,Mitali Kamdar,Female,57,Chandigarh,Chandigarh,North,2022-08-08
C00867,Siddharth Talwar,Male,47,Chennai,Tamil Nadu,South,2024-03-15
C00868,Ekantika Mander,Male,66,Bhubaneswar,Odisha,East,2023-11-24
C00869,Kalpit Sundaram,Female,47,Nagpur,Maharashtra,West,2022-09-10
C00870,Chanakya Batra,Female,18,Noida,Uttar Pradesh,North,2022-10-03
C00871,Tripti Babu,Female,55,Mumbai,Maharashtra,West,2025-02-07
C00872,Nakul Sastry,Male,64,Nagpur,Maharashtra,West,2022-12-29
C00873,Aadi Sangha,Female,50,Delhi,Delhi,North,2024-03-04
C00874,Kevin Mittal,Male,35,Guwahati,Assam,East,2025-06-01
C00875,Anusha Chander,Female,69,Ahmedabad,Gujarat,West,2023-08-26
C00876,Zashil Butala,Female,62,Bengaluru,Karnataka,South,2025-05-18
C00877,Noah Ben,Male,30,Ahmedabad,Gujarat,West,2025-12-28
C00878,Dalaja Kaur,Female,61,Kochi,Kerala,South,2025-11-07
C00879,Gavin Chandran,Female,63,Coimbatore,Tamil Nadu,South,2024-10-28
C00880,Tanay Sood,Female,55,Kochi,Kerala,South,2025-02-25
C00881,Kevin Kara,Female,45,Surat,Gujarat,West,2025-10-12
C00882,Aditya Anand,Male,42,Noida,Uttar Pradesh,North,2022-08-07
C00883,Jai Sami,Female,66,Chennai,Tamil Nadu,South,2023-02-14
C00884,Vanya Bobal,Female,27,Lucknow,Uttar Pradesh,North,2025-10-31
C00885,Leela Chakraborty,Male,40,Patna,Bihar,East,2023-02-22
C00886,Harshil Munshi,Male,65,Delhi,Delhi,North,2025-06-15
C00887,Chandani Devan,Female,62,Chandigarh,Chandigarh,North,2023-05-02
C00888,Kiaan Dhar,Female,68,Chandigarh,Chandigarh,North,2024-03-04
C00889,Abhiram Gala,Male,18,Patna,Bihar,East,2025-02-04
C00890,Indali Kala,Female,32,Jaipur,Rajasthan,North,2025-06-24
C00891,Nisha Savant,Male,67,Patna,Bihar,East,2025-04-20
C00892,Gabriel Chaudhry,Female,29,Jaipur,Rajasthan,North,2023-08-26
C00893,Jatin Rajagopalan,Male,65,Kolkata,West Bengal,East,2023-01-18
C00894,Pushti Murty,Female,35,Surat,Gujarat,West,2022-03-25
C00895,Yug Malhotra,Female,18,Pune,Maharashtra,West,2022-11-26
C00896,Yuvraj Mane,Male,38,Pune,Maharashtra,West,2022-03-23
C00897,Charvi Jha,Female,49,Noida,Uttar Pradesh,North,2025-09-17
C00898,Manya Merchant,Male,68,Noida,Uttar Pradesh,North,2024-01-04
C00899,Wriddhish Talwar,Male,51,Noida,Uttar Pradesh,North,2023-03-27
C00900,Isaiah Khosla,Female,52,Hyderabad,Telangana,South,2022-11-23
C00901,Ekavir Wable,Male,31,Mumbai,Maharashtra,West,2023-12-17
C00902,Jalsa Nadig,Female,31,Lucknow,Uttar Pradesh,North,2024-01-09
C00903,Lila Salvi,Female,53,Ranchi,Jharkhand,East,2024-12-22
C00904,Orinder Sinha,Female,46,Kolkata,West Bengal,East,2022-08-23
C00905,Anay Bir,Male,20,Hyderabad,Telangana,South,2025-06-26
C00906,Adweta Kale,Male,42,Lucknow,Uttar Pradesh,North,2024-02-21
C00907,Darpan Rao,Female,50,Kochi,Kerala,South,2022-02-20
C00908,Yachana Sagar,Male,36,Chandigarh,Chandigarh,North,2024-09-23
C00909,Neelima Butala,Male,24,Bhubaneswar,Odisha,East,2023-10-19
C00910,Arunima Chacko,Male,58,Hyderabad,Telangana,South,2024-12-28
C00911,Farhan Vaidya,Female,24,Coimbatore,Tamil Nadu,South,2025-11-04
C00912,Nachiket Yadav,Male,65,Bengaluru,Karnataka,South,2025-08-17
C00913,Mahika Bhatti,Female,20,Delhi,Delhi,North,2024-07-29
C00914,Rajeshri Khare,Female,53,Chennai,Tamil Nadu,South,2022-12-31
C00915,Yash Chadha,Female,42,Coimbatore,Tamil Nadu,South,2023-06-14
C00916,Jack Setty,Female,19,Surat,Gujarat,West,2024-06-05
C00917,Dayamai Gill,Male,59,Mumbai,Maharashtra,West,2024-12-31
C00918,Advik Devan,Male,62,Delhi,Delhi,North,2025-04-14
C00919,Nihal Taneja,Male,36,Patna,Bihar,East,2024-10-26
C00920,Zansi Lad,Male,36,Lucknow,Uttar Pradesh,North,2025-05-27
C00921,Kamya Date,Female,70,Chandigarh,Chandigarh,North,2024-02-21
C00922,Jacob Balan,Male,26,Chandigarh,Chandigarh,North,2022-11-17
C00923,Pushti Magar,Male,37,Noida,Uttar Pradesh,North,2023-08-28
C00924,Adya Bose,Male,25,Lucknow,Uttar Pradesh,North,2022-01-23
C00925,Tamanna Vaidya,Female,52,Hyderabad,Telangana,South,2025-05-06
C00926,Christopher Tata,Male,65,Mumbai,Maharashtra,West,2023-09-17
C00927,Jhalak Dugar,Female,59,Lucknow,Uttar Pradesh,North,2023-03-10
C00928,Harshil D’Alia,Male,32,Bhubaneswar,Odisha,East,2022-11-26
C00929,Yashodhara Agate,Male,29,Lucknow,Uttar Pradesh,North,2023-02-02
C00930,Advik Konda,Female,59,Noida,Uttar Pradesh,North,2022-04-22
C00931,Urmi Patla,Male,34,Ahmedabad,Gujarat,West,2025-10-07
C00932,Mason Gola,Female,40,Hyderabad,Telangana,South,2024-09-24
C00933,Oni Kapur,Female,57,Coimbatore,Tamil Nadu,South,2022-07-24
C00934,Yuvraj Saha,Female,46,Coimbatore,Tamil Nadu,South,2023-10-13
C00935,Anika Brahmbhatt,Male,54,Ahmedabad,Gujarat,West,2025-11-21
C00936,Jagdish Thakkar,Male,18,Ahmedabad,Gujarat,West,2024-05-27
C00937,Praneel Kapoor,Female,35,Pune,Maharashtra,West,2025-12-29
C00938,Nandini Biswas,Female,48,Bhubaneswar,Odisha,East,2025-10-23
C00939,Barkha Mukhopadhyay,Female,53,Ahmedabad,Gujarat,West,2023-09-18
C00940,Gabriel Shan,Female,70,Hyderabad,Telangana,South,2022-06-17
C00941,Jyoti Iyer,Female,64,Hyderabad,Telangana,South,2023-02-07
C00942,Daksha Kibe,Male,50,Kolkata,West Bengal,East,2022-06-04
C00943,Jyoti Tak,Female,67,Noida,Uttar Pradesh,North,2025-03-31
C00944,Yatan Dora,Female,52,Delhi,Delhi,North,2025-02-03
C00945,Nimrat Bajwa,Male,41,Ranchi,Jharkhand,East,2024-08-24
C00946,Hiral Andra,Male,47,Nagpur,Maharashtra,West,2023-08-19
C00947,Aarav Puri,Female,50,Mumbai,Maharashtra,West,2024-03-23
C00948,Hemang Jha,Male,66,Coimbatore,Tamil Nadu,South,2025-06-11
C00949,Oni Swamy,Male,54,Surat,Gujarat,West,2022-11-23
C00950,Lucky Mammen,Female,20,Bhubaneswar,Odisha,East,2024-09-17
C00951,Caleb Kata,Male,34,Bengaluru,Karnataka,South,2023-04-20
C00952,Kashish Shanker,Male,51,Mumbai,Maharashtra,West,2025-10-01
C00953,Girish Tiwari,Female,47,Patna,Bihar,East,2024-03-05
C00954,Meera Borde,Female,24,Kolkata,West Bengal,East,2025-08-21
C00955,Radhika De,Female,65,Noida,Uttar Pradesh,North,2025-07-21
C00956,Bishakha Lal,Male,42,Hyderabad,Telangana,South,2025-03-13
C00957,Maya Narain,Male,51,Lucknow,Uttar Pradesh,North,2025-04-18
C00958,Sneha Magar,Female,40,Coimbatore,Tamil Nadu,South,2024-11-23
C00959,Falan Jain,Female,56,Lucknow,Uttar Pradesh,North,2024-09-24
C00960,Ikbal Dugal,Male,32,Coimbatore,Tamil Nadu,South,2024-06-19
C00961,Nitesh Sengupta,Male,29,Kochi,Kerala,South,2023-03-10
C00962,Dipta Ray,Male,44,Hyderabad,Telangana,South,2022-08-31
C00963,Ishita Johal,Female,48,Delhi,Delhi,North,2024-09-13
C00964,Darika Sheth,Female,19,Coimbatore,Tamil Nadu,South,2025-08-18
C00965,Jagdish Chana,Male,26,Coimbatore,Tamil Nadu,South,2025-03-20
C00966,Daksha Baria,Male,21,Delhi,Delhi,North,2025-03-18
C00967,Falak Divan,Female,56,Coimbatore,Tamil Nadu,South,2024-11-24
C00968,Yuvraj Parekh,Female,23,Kolkata,West Bengal,East,2025-09-17
C00969,Yochana Bawa,Female,28,Hyderabad,Telangana,South,2024-08-23
C00970,Abha Ghosh,Male,68,Bengaluru,Karnataka,South,2025-05-15
C00971,Nidhi Sethi,Female,28,Jaipur,Rajasthan,North,2025-06-30
C00972,Girindra Shere,Male,32,Lucknow,Uttar Pradesh,North,2024-07-17
C00973,Logan Dara,Male,30,Pune,Maharashtra,West,2022-08-11
C00974,David Kapadia,Female,70,Nagpur,Maharashtra,West,2025-11-02
C00975,Rudra Rattan,Female,57,Chennai,Tamil Nadu,South,2022-12-30
C00976,Frado Lad,Male,23,Noida,Uttar Pradesh,North,2024-10-27
C00977,Anthony Bhattacharyya,Male,67,Pune,Maharashtra,West,2025-05-20
C00978,Sachi Dave,Female,41,Chandigarh,Chandigarh,North,2024-12-05
C00979,Garima Das,Male,69,Ranchi,Jharkhand,East,2024-05-28
C00980,Triya Bedi,Male,45,Surat,Gujarat,West,2023-12-19
C00981,Rachita Rana,Male,36,Bengaluru,Karnataka,South,2023-04-22
C00982,Ayushman Raja,Female,30,Noida,Uttar Pradesh,North,2024-04-16
C00983,Orinder Pandya,Male,51,Chennai,Tamil Nadu,South,2025-03-29
C00984,Rachit Maharaj,Female,44,Coimbatore,Tamil Nadu,South,2025-11-09
C00985,Sanaya Dixit,Female,34,Pune,Maharashtra,West,2024-05-22
C00986,Yatan Merchant,Female,57,Guwahati,Assam,East,2025-03-02
C00987,Nisha Srinivas,Female,53,Bengaluru,Karnataka,South,2023-02-22
C00988,Gagan Mammen,Female,53,Chandigarh,Chandigarh,North,2023-01-02
C00989,Laksh Saini,Female,67,Ahmedabad,Gujarat,West,2023-09-21
C00990,Zaid Bahl,Male,65,Jaipur,Rajasthan,North,2025-09-12
C00991,Jagrati Srinivasan,Male,50,Coimbatore,Tamil Nadu,South,2022-07-25
C00992,Hemangini Thakkar,Male,28,Ahmedabad,Gujarat,West,2025-02-01
C00993,Lipika Madan,Male,48,Mumbai,Maharashtra,West,2022-07-06
C00994,Atharv Nagar,Male,34,Guwahati,Assam,East,2022-06-30
C00995,Ayushman Mand,Male,64,Chennai,Tamil Nadu,South,2025-06-01
C00996,Urmi Wagle,Female,63,Surat,Gujarat,West,2025-06-11
C00997,Viraj Dutta,Female,46,Kolkata,West Bengal,East,2022-12-25
C00998,Yug Khosla,Male,20,Hyderabad,Telangana,South,2023-08-09
C00999,Daksh Kanda,Male,57,Noida,Uttar Pradesh,North,2024-11-22
C01000,Isha Ghose,Male,59,Chennai,Tamil Nadu,South,2024-01-07
C01001,Warjas Nadkarni,Female,67,Coimbatore,Tamil Nadu,South,2022-06-27
C01002,Ayaan Pandey,Male,51,Surat,Gujarat,West,2024-04-10
C01003,Raghav Tailor,Female,64,Chennai,Tamil Nadu,South,2022-07-04
C01004,Parth Swaminathan,Female,70,Ranchi,Jharkhand,East,2023-12-14
C01005,Gautam Bhalla,Female,43,Hyderabad,Telangana,South,2023-02-03
C01006,Theodore Bahri,Female,50,Ahmedabad,Gujarat,West,2022-12-25
C01007,Aadi Narula,Female,39,Chennai,Tamil Nadu,South,2024-10-27
C01008,Kalpit Oak,Female,62,Ranchi,Jharkhand,East,2023-06-12
C01009,Ekiya Bhargava,Female,67,Surat,Gujarat,West,2025-02-27
C01010,Manbir Dhar,Female,55,Kochi,Kerala,South,2024-07-28
C01011,Janya Bora,Female,22,Guwahati,Assam,East,2022-08-27
C01012,Meghana Chaudhuri,Male,69,Pune,Maharashtra,West,2025-10-18
C01013,Chasmum Naidu,Male,62,Ahmedabad,Gujarat,West,2024-11-23
C01014,Nakul Sarkar,Male,43,Bhubaneswar,Odisha,East,2023-08-12
C01015,Edhitha Ghosh,Male,48,Lucknow,Uttar Pradesh,North,2022-06-05
C01016,Udant Gill,Female,29,Pune,Maharashtra,West,2025-03-20
C01017,Damyanti Menon,Male,33,Bhubaneswar,Odisha,East,2024-10-18
C01018,Peter Agarwal,Male,30,Lucknow,Uttar Pradesh,North,2023-02-28
C01019,Bachittar Gopal,Male,67,Ranchi,Jharkhand,East,2023-12-31
C01020,Timothy Chawla,Female,57,Chennai,Tamil Nadu,South,2025-10-16
C01021,Lohit Narula,Female,41,Hyderabad,Telangana,South,2022-03-28
C01022,Wazir Palan,Female,49,Chandigarh,Chandigarh,North,2025-03-22
C01023,Oliver Chakrabarti,Female,32,Hyderabad,Telangana,South,2023-07-28
C01024,Sanya Apte,Female,48,Jaipur,Rajasthan,North,2022-04-21
C01025,Shaurya Krish,Female,43,Kolkata,West Bengal,East,2024-10-26
C01026,Inaya Kunda,Male,62,Bhubaneswar,Odisha,East,2024-07-25
C01027,Aarav Bava,Male,18,Ahmedabad,Gujarat,West,2025-11-12
C01028,Raksha Saini,Male,38,Chandigarh,Chandigarh,North,2025-04-04
C01029,Odika Tailor,Female,33,Ahmedabad,Gujarat,West,2023-01-19
C01030,Indali Prashad,Female,29,Hyderabad,Telangana,South,2023-12-04
C01031,Varenya Kar,Female,41,Pune,Maharashtra,West,2024-05-08
C01032,Siya Borah,Male,54,Patna,Bihar,East,2024-07-12
C01033,Chaitaly Bahri,Male,70,Hyderabad,Telangana,South,2025-11-05
C01034,Advika Cheema,Female,42,Kochi,Kerala,South,2023-04-28
C01035,Hema Garde,Male,29,Coimbatore,Tamil Nadu,South,2024-08-26
C01036,Naveen Borde,Female,68,Pune,Maharashtra,West,2025-07-15
C01037,Hamsini Subramanian,Male,43,Ahmedabad,Gujarat,West,2025-02-25
C01038,Raagini Gala,Male,70,Coimbatore,Tamil Nadu,South,2022-05-03
C01039,Naksh Bera,Female,34,Chennai,Tamil Nadu,South,2024-07-10
C01040,Garima Jha,Female,40,Nagpur,Maharashtra,West,2025-02-15
C01041,Nimrat Zachariah,Male,54,Chennai,Tamil Nadu,South,2023-12-21
C01042,Baghyawati Mishra,Female,40,Nagpur,Maharashtra,West,2022-12-24
C01043,Gopal Bawa,Female,23,Nagpur,Maharashtra,West,2024-09-25
C01044,Vritti Dube,Male,28,Ahmedabad,Gujarat,West,2024-08-07
C01045,Jalsa Aggarwal,Female,22,Lucknow,Uttar Pradesh,North,2024-05-13
C01046,Gagan Menon,Female,38,Kochi,Kerala,South,2023-04-13
C01047,Ryan Chatterjee,Female,35,Lucknow,Uttar Pradesh,North,2025-05-24
C01048,Samuel Garde,Female,44,Patna,Bihar,East,2025-04-17
C01049,Finn Solanki,Male,60,Chennai,Tamil Nadu,South,2022-09-14
C01050,Darika Rao,Male,43,Chennai,Tamil Nadu,South,2023-03-08
C01051,Vrinda Lanka,Male,19,Chennai,Tamil Nadu,South,2024-08-27
C01052,Lila Goyal,Male,34,Noida,Uttar Pradesh,North,2022-06-20
C01053,Lakshmi Pingle,Female,37,Delhi,Delhi,North,2025-09-03
C01054,Sanaya Basu,Male,26,Kochi,Kerala,South,2024-06-26
C01055,Ria Shroff,Male,60,Pune,Maharashtra,West,2022-02-28
C01056,Upkaar Luthra,Female,52,Ahmedabad,Gujarat,West,2024-09-02
C01057,Matthew Chatterjee,Male,62,Ranchi,Jharkhand,East,2024-06-30
C01058,Hemangini Sachdev,Female,58,Nagpur,Maharashtra,West,2025-05-08
C01059,Darsh Ram,Female,40,Noida,Uttar Pradesh,North,2024-06-09
C01060,Vaishnavi Keer,Female,37,Pune,Maharashtra,West,2022-07-03
C01061,Chandani Brar,Female,18,Ahmedabad,Gujarat,West,2022-11-15
C01062,Bakhshi Thakkar,Female,48,Coimbatore,Tamil Nadu,South,2023-12-06
C01063,Jai Sen,Female,18,Surat,Gujarat,West,2024-09-04
C01064,Oliver Kakar,Male,68,Lucknow,Uttar Pradesh,North,2025-05-07
C01065,Jonathan Basak,Female,53,Kochi,Kerala,South,2023-01-22
C01066,Farhan Saran,Female,42,Pune,Maharashtra,West,2022-12-01
C01067,Manbir Kuruvilla,Male,51,Chennai,Tamil Nadu,South,2024-05-14
C01068,Ekalinga Chahal,Female,36,Noida,Uttar Pradesh,North,2025-11-22
C01069,Mekhala Nanda,Female,30,Noida,Uttar Pradesh,North,2023-07-05
C01070,Zinal Shanker,Female,25,Bhubaneswar,Odisha,East,2022-10-07
C01071,Oni Chowdhury,Female,62,Noida,Uttar Pradesh,North,2024-07-16
C01072,Mason Divan,Male,27,Jaipur,Rajasthan,North,2023-10-19
C01073,Hitesh Chaudhuri,Male,24,Hyderabad,Telangana,South,2022-02-15
C01074,Hemangini Roy,Male,32,Coimbatore,Tamil Nadu,South,2024-06-16
C01075,Leela Sunder,Male,39,Chennai,Tamil Nadu,South,2024-10-07
C01076,Baljiwan Gera,Female,62,Surat,Gujarat,West,2024-01-31
C01077,Neha Dhawan,Male,21,Lucknow,Uttar Pradesh,North,2022-06-14
C01078,Balvan Randhawa,Female,29,Bengaluru,Karnataka,South,2022-05-27
C01079,Wazir Bawa,Male,25,Kochi,Kerala,South,2024-02-21
C01080,Amruta Pradhan,Female,33,Bhubaneswar,Odisha,East,2024-02-28
C01081,Geetika Mitter,Female,65,Delhi,Delhi,North,2023-02-12
C01082,Avni Swamy,Male,48,Noida,Uttar Pradesh,North,2025-09-25
C01083,Vedant Desai,Male,58,Ahmedabad,Gujarat,West,2023-10-24
C01084,Saanvi Nagi,Male,34,Noida,Uttar Pradesh,North,2024-12-02
C01085,Omaja Chakraborty,Female,21,Ahmedabad,Gujarat,West,2023-02-11
C01086,Riya Kakar,Male,58,Bhubaneswar,Odisha,East,2022-08-20
C01087,Vedhika Varty,Female,55,Mumbai,Maharashtra,West,2022-12-09
C01088,Daksh Varma,Male,55,Coimbatore,Tamil Nadu,South,2022-01-19
C01089,Dominic Mukhopadhyay,Male,41,Chandigarh,Chandigarh,North,2025-11-10
C01090,Krishna Viswanathan,Female,23,Jaipur,Rajasthan,North,2022-11-19
C01091,Oscar Hans,Male,21,Lucknow,Uttar Pradesh,North,2025-07-04
C01092,Dalbir Krish,Male,26,Pune,Maharashtra,West,2025-12-07
C01093,Tanmayi Bedi,Female,69,Ahmedabad,Gujarat,West,2025-02-17
C01094,Rushil Mahal,Female,40,Bhubaneswar,Odisha,East,2022-02-13
C01095,Ucchal Tiwari,Female,63,Lucknow,Uttar Pradesh,North,2022-03-22
C01096,Jatin Balasubramanian,Female,30,Ahmedabad,Gujarat,West,2025-01-16
C01097,Kashish Suresh,Female,64,Nagpur,Maharashtra,West,2023-12-14
C01098,Peter Som,Male,22,Nagpur,Maharashtra,West,2025-02-09
C01099,Hemangini Gade,Female,52,Surat,Gujarat,West,2023-08-29
C01100,Gautam Mane,Female,64,Mumbai,Maharashtra,West,2025-07-30
C01101,Libni Bawa,Female,67,Chennai,Tamil Nadu,South,2025-06-23
C01102,Tanish Kant,Female,30,Lucknow,Uttar Pradesh,North,2022-05-10
C01103,Samuel Luthra,Male,57,Surat,Gujarat,West,2025-02-03
C01104,Yochana Bahri,Female,25,Bengaluru,Karnataka,South,2025-08-05
C01105,Urvi Deo,Male,29,Chennai,Tamil Nadu,South,2022-03-31
C01106,Abhiram Kapur,Female,30,Bhubaneswar,Odisha,East,2022-08-08
C01107,Dalaja Maharaj,Female,60,Hyderabad,Telangana,South,2025-08-07
C01108,Krisha Palla,Female,21,Nagpur,Maharashtra,West,2025-12-07
C01109,Zayyan Kamdar,Male,31,Nagpur,Maharashtra,West,2022-05-26
C01110,Chasmum Verma,Male,41,Delhi,Delhi,North,2024-08-16
C01111,Harsh Amble,Male,70,Surat,Gujarat,West,2024-01-26
C01112,Barkha Misra,Male,37,Noida,Uttar Pradesh,North,2022-03-25
C01113,Vasatika Bhatt,Male,24,Coimbatore,Tamil Nadu,South,2024-11-29
C01114,Aradhana Nair,Male,30,Noida,Uttar Pradesh,North,2024-02-29
C01115,Advika Misra,Male,53,Pune,Maharashtra,West,2025-03-13
C01116,Mason Varughese,Female,61,Chandigarh,Chandigarh,North,2022-08-05
C01117,Dakshesh Raval,Male,68,Surat,Gujarat,West,2022-08-02
C01118,Logan Bal,Female,60,Bengaluru,Karnataka,South,2024-10-30
C01119,Chakrika Lad,Female,38,Hyderabad,Telangana,South,2024-06-26
C01120,Nidhi Rama,Female,66,Ahmedabad,Gujarat,West,2024-02-01
C01121,Ranveer Oza,Male,54,Lucknow,Uttar Pradesh,North,2025-05-31
C01122,Vamakshi Parmer,Female,41,Surat,Gujarat,West,2025-01-31
C01123,Onkar Golla,Male,64,Guwahati,Assam,East,2024-03-24
C01124,Gunbir Sinha,Male,51,Kochi,Kerala,South,2025-05-05
C01125,Aarna Goswami,Female,32,Kochi,Kerala,South,2022-01-14
C01126,Gaurav Kapadia,Female,53,Kochi,Kerala,South,2022-02-14
C01127,Udant Mohanty,Male,24,Nagpur,Maharashtra,West,2025-03-16
C01128,Garima Prabhu,Male,34,Kochi,Kerala,South,2022-11-16
C01129,Chaitaly Sheth,Male,34,Nagpur,Maharashtra,West,2023-05-27
C01130,Upma Bera,Female,54,Delhi,Delhi,North,2025-03-14
C01131,Urmi Hayer,Female,29,Kolkata,West Bengal,East,2023-10-27
C01132,Lakshmi Wagle,Female,20,Nagpur,Maharashtra,West,2022-07-15
C01133,Odika Bhagat,Male,67,Noida,Uttar Pradesh,North,2024-02-21
C01134,Laksh Iyer,Female,44,Kochi,Kerala,South,2023-12-14
C01135,Nimrat Shankar,Male,58,Kolkata,West Bengal,East,2023-04-10
C01136,Diya Gole,Female,51,Chandigarh,Chandigarh,North,2022-04-21
C01137,Vinaya Natarajan,Male,38,Hyderabad,Telangana,South,2025-03-02
C01138,Dhriti Bhardwaj,Male,61,Pune,Maharashtra,West,2022-11-10
C01139,Siya Mahal,Male,32,Chandigarh,Chandigarh,North,2024-07-01
C01140,Om Dutt,Male,39,Surat,Gujarat,West,2022-10-31
C01141,Gaurang Dayal,Female,34,Hyderabad,Telangana,South,2022-04-11
C01142,Pushti Raval,Male,66,Hyderabad,Telangana,South,2024-06-08
C01143,Vansha Rajagopal,Female,43,Hyderabad,Telangana,South,2023-02-10
C01144,Baljiwan Walla,Male,33,Jaipur,Rajasthan,North,2025-02-23
C01145,Kashvi Atwal,Male,25,Bengaluru,Karnataka,South,2023-10-25
C01146,Rayaan Badami,Female,30,Chandigarh,Chandigarh,North,2024-01-19
C01147,Yuvraj Kara,Male,67,Nagpur,Maharashtra,West,2025-09-04
C01148,Devika Dayal,Female,57,Ahmedabad,Gujarat,West,2025-06-16
C01149,Leela Thakur,Male,61,Chennai,Tamil Nadu,South,2023-04-24
C01150,Oliver Bhattacharyya,Male,33,Mumbai,Maharashtra,West,2022-08-19
C01151,Chanchal Mannan,Male,39,Bhubaneswar,Odisha,East,2023-08-13
C01152,Zinal Viswanathan,Female,48,Delhi,Delhi,North,2023-09-17
C01153,Radha Desai,Male,31,Coimbatore,Tamil Nadu,South,2025-01-06
C01154,Vrishti Parmer,Female,57,Ahmedabad,Gujarat,West,2025-01-28
C01155,Nitesh Raval,Male,42,Jaipur,Rajasthan,North,2025-11-24
C01156,Vedant Kapur,Female,28,Noida,Uttar Pradesh,North,2022-03-31
C01157,Siddharth Bains,Female,21,Coimbatore,Tamil Nadu,South,2025-11-27
C01158,Jatin Peri,Female,60,Mumbai,Maharashtra,West,2022-05-17
C01159,Keya Kumer,Male,36,Kochi,Kerala,South,2022-08-09
C01160,Chanakya Chokshi,Female,50,Guwahati,Assam,East,2023-04-19
C01161,Chanakya D’Alia,Female,56,Kolkata,West Bengal,East,2023-10-09
C01162,Sachi Rai,Female,53,Pune,Maharashtra,West,2023-02-12
C01163,Zayyan Som,Male,51,Kolkata,West Bengal,East,2022-03-23
C01164,Samesh Andra,Male,19,Surat,Gujarat,West,2024-03-16
C01165,Osha Chaudhuri,Female,33,Ahmedabad,Gujarat,West,2023-12-29
C01166,Laksh Sahota,Male,58,Ranchi,Jharkhand,East,2023-07-19
C01167,Yasti Dalal,Female,32,Bengaluru,Karnataka,South,2022-03-02
C01168,Ishaan Cherian,Male,23,Bengaluru,Karnataka,South,2025-09-07
C01169,Rushil Iyengar,Male,44,Noida,Uttar Pradesh,North,2025-10-20
C01170,Saksham Parmar,Female,56,Coimbatore,Tamil Nadu,South,2024-05-23
C01171,Chakrika Dyal,Male,59,Nagpur,Maharashtra,West,2022-09-27
C01172,Watika Johal,Male,26,Hyderabad,Telangana,South,2025-11-01
C01173,Ganga Keer,Female,67,Nagpur,Maharashtra,West,2022-10-04
C01174,Agastya Chakraborty,Female,22,Hyderabad,Telangana,South,2022-11-20
C01175,Wakeeta Dixit,Female,27,Mumbai,Maharashtra,West,2023-01-13
C01176,Yasti Borde,Female,37,Lucknow,Uttar Pradesh,North,2024-04-27
C01177,Aahana Kashyap,Male,24,Ahmedabad,Gujarat,West,2022-11-08
C01178,Chaman Lalla,Female,56,Chennai,Tamil Nadu,South,2025-06-07
C01179,Chandresh Chaudhry,Male,32,Pune,Maharashtra,West,2025-05-06
C01180,Balveer Mannan,Female,26,Lucknow,Uttar Pradesh,North,2022-06-12
C01181,Dhriti Sandhu,Female,29,Nagpur,Maharashtra,West,2024-08-18
C01182,Girish Bath,Male,28,Guwahati,Assam,East,2024-08-28
C01183,Lakshit Garde,Male,35,Chennai,Tamil Nadu,South,2024-04-16
C01184,Ishita Sarma,Male,66,Bhubaneswar,Odisha,East,2025-10-06
C01185,Girik Pradhan,Female,62,Coimbatore,Tamil Nadu,South,2024-06-18
C01186,Qadim Comar,Female,43,Surat,Gujarat,West,2023-05-21
C01187,Mugdha Shan,Female,43,Noida,Uttar Pradesh,North,2024-02-19
C01188,Lekha Sridhar,Male,51,Noida,Uttar Pradesh,North,2025-05-01
C01189,Ojas Chowdhury,Male,51,Bengaluru,Karnataka,South,2022-03-28
C01190,Daniel Dutta,Female,51,Mumbai,Maharashtra,West,2025-02-16
C01191,Omaja Subramanian,Female,46,Delhi,Delhi,North,2023-01-24
C01192,Pratyush Raghavan,Female,28,Ahmedabad,Gujarat,West,2023-08-09
C01193,Ayush De,Male,47,Nagpur,Maharashtra,West,2022-04-22
C01194,Vinaya Chowdhury,Male,29,Guwahati,Assam,East,2022-07-05
C01195,Ridhi Batra,Female,44,Noida,Uttar Pradesh,North,2022-10-05
C01196,Advika Murthy,Female,55,Mumbai,Maharashtra,West,2023-01-02
C01197,Udarsh Nigam,Male,34,Bhubaneswar,Odisha,East,2024-07-20
C01198,Rachita Kothari,Male,25,Pune,Maharashtra,West,2022-09-11
C01199,Hiral Rajan,Female,64,Lucknow,Uttar Pradesh,North,2022-06-24
C01200,Chatura Apte,Male,42,Noida,Uttar Pradesh,North,2025-06-07
C01201,Yashasvi Singh,Female,54,Mumbai,Maharashtra,West,2022-12-16
C01202,Noah Borde,Male,29,Bhubaneswar,Odisha,East,2022-11-29
C01203,Ekani Khosla,Female,37,Delhi,Delhi,North,2024-05-09
C01204,Arunima Bedi,Male,25,Chandigarh,Chandigarh,North,2023-08-15
C01205,Kritika Rau,Female,18,Bhubaneswar,Odisha,East,2022-01-08
C01206,Farhan Sharaf,Male,56,Surat,Gujarat,West,2025-01-18
C01207,Sara Chakrabarti,Female,47,Bhubaneswar,Odisha,East,2023-03-21
C01208,Sanya Mutti,Male,33,Mumbai,Maharashtra,West,2025-05-16
C01209,Widisha Badami,Male,21,Patna,Bihar,East,2025-06-23
C01210,Netra Sachar,Female,20,Chennai,Tamil Nadu,South,2025-08-30
C01211,Aadi Chand,Female,39,Chennai,Tamil Nadu,South,2025-09-28
C01212,Yashoda Jhaveri,Female,29,Kolkata,West Bengal,East,2022-08-12
C01213,Harita Patla,Male,47,Kochi,Kerala,South,2025-06-05
C01214,Udant Sha,Male,67,Lucknow,Uttar Pradesh,North,2022-03-15
C01215,Urvashi Patla,Male,66,Kochi,Kerala,South,2024-02-16
C01216,Ishaan Chatterjee,Female,48,Nagpur,Maharashtra,West,2022-05-13
C01217,Aarnav Om,Female,51,Kochi,Kerala,South,2023-11-06
C01218,Bishakha Vig,Male,24,Coimbatore,Tamil Nadu,South,2025-06-07
C01219,Hitesh Bath,Female,64,Nagpur,Maharashtra,West,2022-06-29
C01220,Waida Dey,Female,34,Lucknow,Uttar Pradesh,North,2024-05-24
C01221,Hredhaan Kumar,Male,57,Nagpur,Maharashtra,West,2023-12-26
C01222,Raghav Dara,Female,49,Nagpur,Maharashtra,West,2025-07-18
C01223,Tanveer Shankar,Female,30,Noida,Uttar Pradesh,North,2023-04-22
C01224,Hamsini Chokshi,Male,65,Chennai,Tamil Nadu,South,2024-08-10
C01225,Chakradhar Dasgupta,Female,20,Ranchi,Jharkhand,East,2024-04-29
C01226,Tanvi Thaman,Male,18,Nagpur,Maharashtra,West,2025-07-29
C01227,Wishi Agrawal,Male,37,Lucknow,Uttar Pradesh,North,2023-06-06
C01228,Rachita Subramanian,Male,25,Nagpur,Maharashtra,West,2023-10-26
C01229,Oscar Dave,Male,29,Lucknow,Uttar Pradesh,North,2024-03-22
C01230,Lila Nagy,Female,48,Kochi,Kerala,South,2025-10-09
C01231,Omya Kothari,Male,58,Jaipur,Rajasthan,North,2024-09-13
C01232,Mitali Oza,Female,68,Nagpur,Maharashtra,West,2023-11-18
C01233,Sneha Deol,Female,54,Delhi,Delhi,North,2024-12-03
C01234,Nitara Vala,Male,31,Lucknow,Uttar Pradesh,North,2025-02-11
C01235,Dipta Kalla,Male,27,Ahmedabad,Gujarat,West,2023-12-26
C01236,Shaurya Mannan,Female,58,Chennai,Tamil Nadu,South,2023-11-26
C01237,Kevin Gokhale,Female,29,Pune,Maharashtra,West,2025-03-15
C01238,Jack Pandey,Female,63,Lucknow,Uttar Pradesh,North,2025-12-15
C01239,Omisha Walla,Female,33,Bengaluru,Karnataka,South,2022-06-27
C01240,Pahal Arya,Female,29,Ahmedabad,Gujarat,West,2023-03-19
C01241,Aryan Raj,Male,46,Chennai,Tamil Nadu,South,2023-02-18
C01242,Chatresh Bhalla,Male,30,Surat,Gujarat,West,2024-10-21
C01243,Amara Dyal,Female,67,Surat,Gujarat,West,2024-12-08
C01244,Zashil Dhingra,Male,31,Mumbai,Maharashtra,West,2024-11-23
C01245,Chakrika Jani,Male,18,Chandigarh,Chandigarh,North,2024-03-04
C01246,Jagrati Sethi,Male,39,Mumbai,Maharashtra,West,2025-11-08
C01247,Udarsh Ramachandran,Female,19,Mumbai,Maharashtra,West,2022-07-31
C01248,Yasti Mani,Male,38,Ahmedabad,Gujarat,West,2025-08-01
C01249,Lakshmi Ram,Female,67,Kochi,Kerala,South,2023-07-21
C01250,Dhriti Bhagat,Male,28,Mumbai,Maharashtra,West,2023-07-13
C01251,Zayan Jain,Male,31,Chennai,Tamil Nadu,South,2025-06-29
C01252,Umang Pillai,Female,27,Nagpur,Maharashtra,West,2023-10-15
C01253,Rishi Menon,Male,28,Patna,Bihar,East,2025-03-21
C01254,Peter Borde,Female,21,Hyderabad,Telangana,South,2023-11-25
C01255,Oscar Varkey,Male,24,Bengaluru,Karnataka,South,2025-10-15
C01256,Krishna Baria,Female,29,Mumbai,Maharashtra,West,2024-05-23
C01257,Arya Lalla,Female,57,Noida,Uttar Pradesh,North,2025-07-13
C01258,Naveen Kumer,Male,66,Ahmedabad,Gujarat,West,2023-02-10
C01259,Ganga Shukla,Male,70,Noida,Uttar Pradesh,North,2022-09-27
C01260,Balveer Dube,Female,37,Chandigarh,Chandigarh,North,2022-07-19
C01261,Charan Mitra,Male,32,Chandigarh,Chandigarh,North,2024-08-21
C01262,Ishita Bora,Female,43,Hyderabad,Telangana,South,2023-06-13
C01263,Thomas Gour,Female,49,Kochi,Kerala,South,2023-10-28
C01264,Yashasvi Dutta,Female,48,Bengaluru,Karnataka,South,2022-08-20
C01265,Netra Chanda,Female,56,Pune,Maharashtra,West,2023-08-02
C01266,Timothy Kala,Female,70,Nagpur,Maharashtra,West,2022-07-30
C01267,Garima Patel,Male,68,Delhi,Delhi,North,2023-10-30
C01268,Tejas Wali,Female,33,Surat,Gujarat,West,2024-03-31
C01269,Aditya Contractor,Female,42,Noida,Uttar Pradesh,North,2022-11-22
C01270,Sanaya Khosla,Female,68,Coimbatore,Tamil Nadu,South,2025-11-22
C01271,Balveer Nagi,Male,29,Ranchi,Jharkhand,East,2023-12-02
C01272,Ishaan Raju,Female,25,Delhi,Delhi,North,2025-12-28
C01273,Barkha Bakshi,Male,70,Chandigarh,Chandigarh,North,2023-10-29
C01274,Yoshita Trivedi,Male,56,Ahmedabad,Gujarat,West,2024-04-11
C01275,Vidhi Bassi,Female,49,Hyderabad,Telangana,South,2024-02-16
C01276,Reyansh Nagi,Male,70,Delhi,Delhi,North,2022-07-05
C01277,Gopal Ganesh,Male,66,Hyderabad,Telangana,South,2025-07-26
C01278,Dominic Kade,Female,42,Coimbatore,Tamil Nadu,South,2024-07-16
C01279,Panini Chawla,Male,61,Chandigarh,Chandigarh,North,2023-02-05
C01280,Radhika Bora,Female,45,Patna,Bihar,East,2025-03-13
C01281,Arjun Sharaf,Male,57,Lucknow,Uttar Pradesh,North,2022-07-02
C01282,Baljiwan Chahal,Female,21,Guwahati,Assam,East,2022-09-19
C01283,Chatura Gokhale,Male,63,Nagpur,Maharashtra,West,2022-04-19
C01284,Ekavir Kari,Female,19,Ahmedabad,Gujarat,West,2022-08-13
C01285,Nikita Rama,Female,63,Hyderabad,Telangana,South,2024-03-18
C01286,Nidhi Sant,Male,60,Surat,Gujarat,West,2024-06-10
C01287,Anay Ramachandran,Female,41,Coimbatore,Tamil Nadu,South,2023-01-21
C01288,Abeer Bhatnagar,Male,26,Bhubaneswar,Odisha,East,2023-08-14
C01289,Elijah Parmar,Female,60,Chennai,Tamil Nadu,South,2022-10-22
C01290,Bimala Mitra,Male,59,Pune,Maharashtra,West,2022-06-23
C01291,Baghyawati Sarma,Female,57,Chandigarh,Chandigarh,North,2025-11-25
C01292,Megha Balasubramanian,Female,42,Hyderabad,Telangana,South,2024-05-18
C01293,Naksh Walla,Male,54,Pune,Maharashtra,West,2024-05-19
C01294,Laban Raman,Female,44,Pune,Maharashtra,West,2025-12-29
C01295,Maanas Misra,Male,20,Ranchi,Jharkhand,East,2024-01-22
C01296,Advay Dhaliwal,Female,62,Ahmedabad,Gujarat,West,2022-08-20
C01297,Benjamin Ahluwalia,Female,51,Hyderabad,Telangana,South,2023-07-27
C01298,Frederick Mody,Male,48,Hyderabad,Telangana,South,2022-07-01
C01299,Hemangini Kakar,Female,57,Delhi,Delhi,North,2025-11-01
C01300,Yauvani Dhar,Male,48,Kochi,Kerala,South,2024-12-31
C01301,Qarin Kant,Female,44,Surat,Gujarat,West,2025-03-21
C01302,Rishi Contractor,Male,20,Ahmedabad,Gujarat,West,2023-08-16
C01303,Chatura Shenoy,Female,21,Noida,Uttar Pradesh,North,2023-09-15
C01304,Bina Bhavsar,Male,60,Noida,Uttar Pradesh,North,2022-12-13
C01305,Guneet Hora,Female,49,Ranchi,Jharkhand,East,2022-02-25
C01306,Ganga Parikh,Female,34,Hyderabad,Telangana,South,2022-06-07
C01307,Wahab Chaudhry,Female,18,Kochi,Kerala,South,2023-07-18
C01308,Ekaraj Hari,Male,60,Noida,Uttar Pradesh,North,2022-12-24
C01309,Vedika Seshadri,Male,49,Pune,Maharashtra,West,2023-06-20
C01310,Damini Dua,Female,23,Hyderabad,Telangana,South,2022-03-09
C01311,Diya Sangha,Female,66,Ranchi,Jharkhand,East,2022-11-12
C01312,Aayush Munshi,Female,64,Guwahati,Assam,East,2023-05-03
C01313,Timothy Sarin,Female,21,Jaipur,Rajasthan,North,2025-03-29
C01314,Jagvi Desai,Male,47,Delhi,Delhi,North,2022-04-18
C01315,Varsha Shere,Male,42,Ahmedabad,Gujarat,West,2024-09-02
C01316,Jagrati Mody,Female,27,Chandigarh,Chandigarh,North,2024-08-29
C01317,Ikbal Gill,Female,69,Surat,Gujarat,West,2022-01-25
C01318,Avni Dey,Male,24,Ahmedabad,Gujarat,West,2024-12-21
C01319,Adya Bose,Female,39,Patna,Bihar,East,2024-06-03
C01320,Anirudh Tripathi,Female,47,Chennai,Tamil Nadu,South,2023-06-07
C01321,Nidhi Kala,Male,51,Jaipur,Rajasthan,North,2025-10-08
C01322,Abha Zacharia,Male,61,Pune,Maharashtra,West,2023-10-04
C01323,Manthan Pau,Female,24,Chennai,Tamil Nadu,South,2022-01-25
C01324,Udant Mannan,Male,64,Surat,Gujarat,West,2023-12-21
C01325,Ucchal Thaker,Male,57,Coimbatore,Tamil Nadu,South,2022-03-11
C01326,Mekhala Patla,Male,56,Hyderabad,Telangana,South,2025-09-06
C01327,William Gandhi,Male,42,Delhi,Delhi,North,2022-06-26
C01328,Sanaya Dutta,Male,62,Noida,Uttar Pradesh,North,2023-01-14
C01329,Madhav Sule,Male,58,Kochi,Kerala,South,2024-08-14
C01330,Banjeet Kanda,Female,34,Ahmedabad,Gujarat,West,2024-05-24
C01331,Vincent Bhatnagar,Male,42,Chennai,Tamil Nadu,South,2023-07-22
C01332,Kala Kaur,Female,29,Mumbai,Maharashtra,West,2023-06-13
C01333,Samuel Vasa,Female,29,Surat,Gujarat,West,2023-02-15
C01334,Lipika Singh,Female,31,Delhi,Delhi,North,2022-10-22
C01335,Chakradhar Baral,Female,24,Delhi,Delhi,North,2024-06-23
C01336,Harshil Verma,Female,67,Chennai,Tamil Nadu,South,2025-03-16
C01337,Adya Ghosh,Male,20,Surat,Gujarat,West,2022-11-01
C01338,Kritika Pau,Female,43,Lucknow,Uttar Pradesh,North,2022-11-07
C01339,Zansi Krishnamurthy,Female,48,Nagpur,Maharashtra,West,2025-12-20
C01340,Udant Varty,Male,18,Mumbai,Maharashtra,West,2025-01-11
C01341,Ira Pai,Female,39,Surat,Gujarat,West,2022-09-06
C01342,Vasatika Ahuja,Male,41,Chandigarh,Chandigarh,North,2022-04-24
C01343,Ria Gandhi,Female,66,Ahmedabad,Gujarat,West,2022-06-14
C01344,Faraj Varkey,Male,42,Jaipur,Rajasthan,North,2022-12-28
C01345,Siddharth Doctor,Female,24,Lucknow,Uttar Pradesh,North,2025-11-26
C01346,Nakul Pathak,Male,58,Lucknow,Uttar Pradesh,North,2024-09-23
C01347,Victor Sachdeva,Male,30,Pune,Maharashtra,West,2022-10-14
C01348,Ishaan Subramaniam,Female,42,Hyderabad,Telangana,South,2023-05-04
C01349,Varenya Kade,Female,49,Hyderabad,Telangana,South,2025-08-10
C01350,Nirja Bains,Male,39,Surat,Gujarat,West,2022-02-03
C01351,Caleb Datta,Male,31,Chennai,Tamil Nadu,South,2024-04-10
C01352,Krish Vala,Male,65,Noida,Uttar Pradesh,North,2024-07-27
C01353,Manan Bhalla,Male,49,Mumbai,Maharashtra,West,2022-03-17
C01354,Aarna Gole,Male,33,Chandigarh,Chandigarh,North,2025-06-20
C01355,Anirudh Mander,Male,58,Jaipur,Rajasthan,North,2022-01-30
C01356,Tarak Sen,Female,57,Kochi,Kerala,South,2022-07-19
C01357,Vasatika Garde,Male,25,Hyderabad,Telangana,South,2022-05-11
C01358,Nirja Dhar,Male,69,Nagpur,Maharashtra,West,2023-03-28
C01359,Yasti Lalla,Female,38,Kochi,Kerala,South,2025-10-21
C01360,Hema Setty,Male,38,Hyderabad,Telangana,South,2025-01-22
C01361,Victor Radhakrishnan,Male,39,Bhubaneswar,Odisha,East,2022-04-04
C01362,Kevin Chopra,Female,28,Kochi,Kerala,South,2022-10-17
C01363,Samaksh Virk,Female,33,Noida,Uttar Pradesh,North,2022-12-04
C01364,Mason Char,Male,68,Kolkata,West Bengal,East,2022-10-01
C01365,Vamakshi Barad,Male,19,Ranchi,Jharkhand,East,2024-02-10
C01366,Girik Subramaniam,Male,29,Kolkata,West Bengal,East,2022-01-14
C01367,Aarav Sankar,Female,62,Ranchi,Jharkhand,East,2023-08-05
C01368,Kamala Bassi,Male,31,Chandigarh,Chandigarh,North,2025-11-18
C01369,Veer Subramaniam,Female,44,Kochi,Kerala,South,2024-12-07
C01370,Inaya Chaudhari,Male,56,Coimbatore,Tamil Nadu,South,2025-06-04
C01371,Krish Kumar,Male,58,Bengaluru,Karnataka,South,2025-06-07
C01372,Viraj Chacko,Female,18,Patna,Bihar,East,2023-12-14
C01373,Nilima Kurian,Male,57,Pune,Maharashtra,West,2022-08-29
C01374,Abdul Amble,Male,47,Nagpur,Maharashtra,West,2024-11-05
C01375,Zinal Amble,Male,30,Jaipur,Rajasthan,North,2023-07-21
C01376,Samesh Mutti,Female,49,Coimbatore,Tamil Nadu,South,2025-11-04
C01377,Janaki Chhabra,Female,36,Chennai,Tamil Nadu,South,2022-04-21
C01378,Pooja Kulkarni,Female,20,Kochi,Kerala,South,2023-11-16
C01379,Pallavi Pau,Male,28,Chennai,Tamil Nadu,South,2025-01-05
C01380,Mekhala Jani,Male,22,Chandigarh,Chandigarh,North,2024-11-20
C01381,Vasudha Gola,Female,44,Guwahati,Assam,East,2025-04-28
C01382,Veda Kulkarni,Male,38,Kochi,Kerala,South,2023-04-17
C01383,Hemangini Rao,Male,42,Coimbatore,Tamil Nadu,South,2024-04-24
C01384,Jagat Karpe,Female,21,Kolkata,West Bengal,East,2024-08-22
C01385,Neel Chaudhry,Female,29,Bhubaneswar,Odisha,East,2023-03-19
C01386,Yashoda Rattan,Male,58,Pune,Maharashtra,West,2024-07-26
C01387,Charles Dyal,Female,26,Ahmedabad,Gujarat,West,2023-02-19
C01388,Abdul Chand,Female,26,Hyderabad,Telangana,South,2022-05-03
C01389,Urishilla Saran,Female,28,Bengaluru,Karnataka,South,2024-07-28
C01390,Devansh Lall,Male,68,Jaipur,Rajasthan,North,2023-08-28
C01391,Kamala Buch,Male,23,Noida,Uttar Pradesh,North,2022-12-15
C01392,Leena Rattan,Male,55,Nagpur,Maharashtra,West,2024-09-28
C01393,Dakshesh Gill,Male,64,Surat,Gujarat,West,2023-07-26
C01394,Reva Anne,Female,45,Pune,Maharashtra,West,2023-05-23
C01395,Zarna Mangal,Male,44,Nagpur,Maharashtra,West,2022-11-02
C01396,Bahadurjit Uppal,Male,45,Kolkata,West Bengal,East,2024-08-21
C01397,Omkaar Banik,Male,46,Surat,Gujarat,West,2025-11-27
C01398,William Acharya,Male,62,Mumbai,Maharashtra,West,2025-02-17
C01399,Gabriel Majumdar,Female,36,Jaipur,Rajasthan,North,2022-09-29
C01400,Ira Rana,Female,60,Chennai,Tamil Nadu,South,2022-02-02
C01401,Sai Vasa,Male,47,Surat,Gujarat,West,2025-03-14
C01402,Ekapad Chana,Female,29,Pune,Maharashtra,West,2025-12-11
C01403,Ijaya Palan,Female,63,Lucknow,Uttar Pradesh,North,2025-07-07
C01404,Upkaar Hayer,Female,51,Delhi,Delhi,North,2024-02-28
C01405,Netra Agrawal,Male,68,Bengaluru,Karnataka,South,2023-07-07
C01406,Parth Ray,Male,50,Noida,Uttar Pradesh,North,2023-11-19
C01407,Elijah Thakur,Male,42,Patna,Bihar,East,2022-04-16
C01408,Harini Dada,Female,41,Nagpur,Maharashtra,West,2022-03-25
C01409,Zashil Savant,Male,53,Hyderabad,Telangana,South,2025-12-14
C01410,Veda Kohli,Female,33,Jaipur,Rajasthan,North,2022-10-11
C01411,Tara Sharma,Male,66,Surat,Gujarat,West,2025-04-03
C01412,Vasatika Dada,Female,35,Jaipur,Rajasthan,North,2023-10-19
C01413,Ekansh Raja,Male,22,Surat,Gujarat,West,2023-07-22
C01414,Victor Mutti,Male,48,Surat,Gujarat,West,2024-09-22
C01415,Ira Varty,Female,57,Noida,Uttar Pradesh,North,2023-08-22
C01416,Adya Kothari,Female,23,Mumbai,Maharashtra,West,2023-01-21
C01417,Girik Rastogi,Male,24,Coimbatore,Tamil Nadu,South,2023-08-14
C01418,Faqid Gokhale,Male,49,Chennai,Tamil Nadu,South,2025-11-28
C01419,Dipta Pandya,Male,36,Coimbatore,Tamil Nadu,South,2024-12-02
C01420,Amruta Goswami,Female,40,Nagpur,Maharashtra,West,2022-09-28
C01421,Wishi Iyengar,Male,22,Mumbai,Maharashtra,West,2023-08-21
C01422,Wyatt Lanka,Female,44,Coimbatore,Tamil Nadu,South,2024-11-30
C01423,Veer Jain,Female,47,Ahmedabad,Gujarat,West,2024-09-22
C01424,Ishani Dugal,Male,68,Pune,Maharashtra,West,2023-09-20
C01425,Jagdish Brar,Female,67,Bengaluru,Karnataka,South,2024-02-01
C01426,Abeer Basak,Female,47,Bhubaneswar,Odisha,East,2023-12-25
C01427,Kamya Murty,Female,29,Ranchi,Jharkhand,East,2022-11-26
C01428,Anvi Swaminathan,Male,25,Bhubaneswar,Odisha,East,2022-11-27
C01429,Yasti Mammen,Male,46,Kochi,Kerala,South,2025-03-22
C01430,Tristan Dave,Male,60,Coimbatore,Tamil Nadu,South,2023-02-25
C01431,Pallavi Sridhar,Female,46,Ahmedabad,Gujarat,West,2022-10-30
C01432,Yadavi Palan,Female,25,Pune,Maharashtra,West,2024-12-28
C01433,Owen Shankar,Male,47,Guwahati,Assam,East,2024-10-19
C01434,Zarna Sharma,Female,59,Bhubaneswar,Odisha,East,2022-01-09
C01435,Abhiram Arora,Male,69,Chandigarh,Chandigarh,North,2023-08-17
C01436,Ladli Chaudhuri,Male,64,Surat,Gujarat,West,2023-11-25
C01437,Janaki Lad,Male,37,Mumbai,Maharashtra,West,2022-10-13
C01438,Adya Khalsa,Female,40,Hyderabad,Telangana,South,2023-03-28
C01439,Urishilla Oza,Male,55,Chennai,Tamil Nadu,South,2025-05-30
C01440,Qarin Tara,Male,23,Ahmedabad,Gujarat,West,2023-02-05
C01441,Shivansh Saini,Male,50,Surat,Gujarat,West,2025-10-18
C01442,Janya Rattan,Male,60,Surat,Gujarat,West,2023-10-13
C01443,Shravya Gole,Female,42,Pune,Maharashtra,West,2024-05-25
C01444,Veer Chaudhry,Female,37,Ahmedabad,Gujarat,West,2023-12-08
C01445,Warinder Sankaran,Male,64,Ranchi,Jharkhand,East,2022-06-29
C01446,Rohan Dhingra,Female,28,Guwahati,Assam,East,2024-06-25
C01447,Urvashi Andra,Male,55,Chandigarh,Chandigarh,North,2024-04-28
C01448,Oviya Tata,Female,48,Jaipur,Rajasthan,North,2023-03-02
C01449,Zansi Walla,Male,55,Ranchi,Jharkhand,East,2023-11-18
C01450,Vidhi Mital,Female,58,Delhi,Delhi,North,2022-01-14
C01451,Champak Rao,Female,63,Guwahati,Assam,East,2022-12-25
C01452,Nihal Bhasin,Male,42,Pune,Maharashtra,West,2023-02-13
C01453,Aachal Soni,Female,55,Bengaluru,Karnataka,South,2022-03-28
C01454,Shivani Natt,Male,19,Nagpur,Maharashtra,West,2024-08-07
C01455,Jalsa Parsa,Female,58,Jaipur,Rajasthan,North,2023-06-22
C01456,Hemangini Bahri,Female,44,Guwahati,Assam,East,2022-09-12
C01457,Jairaj Panchal,Male,66,Coimbatore,Tamil Nadu,South,2022-02-28
C01458,Owen Mane,Female,55,Chennai,Tamil Nadu,South,2025-05-11
C01459,Ekta Uppal,Female,62,Surat,Gujarat,West,2023-06-13
C01460,Sanya Brar,Male,34,Lucknow,Uttar Pradesh,North,2024-11-15
C01461,Bhavini Sheth,Female,47,Chennai,Tamil Nadu,South,2022-10-27
C01462,Oliver Nazareth,Male,21,Bhubaneswar,Odisha,East,2024-01-02
C01463,Nidhi Bora,Female,21,Bengaluru,Karnataka,South,2025-07-27
C01464,Neel Oza,Male,50,Hyderabad,Telangana,South,2025-08-01
C01465,Dipta Nadig,Male,52,Coimbatore,Tamil Nadu,South,2022-07-13
C01466,Amara Rana,Female,35,Ahmedabad,Gujarat,West,2025-11-03
C01467,Sai Patil,Female,70,Lucknow,Uttar Pradesh,North,2022-07-16
C01468,Odika Ganesh,Female,41,Coimbatore,Tamil Nadu,South,2024-11-27
C01469,Arin Dass,Male,24,Chandigarh,Chandigarh,North,2023-11-28
C01470,Zayan Buch,Male,68,Hyderabad,Telangana,South,2023-03-29
C01471,Ojas Ranganathan,Male,44,Ranchi,Jharkhand,East,2025-11-13
C01472,Girish Bhatt,Male,19,Mumbai,Maharashtra,West,2022-08-27
C01473,Chatura Bal,Female,26,Ahmedabad,Gujarat,West,2025-11-16
C01474,Fiyaz Chawla,Female,29,Noida,Uttar Pradesh,North,2024-12-07
C01475,Nachiket Chad,Male,26,Delhi,Delhi,North,2022-08-31
C01476,Dayamai Karnik,Male,37,Bhubaneswar,Odisha,East,2025-11-10
C01477,Bhanumati Savant,Female,62,Coimbatore,Tamil Nadu,South,2022-06-10
C01478,Karan Vyas,Male,67,Delhi,Delhi,North,2022-06-09
C01479,Ayush Banerjee,Male,24,Surat,Gujarat,West,2022-03-29
C01480,Eshana Soni,Male,48,Hyderabad,Telangana,South,2025-04-29
C01481,Anita Saxena,Male,37,Kochi,Kerala,South,2022-03-30
C01482,Peter Shan,Male,55,Delhi,Delhi,North,2022-09-11
C01483,Dayita Palan,Female,19,Bhubaneswar,Odisha,East,2025-10-05
C01484,Utkarsh Chakraborty,Female,40,Kochi,Kerala,South,2025-04-02
C01485,Darika Pau,Male,50,Hyderabad,Telangana,South,2025-06-09
C01486,Abha Dugal,Male,51,Mumbai,Maharashtra,West,2025-03-30
C01487,Advaith Acharya,Male,66,Coimbatore,Tamil Nadu,South,2023-08-01
C01488,Hemangini Mangat,Female,41,Mumbai,Maharashtra,West,2023-03-15
C01489,Abhiram Swamy,Male,29,Jaipur,Rajasthan,North,2024-06-19
C01490,Chandani Andra,Male,50,Guwahati,Assam,East,2024-05-18
C01491,Brinda Kashyap,Male,47,Chennai,Tamil Nadu,South,2023-10-06
C01492,Kashvi Gulati,Female,63,Coimbatore,Tamil Nadu,South,2024-10-12
C01493,Rajeshri Rana,Female,49,Chennai,Tamil Nadu,South,2022-06-18
C01494,Nihal Ramakrishnan,Female,61,Kochi,Kerala,South,2024-07-24
C01495,Thomas Lall,Female,36,Guwahati,Assam,East,2023-04-08
C01496,Pahal Khatri,Male,69,Guwahati,Assam,East,2023-01-22
C01497,Bhavani Wali,Male,61,Ahmedabad,Gujarat,West,2023-01-03
C01498,Nitara Guha,Female,51,Mumbai,Maharashtra,West,2024-03-22
C01499,Qabil Deshpande,Male,43,Delhi,Delhi,North,2022-09-02
C01500,Indrajit Shah,Male,22,Nagpur,Maharashtra,West,2022-07-28
C01501,Anita Swamy,Male,56,Pune,Maharashtra,West,2023-11-25
C01502,Ekani Bahl,Male,45,Guwahati,Assam,East,2022-09-09
C01503,Chandran Warrior,Female,66,Lucknow,Uttar Pradesh,North,2025-04-06
C01504,Quincy Chaudry,Female,60,Chandigarh,Chandigarh,North,2023-12-31
C01505,Amruta Dass,Female,27,Chandigarh,Chandigarh,North,2024-09-19
C01506,Abhiram Kaul,Female,49,Delhi,Delhi,North,2022-09-08
C01507,Matthew Aurora,Male,65,Pune,Maharashtra,West,2022-03-02
C01508,Teerth Oommen,Male,29,Chennai,Tamil Nadu,South,2024-10-17
C01509,Devika Tara,Female,57,Ahmedabad,Gujarat,West,2022-11-09
C01510,Ubika Balay,Female,68,Delhi,Delhi,North,2025-09-15
C01511,Faris Dhingra,Female,49,Ahmedabad,Gujarat,West,2025-09-17
C01512,Amaira Ramanathan,Male,66,Nagpur,Maharashtra,West,2023-12-05
C01513,Upma Golla,Female,46,Bengaluru,Karnataka,South,2022-09-01
C01514,Zashil Raj,Female,20,Surat,Gujarat,West,2024-06-25
C01515,Jairaj Kothari,Female,63,Hyderabad,Telangana,South,2025-09-12
C01516,Saanvi Kota,Female,63,Bengaluru,Karnataka,South,2022-10-03
C01517,Rushil Sharma,Female,60,Mumbai,Maharashtra,West,2025-03-11
C01518,Sathvik Solanki,Female,48,Nagpur,Maharashtra,West,2025-03-17
C01519,Devika Naidu,Male,43,Pune,Maharashtra,West,2024-11-03
C01520,Brijesh Verma,Female,67,Hyderabad,Telangana,South,2024-02-13
C01521,Zehaan Srivastava,Male,55,Patna,Bihar,East,2022-05-06
C01522,Rushil Patel,Male,66,Kochi,Kerala,South,2023-12-16
C01523,Tejas Chowdhury,Male,45,Patna,Bihar,East,2024-02-19
C01524,Radha Nair,Female,21,Ahmedabad,Gujarat,West,2024-04-23
C01525,Oliver Majumdar,Female,55,Jaipur,Rajasthan,North,2023-04-26
C01526,Meghana Kibe,Male,39,Chennai,Tamil Nadu,South,2023-09-17
C01527,Brijesh Soman,Male,47,Hyderabad,Telangana,South,2023-10-30
C01528,Kamya Chakraborty,Female,35,Chandigarh,Chandigarh,North,2025-03-09
C01529,Nakul Tata,Male,38,Bengaluru,Karnataka,South,2025-04-19
C01530,Hamsini Bhasin,Male,69,Surat,Gujarat,West,2023-10-23
C01531,Ishani Dube,Female,50,Pune,Maharashtra,West,2023-11-20
C01532,Jeremiah Sura,Female,41,Lucknow,Uttar Pradesh,North,2022-12-08
C01533,Edhitha Palan,Male,52,Bhubaneswar,Odisha,East,2024-10-14
C01534,Reyansh Bail,Female,54,Kochi,Kerala,South,2022-04-08
C01535,Ishita Desai,Male,63,Pune,Maharashtra,West,2025-07-03
C01536,Balveer Sundaram,Female,35,Kolkata,West Bengal,East,2025-04-27
C01537,Chaitaly Suri,Female,31,Hyderabad,Telangana,South,2024-08-31
C01538,Rachit Pall,Female,50,Mumbai,Maharashtra,West,2025-08-27
C01539,Upadhriti Maharaj,Female,30,Chandigarh,Chandigarh,North,2025-09-20
C01540,Ekapad Wali,Female,60,Ahmedabad,Gujarat,West,2025-07-03
C01541,Shivani Merchant,Male,54,Jaipur,Rajasthan,North,2022-02-08
C01542,Jeevika Setty,Female,54,Surat,Gujarat,West,2023-07-03
C01543,Yashawini Raghavan,Male,41,Delhi,Delhi,North,2024-12-05
C01544,Anirudh Patla,Female,45,Pune,Maharashtra,West,2022-11-05
C01545,Ekani Bhatnagar,Male,44,Mumbai,Maharashtra,West,2025-07-22
C01546,Ranveer Viswanathan,Male,34,Kochi,Kerala,South,2025-08-16
C01547,Mitesh Mandal,Male,25,Jaipur,Rajasthan,North,2024-04-11
C01548,Nimrat Nagy,Female,47,Chennai,Tamil Nadu,South,2023-05-18
C01549,Gopal Virk,Male,30,Surat,Gujarat,West,2024-05-14
C01550,Caleb Dayal,Female,68,Coimbatore,Tamil Nadu,South,2022-03-01
C01551,Azad Jaggi,Male,64,Noida,Uttar Pradesh,North,2022-12-27
C01552,Vedika Handa,Male,38,Mumbai,Maharashtra,West,2022-04-24
C01553,Azad Rama,Female,60,Delhi,Delhi,North,2024-04-13
C01554,Aahana Bawa,Male,33,Delhi,Delhi,North,2024-03-23
C01555,Timothy Bobal,Female,49,Hyderabad,Telangana,South,2022-09-05
C01556,Sathvik Swamy,Male,67,Bhubaneswar,Odisha,East,2025-05-13
C01557,Upadhriti Bhat,Female,69,Lucknow,Uttar Pradesh,North,2025-04-11
C01558,Ojasvi Pillay,Male,27,Jaipur,Rajasthan,North,2024-05-16
C01559,Amaira Wadhwa,Female,44,Coimbatore,Tamil Nadu,South,2023-07-17
C01560,Ekavir Modi,Female,52,Hyderabad,Telangana,South,2022-04-25
C01561,Tarak Venkataraman,Female,48,Mumbai,Maharashtra,West,2023-10-11
C01562,Harrison Kashyap,Female,48,Lucknow,Uttar Pradesh,North,2022-10-24
C01563,Ranveer Hans,Male,65,Lucknow,Uttar Pradesh,North,2022-02-13
C01564,Praneel Sagar,Male,34,Delhi,Delhi,North,2025-11-15
C01565,Ishita Shanker,Female,69,Ahmedabad,Gujarat,West,2025-08-01
C01566,Hemang Ganesan,Female,42,Noida,Uttar Pradesh,North,2023-04-30
C01567,Neelima Thaman,Female,23,Bengaluru,Karnataka,South,2023-06-08
C01568,Nakul Walla,Male,28,Bhubaneswar,Odisha,East,2023-09-02
C01569,Indira Murty,Female,68,Patna,Bihar,East,2025-08-12
C01570,Kamya Sachar,Female,65,Chennai,Tamil Nadu,South,2024-10-03
C01571,Ekiya Khosla,Male,70,Ahmedabad,Gujarat,West,2024-05-15
C01572,Keya Kumar,Male,40,Kochi,Kerala,South,2024-11-02
C01573,Sneha Sem,Female,62,Nagpur,Maharashtra,West,2023-11-01
C01574,Aadi Banerjee,Male,58,Chennai,Tamil Nadu,South,2025-08-06
C01575,Amol Vasa,Female,30,Pune,Maharashtra,West,2022-01-07
C01576,Chasmum Ahuja,Male,25,Lucknow,Uttar Pradesh,North,2025-03-25
C01577,Tristan Kala,Male,56,Hyderabad,Telangana,South,2025-08-22
C01578,Anthony Majumdar,Female,65,Lucknow,Uttar Pradesh,North,2024-07-13
C01579,Girindra Barad,Female,69,Coimbatore,Tamil Nadu,South,2025-11-08
C01580,Ishani Dugal,Female,29,Chennai,Tamil Nadu,South,2024-04-28
C01581,Alka Peri,Male,19,Surat,Gujarat,West,2025-03-14
C01582,Viraj Kunda,Male,23,Ranchi,Jharkhand,East,2025-08-18
C01583,George Ratta,Male,21,Bhubaneswar,Odisha,East,2023-06-21
C01584,Faras Nair,Female,27,Surat,Gujarat,West,2025-05-14
C01585,Oscar Sura,Male,18,Kochi,Kerala,South,2022-12-15
C01586,Charita Barad,Female,25,Chandigarh,Chandigarh,North,2024-07-18
C01587,Farhan Bhalla,Female,36,Coimbatore,Tamil Nadu,South,2023-01-26
C01588,Ijaya Saraf,Female,31,Chandigarh,Chandigarh,North,2022-09-24
C01589,Jai Karan,Male,44,Lucknow,Uttar Pradesh,North,2025-10-18
C01590,Lavanya Bhagat,Female,34,Coimbatore,Tamil Nadu,South,2022-02-28
C01591,Benjamin Nagar,Female,55,Bengaluru,Karnataka,South,2023-05-24
C01592,Eta Thakkar,Male,48,Chandigarh,Chandigarh,North,2022-06-25
C01593,Michael Bedi,Female,61,Kochi,Kerala,South,2025-11-20
C01594,Sanaya Thaman,Female,65,Bengaluru,Karnataka,South,2025-12-21
C01595,Tristan Sankaran,Male,21,Delhi,Delhi,North,2022-07-15
C01596,Meera Divan,Female,56,Pune,Maharashtra,West,2024-08-22
C01597,Gayathri Butala,Male,18,Ranchi,Jharkhand,East,2025-12-24
C01598,Chandran Rastogi,Female,43,Hyderabad,Telangana,South,2024-02-20
C01599,Frederick Rastogi,Male,55,Jaipur,Rajasthan,North,2025-02-19
C01600,Kalpit Deshmukh,Female,39,Coimbatore,Tamil Nadu,South,2024-10-28
C01601,Rudra Sura,Female,63,Bhubaneswar,Odisha,East,2022-07-03
C01602,Rohan Viswanathan,Male,38,Pune,Maharashtra,West,2023-06-18
C01603,Xavier Bora,Female,65,Coimbatore,Tamil Nadu,South,2024-10-19
C01604,Qushi Naik,Female,57,Surat,Gujarat,West,2023-08-03
C01605,Isaiah Sachdev,Female,45,Patna,Bihar,East,2024-11-24
C01606,Jasmit Pall,Male,53,Patna,Bihar,East,2024-10-03
C01607,Ekani Padmanabhan,Male,27,Guwahati,Assam,East,2022-04-19
C01608,Dalaja Gara,Female,34,Coimbatore,Tamil Nadu,South,2022-03-15
C01609,Riya Dhingra,Male,49,Bengaluru,Karnataka,South,2024-06-12
C01610,Chaitanya Kaur,Female,47,Kochi,Kerala,South,2025-12-23
C01611,Kashvi Dugal,Female,23,Pune,Maharashtra,West,2022-09-11
C01612,Isaiah Bhagat,Male,65,Kochi,Kerala,South,2023-01-05
C01613,Manbir Mani,Male,55,Ahmedabad,Gujarat,West,2025-02-27
C01614,Hemal Choudhry,Male,44,Kolkata,West Bengal,East,2024-12-13
C01615,Shivani Sinha,Male,39,Bhubaneswar,Odisha,East,2024-10-17
C01616,Garima Kadakia,Female,55,Chennai,Tamil Nadu,South,2024-03-18
C01617,Samar Virk,Male,19,Kolkata,West Bengal,East,2023-10-25
C01618,Vasudha Dhaliwal,Female,56,Bengaluru,Karnataka,South,2024-07-18
C01619,Krisha Vyas,Female,38,Lucknow,Uttar Pradesh,North,2022-03-31
C01620,Aadhya Garde,Male,21,Ranchi,Jharkhand,East,2022-09-22
C01621,Bhanumati Iyer,Male,65,Lucknow,Uttar Pradesh,North,2023-10-24
C01622,Chatresh Shroff,Male,43,Hyderabad,Telangana,South,2024-02-21
C01623,Ekalinga Rama,Male,19,Coimbatore,Tamil Nadu,South,2024-03-27
C01624,Jagvi Chokshi,Female,36,Bhubaneswar,Odisha,East,2024-03-06
C01625,Brinda Raju,Female,49,Jaipur,Rajasthan,North,2022-09-04
C01626,Lajita Trivedi,Male,40,Lucknow,Uttar Pradesh,North,2025-11-03
C01627,Diya Sundaram,Male,49,Lucknow,Uttar Pradesh,North,2024-11-15
C01628,Quincy Issac,Female,54,Surat,Gujarat,West,2024-09-02
C01629,Anthony Baral,Female,57,Delhi,Delhi,North,2024-05-15
C01630,Dalaja Nath,Male,50,Bengaluru,Karnataka,South,2022-07-10
C01631,Maya Dugar,Male,59,Surat,Gujarat,West,2025-10-17
C01632,Idika Pandey,Male,36,Jaipur,Rajasthan,North,2024-10-11
C01633,Chasmum Keer,Female,27,Mumbai,Maharashtra,West,2024-09-05
C01634,David Kurian,Female,36,Patna,Bihar,East,2023-05-25
C01635,Ayushman Mammen,Male,50,Nagpur,Maharashtra,West,2022-06-06
C01636,Max Om,Male,47,Bengaluru,Karnataka,South,2024-04-25
C01637,Laksh Chahal,Female,34,Noida,Uttar Pradesh,North,2023-06-03
C01638,Utkarsh Sahni,Male,65,Noida,Uttar Pradesh,North,2022-02-03
C01639,Michael Sandhu,Female,20,Jaipur,Rajasthan,North,2023-01-09
C01640,Forum Sen,Female,66,Kochi,Kerala,South,2023-10-05
C01641,Samuel Devi,Female,69,Noida,Uttar Pradesh,North,2023-06-27
C01642,Lakshit More,Female,61,Coimbatore,Tamil Nadu,South,2022-06-10
C01643,Qushi Dhillon,Male,43,Hyderabad,Telangana,South,2022-02-06
C01644,Eesha Bir,Female,47,Coimbatore,Tamil Nadu,South,2025-09-05
C01645,Qarin Nadkarni,Female,57,Noida,Uttar Pradesh,North,2024-09-23
C01646,Ayushman Nagar,Female,69,Noida,Uttar Pradesh,North,2024-01-09
C01647,Nisha Mitter,Male,30,Pune,Maharashtra,West,2022-10-04
C01648,Anusha Doshi,Male,19,Chennai,Tamil Nadu,South,2025-11-26
C01649,Hredhaan Deep,Male,45,Coimbatore,Tamil Nadu,South,2025-08-23
C01650,Atharv Loke,Male,37,Ranchi,Jharkhand,East,2023-01-26
C01651,Vincent Kashyap,Female,19,Jaipur,Rajasthan,North,2024-08-28
C01652,Jagrati Buch,Female,49,Coimbatore,Tamil Nadu,South,2025-12-09
C01653,Krish Thakkar,Male,30,Surat,Gujarat,West,2025-04-13
C01654,Kashvi Gour,Female,18,Bengaluru,Karnataka,South,2022-04-15
C01655,Vyanjana Som,Female,65,Bengaluru,Karnataka,South,2024-05-01
C01656,Nihal Hans,Male,49,Nagpur,Maharashtra,West,2023-08-19
C01657,Bachittar Rege,Female,32,Nagpur,Maharashtra,West,2025-04-25
C01658,Anamika Sachar,Female,54,Noida,Uttar Pradesh,North,2022-02-08
C01659,Samaksh Jayaraman,Female,48,Mumbai,Maharashtra,West,2023-07-03
C01660,Peter Sarna,Female,46,Hyderabad,Telangana,South,2025-08-16
C01661,Ekta Shankar,Female,64,Delhi,Delhi,North,2022-11-27
C01662,Prisha Ravel,Male,50,Kochi,Kerala,South,2024-06-16
C01663,Lajita Munshi,Female,26,Kochi,Kerala,South,2025-05-18
C01664,Balvan Verma,Female,68,Guwahati,Assam,East,2024-05-03
C01665,Siya Shan,Male,36,Pune,Maharashtra,West,2025-06-27
C01666,Yatan Venkataraman,Female,26,Delhi,Delhi,North,2025-09-28
C01667,Balveer Ram,Female,24,Coimbatore,Tamil Nadu,South,2025-05-25
C01668,Ranveer Manne,Male,31,Chandigarh,Chandigarh,North,2023-09-14
C01669,Mitali Modi,Female,40,Mumbai,Maharashtra,West,2024-01-05
C01670,Triya Ganesan,Male,69,Jaipur,Rajasthan,North,2024-10-28
C01671,Chaitaly Bhagat,Male,25,Bengaluru,Karnataka,South,2022-08-22
C01672,Ubika Seth,Female,68,Surat,Gujarat,West,2023-06-13
C01673,Xiti Chowdhury,Female,27,Mumbai,Maharashtra,West,2025-02-14
C01674,Krishna Ramaswamy,Male,63,Ranchi,Jharkhand,East,2025-05-22
C01675,Ekiya Seshadri,Male,24,Bengaluru,Karnataka,South,2024-07-25
C01676,Praneel Setty,Male,50,Noida,Uttar Pradesh,North,2022-07-28
C01677,Suhani Chana,Female,28,Chennai,Tamil Nadu,South,2023-02-25
C01678,Ekiya Gade,Female,64,Chandigarh,Chandigarh,North,2024-11-02
C01679,Gavin Comar,Female,39,Bhubaneswar,Odisha,East,2025-08-18
C01680,Janani Chada,Female,44,Delhi,Delhi,North,2023-02-18
C01681,Yasti Dutta,Female,39,Delhi,Delhi,North,2023-05-18
C01682,Lajita Bassi,Female,41,Coimbatore,Tamil Nadu,South,2022-06-24
C01683,Gautami Doctor,Male,27,Chandigarh,Chandigarh,North,2024-01-09
C01684,Maanav Gola,Male,26,Noida,Uttar Pradesh,North,2024-05-13
C01685,Oni Morar,Female,51,Chandigarh,Chandigarh,North,2024-04-18
C01686,Sanaya Mani,Female,27,Lucknow,Uttar Pradesh,North,2022-03-02
C01687,Jacob Deep,Male,39,Noida,Uttar Pradesh,North,2022-05-23
C01688,Aarush Kulkarni,Male,43,Pune,Maharashtra,West,2024-06-07
C01689,Tara Tank,Male,58,Jaipur,Rajasthan,North,2025-03-22
C01690,Abdul Tak,Female,43,Ranchi,Jharkhand,East,2023-08-29
C01691,Teerth Soni,Female,40,Ranchi,Jharkhand,East,2023-09-16
C01692,Nimrat Sathe,Male,62,Kochi,Kerala,South,2024-12-16
C01693,Abeer Konda,Female,62,Pune,Maharashtra,West,2025-01-19
C01694,Sarthak Bawa,Female,23,Surat,Gujarat,West,2023-02-09
C01695,Manbir Bhakta,Male,51,Kochi,Kerala,South,2024-03-09
C01696,Balhaar Dhillon,Male,50,Patna,Bihar,East,2023-03-14
C01697,Chanchal Narula,Male,19,Nagpur,Maharashtra,West,2023-11-29
C01698,Chandran Chopra,Female,33,Hyderabad,Telangana,South,2025-04-28
C01699,Pranav Edwin,Male,64,Patna,Bihar,East,2024-05-15
C01700,Peter Shah,Female,25,Kochi,Kerala,South,2023-06-16
C01701,Balendra Chander,Female,54,Chennai,Tamil Nadu,South,2024-07-08
C01702,Ekantika Pillay,Male,69,Chandigarh,Chandigarh,North,2023-11-26
C01703,Ekansh Sane,Male,40,Noida,Uttar Pradesh,North,2025-03-04
C01704,Brinda Sinha,Male,63,Hyderabad,Telangana,South,2025-10-09
C01705,Jairaj Maharaj,Female,51,Pune,Maharashtra,West,2022-08-04
C01706,Odika Vohra,Male,27,Lucknow,Uttar Pradesh,North,2024-07-19
C01707,Shaurya Bhardwaj,Male,21,Chandigarh,Chandigarh,North,2022-06-17
C01708,Gagan Sule,Male,46,Pune,Maharashtra,West,2024-09-02
C01709,Prisha Nadig,Female,34,Hyderabad,Telangana,South,2024-04-04
C01710,Irya Dayal,Female,64,Chandigarh,Chandigarh,North,2024-06-20
C01711,Zinal Tank,Male,49,Bhubaneswar,Odisha,East,2022-10-23
C01712,Pranit Kaul,Male,62,Jaipur,Rajasthan,North,2025-12-13
C01713,Rishi Agarwal,Male,53,Bengaluru,Karnataka,South,2022-03-08
C01714,Arjun Shroff,Female,25,Mumbai,Maharashtra,West,2025-05-17
C01715,Sarthak Sachdeva,Male,51,Hyderabad,Telangana,South,2023-08-17
C01716,Chakradev Nath,Female,37,Kochi,Kerala,South,2023-09-17
C01717,Simon Apte,Male,68,Chennai,Tamil Nadu,South,2022-10-20
C01718,Baghyawati Kumar,Female,31,Delhi,Delhi,North,2023-09-17
C01719,Darika Mital,Male,53,Bengaluru,Karnataka,South,2022-01-05
C01720,Abeer Comar,Female,54,Mumbai,Maharashtra,West,2024-05-05
C01721,Harita Randhawa,Female,48,Surat,Gujarat,West,2023-11-23
C01722,Parth Hari,Male,50,Ranchi,Jharkhand,East,2022-09-29
C01723,Hamsini Srinivas,Female,27,Chandigarh,Chandigarh,North,2025-09-28
C01724,Balendra Deshpande,Female,42,Patna,Bihar,East,2022-07-02
C01725,Nachiket Sharma,Male,60,Bengaluru,Karnataka,South,2023-11-26
C01726,Turvi Sachdev,Male,28,Patna,Bihar,East,2025-08-15
C01727,Chandani Mutti,Female,53,Noida,Uttar Pradesh,North,2025-07-14
C01728,Sathvik Narula,Male,57,Noida,Uttar Pradesh,North,2022-06-24
C01729,Dominic Dixit,Male,66,Mumbai,Maharashtra,West,2025-03-13
C01730,Azaan Nori,Male,19,Mumbai,Maharashtra,West,2022-09-04
C01731,Noah Ramachandran,Female,23,Coimbatore,Tamil Nadu,South,2023-05-18
C01732,Jackson Morar,Female,55,Noida,Uttar Pradesh,North,2023-10-19
C01733,Azad Magar,Female,29,Chennai,Tamil Nadu,South,2023-11-28
C01734,Gabriel Taneja,Female,34,Nagpur,Maharashtra,West,2023-10-12
C01735,Kamya Seth,Male,36,Chennai,Tamil Nadu,South,2025-01-14
C01736,Tarak Vohra,Male,37,Kochi,Kerala,South,2022-07-03
C01737,Parth Choudhury,Female,29,Bhubaneswar,Odisha,East,2022-05-01
C01738,Baljiwan Jaggi,Female,24,Chennai,Tamil Nadu,South,2023-09-03
C01739,Sachi Toor,Female,42,Surat,Gujarat,West,2023-10-26
C01740,Vasudha Tella,Male,33,Kolkata,West Bengal,East,2022-04-17
C01741,Ranveer Oak,Female,50,Noida,Uttar Pradesh,North,2023-04-30
C01742,Dayita Narang,Female,21,Chandigarh,Chandigarh,North,2022-08-24
C01743,Guneet Varty,Male,48,Nagpur,Maharashtra,West,2024-04-13
C01744,Samesh Bansal,Female,53,Coimbatore,Tamil Nadu,South,2022-02-08
C01745,Lila Vig,Male,37,Kolkata,West Bengal,East,2023-05-20
C01746,Aayush Mukhopadhyay,Male,68,Surat,Gujarat,West,2022-06-21
C01747,Gagan Nath,Male,68,Patna,Bihar,East,2025-01-11
C01748,Chakradhar Chauhan,Female,20,Bengaluru,Karnataka,South,2025-02-10
C01749,Arin Muni,Female,59,Bengaluru,Karnataka,South,2025-06-25
C01750,Ekani Iyer,Female,35,Kolkata,West Bengal,East,2022-05-04
C01751,Bhavini Malhotra,Male,55,Chandigarh,Chandigarh,North,2023-12-21
C01752,Ridhi Dalal,Male,65,Patna,Bihar,East,2022-04-04
C01753,Manthan Dugar,Male,43,Mumbai,Maharashtra,West,2023-09-08
C01754,Ishwar Aurora,Female,45,Jaipur,Rajasthan,North,2025-02-13
C01755,Samuel Palla,Female,58,Hyderabad,Telangana,South,2023-10-14
C01756,Anika Dhaliwal,Male,60,Bengaluru,Karnataka,South,2023-07-14
C01757,Yash Garg,Female,56,Patna,Bihar,East,2023-03-08
C01758,Deepa Nigam,Male,56,Pune,Maharashtra,West,2025-08-16
C01759,Chandresh De,Male,44,Mumbai,Maharashtra,West,2025-10-09
C01760,Urishilla Bedi,Male,68,Surat,Gujarat,West,2024-03-15
C01761,Leela Bhagat,Male,70,Kolkata,West Bengal,East,2025-01-08
C01762,Pooja Ramanathan,Female,70,Delhi,Delhi,North,2023-12-24
C01763,Sanaya Parekh,Male,25,Chandigarh,Chandigarh,North,2022-12-29
C01764,Gaurangi Hora,Male,32,Pune,Maharashtra,West,2024-06-29
C01765,Udyati Deep,Female,30,Lucknow,Uttar Pradesh,North,2025-10-25
C01766,Upadhriti Chatterjee,Female,69,Hyderabad,Telangana,South,2025-07-04
C01767,Dayita Shroff,Female,20,Jaipur,Rajasthan,North,2024-10-08
C01768,Vincent Kapur,Male,30,Hyderabad,Telangana,South,2023-03-05
C01769,Aarna Patla,Female,54,Guwahati,Assam,East,2022-08-16
C01770,Qadim Narayanan,Male,60,Pune,Maharashtra,West,2025-02-04
C01771,Sudiksha Sura,Male,22,Noida,Uttar Pradesh,North,2025-03-03
C01772,Dhruv Soman,Female,54,Delhi,Delhi,North,2022-09-18
C01773,Indali Srinivas,Male,61,Ranchi,Jharkhand,East,2023-07-16
C01774,Onkar Mandal,Female,61,Hyderabad,Telangana,South,2025-06-12
C01775,Joshua Trivedi,Female,59,Surat,Gujarat,West,2022-01-05
C01776,Nidra Chhabra,Female,44,Delhi,Delhi,North,2023-10-24
C01777,Ekavir Mittal,Female,41,Hyderabad,Telangana,South,2024-08-13
C01778,Nandini Sachdev,Male,35,Mumbai,Maharashtra,West,2023-04-05
C01779,Yagnesh Dutt,Female,18,Ranchi,Jharkhand,East,2024-07-08
C01780,Leena Bhatti,Male,65,Ahmedabad,Gujarat,West,2022-06-17
C01781,Sathvik Sankar,Male,30,Bengaluru,Karnataka,South,2022-06-02
C01782,Hema Keer,Male,19,Kochi,Kerala,South,2022-05-09
C01783,Faras Sur,Female,34,Mumbai,Maharashtra,West,2025-04-28
C01784,Ubika Nanda,Female,21,Bengaluru,Karnataka,South,2023-05-04
C01785,Sai Goda,Male,67,Ranchi,Jharkhand,East,2023-04-30
C01786,Nidra Boase,Female,55,Chandigarh,Chandigarh,North,2022-07-15
C01787,Ladli Narang,Female,38,Chennai,Tamil Nadu,South,2022-03-10
C01788,Darsh Chana,Male,69,Kolkata,West Bengal,East,2022-09-19
C01789,Liam Acharya,Female,22,Ahmedabad,Gujarat,West,2025-06-04
C01790,Manthan Sethi,Male,36,Chennai,Tamil Nadu,South,2025-02-19
C01791,Madhavi Sekhon,Female,32,Guwahati,Assam,East,2022-07-16
C01792,Samesh Nadig,Female,42,Ranchi,Jharkhand,East,2022-01-22
C01793,Daksha Saran,Male,39,Surat,Gujarat,West,2025-06-24
C01794,Gaurav Anand,Female,55,Delhi,Delhi,North,2024-07-18
C01795,Joshua Menon,Male,55,Chennai,Tamil Nadu,South,2022-01-26
C01796,Kala Bera,Male,58,Jaipur,Rajasthan,North,2025-03-19
C01797,Jagrati Choudhary,Female,64,Ahmedabad,Gujarat,West,2024-05-12
C01798,Azaan Keer,Male,69,Jaipur,Rajasthan,North,2023-05-13
C01799,Meera Nadkarni,Female,50,Coimbatore,Tamil Nadu,South,2023-10-01
C01800,Nidra Raj,Male,27,Patna,Bihar,East,2023-09-30
C01801,Siddharth Ghose,Female,41,Nagpur,Maharashtra,West,2023-12-04
C01802,Liam Guha,Male,21,Ranchi,Jharkhand,East,2025-04-16
C01803,Jagvi Sahni,Female,40,Hyderabad,Telangana,South,2022-04-22
C01804,Bhavya Dass,Male,68,Coimbatore,Tamil Nadu,South,2025-08-04
C01805,Advay Bora,Female,62,Coimbatore,Tamil Nadu,South,2025-09-29
C01806,Maanas Sur,Female,55,Chandigarh,Chandigarh,North,2025-05-13
C01807,Laban Chad,Female,44,Ahmedabad,Gujarat,West,2025-06-15
C01808,Ojasvi Shah,Male,49,Mumbai,Maharashtra,West,2024-07-19
C01809,Pranit Sha,Male,62,Chennai,Tamil Nadu,South,2025-08-01
C01810,Shivani Rajagopalan,Male,48,Hyderabad,Telangana,South,2023-03-13
C01811,Upkaar Grewal,Male,43,Lucknow,Uttar Pradesh,North,2024-02-09
C01812,Abhimanyu Tara,Male,22,Chennai,Tamil Nadu,South,2024-01-14
C01813,Yachana Luthra,Male,36,Nagpur,Maharashtra,West,2022-08-24
C01814,Jeevika Bandi,Male,19,Nagpur,Maharashtra,West,2024-01-08
C01815,Vasudha Pillay,Male,34,Kochi,Kerala,South,2022-12-23
C01816,Vasatika Buch,Male,29,Lucknow,Uttar Pradesh,North,2025-02-09
C01817,Ati Shroff,Male,19,Coimbatore,Tamil Nadu,South,2023-06-21
C01818,Gaurang Korpal,Male,39,Bhubaneswar,Odisha,East,2024-02-16
C01819,Faras Zacharia,Male,41,Patna,Bihar,East,2024-07-23
C01820,Chatresh Oza,Female,63,Jaipur,Rajasthan,North,2024-12-15
C01821,Upasna Setty,Male,30,Coimbatore,Tamil Nadu,South,2022-09-25
C01822,Garima Sama,Female,58,Ahmedabad,Gujarat,West,2023-10-14
C01823,Chaitaly Mann,Male,52,Chennai,Tamil Nadu,South,2025-06-15
C01824,Balendra Modi,Male,21,Coimbatore,Tamil Nadu,South,2023-11-03
C01825,Darsh Solanki,Female,31,Lucknow,Uttar Pradesh,North,2022-09-16
C01826,Charan Manne,Male,28,Chandigarh,Chandigarh,North,2025-09-20
C01827,Bhavini Sundaram,Female,51,Nagpur,Maharashtra,West,2024-02-06
C01828,Jonathan Tiwari,Female,51,Ahmedabad,Gujarat,West,2025-12-30
C01829,Arunima Krishnan,Female,55,Chandigarh,Chandigarh,North,2024-08-28
C01830,Avni Maharaj,Male,31,Nagpur,Maharashtra,West,2025-08-23
C01831,Akshay Choudhury,Male,43,Coimbatore,Tamil Nadu,South,2024-07-14
C01832,Matthew Sekhon,Male,41,Bengaluru,Karnataka,South,2024-02-12
C01833,Parth Lal,Male,36,Chennai,Tamil Nadu,South,2022-10-03
C01834,Vedhika Golla,Male,47,Ahmedabad,Gujarat,West,2023-04-17
C01835,Hemal Chad,Female,47,Ahmedabad,Gujarat,West,2024-05-22
C01836,Mitesh Tandon,Female,35,Ahmedabad,Gujarat,West,2024-10-15
C01837,Leela Khanna,Male,34,Pune,Maharashtra,West,2024-06-23
C01838,Oliver Kade,Female,50,Lucknow,Uttar Pradesh,North,2022-06-18
C01839,Chatura Lalla,Male,24,Mumbai,Maharashtra,West,2023-07-21
C01840,Charles Ganesh,Male,39,Kochi,Kerala,South,2022-03-20
C01841,Mohini Soni,Female,65,Kochi,Kerala,South,2023-05-28
C01842,Vamakshi Walia,Male,66,Lucknow,Uttar Pradesh,North,2023-01-26
C01843,Ladli Ramakrishnan,Male,67,Noida,Uttar Pradesh,North,2023-06-19
C01844,Adweta Dhillon,Female,70,Kochi,Kerala,South,2024-04-07
C01845,Advik Mani,Male,43,Unknown,Maharashtra,West,2024-08-24
C01846,Lavanya Mutti,Male,51,Coimbatore,Tamil Nadu,South,2024-08-29
C01847,Gunbir Wali,Female,39,Noida,Uttar Pradesh,North,2024-08-17
C01848,Rachana Mahajan,Female,67,Lucknow,Uttar Pradesh,North,2023-01-20
C01849,Anamika Loke,Female,46,Guwahati,Assam,East,2023-03-06
C01850,Aadhya Raman,Male,54,Kolkata,West Bengal,East,2024-02-07
C01851,Wyatt Hayer,Female,69,Patna,Bihar,East,2022-01-20
C01852,Pranit Munshi,Male,44,Lucknow,Uttar Pradesh,North,2023-11-27
C01853,Abhiram Bir,Female,38,Surat,Gujarat,West,2025-11-15
C01854,Nisha Chaudhari,Male,27,Noida,Uttar Pradesh,North,2022-03-07
C01855,Sanaya Panchal,Female,42,Patna,Bihar,East,2025-03-09
C01856,Bhanumati Krishnamurthy,Female,30,Bengaluru,Karnataka,South,2022-05-11
C01857,Bahadurjit Bajwa,Female,58,Ahmedabad,Gujarat,West,2025-03-12
C01858,Dakshesh Kalla,Male,61,Kolkata,West Bengal,East,2022-12-18
C01859,Jagdish Chadha,Female,19,Mumbai,Maharashtra,West,2025-11-12
C01860,Keya Goyal,Female,31,Chennai,Tamil Nadu,South,2024-03-01
C01861,Qarin Kulkarni,Female,21,Hyderabad,Telangana,South,2022-05-24
C01862,Unni Borra,Female,44,Mumbai,Maharashtra,West,2022-12-18
C01863,Aradhana Sane,Female,48,Mumbai,Maharashtra,West,2022-09-22
C01864,Aarini Edwin,Male,31,Chandigarh,Chandigarh,North,2023-02-27
C01865,Aradhana Bhatia,Female,55,Surat,Gujarat,West,2022-11-22
C01866,Lipika Natarajan,Male,18,Bengaluru,Karnataka,South,2023-07-19
C01867,Aarna Lanka,Female,56,Guwahati,Assam,East,2022-05-12
C01868,Ridhi Boase,Female,47,Noida,Uttar Pradesh,North,2023-11-05
C01869,Sai Ramaswamy,Female,59,Mumbai,Maharashtra,West,2022-07-06
C01870,Vyanjana Chopra,Female,43,Guwahati,Assam,East,2023-12-12
C01871,Raagini Kamdar,Male,29,Jaipur,Rajasthan,North,2024-04-30
C01872,Riya Lad,Female,60,Guwahati,Assam,East,2024-07-26
C01873,Bakhshi Bora,Female,62,Hyderabad,Telangana,South,2022-07-15
C01874,Zashil Sehgal,Female,58,Bhubaneswar,Odisha,East,2022-11-20
C01875,Widisha Dixit,Male,49,Mumbai,Maharashtra,West,2025-11-30
C01876,Baljiwan Ramakrishnan,Female,22,Nagpur,Maharashtra,West,2022-09-06
C01877,Max Narayan,Female,46,Noida,Uttar Pradesh,North,2023-10-30
C01878,Aarush Varma,Male,47,Coimbatore,Tamil Nadu,South,2024-11-02
C01879,Vanya Sarin,Female,65,Bengaluru,Karnataka,South,2024-02-20
C01880,Ekaraj Zachariah,Male,18,Pune,Maharashtra,West,2024-03-23
C01881,Aarush Rajagopalan,Female,49,Coimbatore,Tamil Nadu,South,2023-11-01
C01882,Jairaj Wason,Male,63,Mumbai,Maharashtra,West,2025-01-28
C01883,Gauri Mitter,Female,28,Bhubaneswar,Odisha,East,2024-08-22
C01884,Christopher Chana,Male,29,Chennai,Tamil Nadu,South,2025-05-28
C01885,Harini Buch,Male,22,Hyderabad,Telangana,South,2024-03-11
C01886,Bimala Jain,Female,27,Delhi,Delhi,North,2025-10-19
C01887,Balveer Rajagopalan,Male,61,Pune,Maharashtra,West,2023-03-20
C01888,Chandani Ramakrishnan,Male,58,Surat,Gujarat,West,2025-11-27
C01889,Jagrati Sur,Female,46,Delhi,Delhi,North,2024-03-10
C01890,Raksha Gupta,Female,67,Chennai,Tamil Nadu,South,2022-04-10
C01891,Balendra Hans,Male,30,Coimbatore,Tamil Nadu,South,2024-02-07
C01892,William Suresh,Male,39,Bengaluru,Karnataka,South,2022-02-27
C01893,Dev Zachariah,Male,69,Kolkata,West Bengal,East,2023-03-28
C01894,Xalak Walla,Male,44,Bhubaneswar,Odisha,East,2022-12-09
C01895,Amol Bansal,Male,57,Ahmedabad,Gujarat,West,2023-10-23
C01896,Daksh Nazareth,Female,25,Hyderabad,Telangana,South,2024-03-20
C01897,Nidra Dani,Female,29,Chennai,Tamil Nadu,South,2024-01-01
C01898,Tara Yadav,Female,31,Kochi,Kerala,South,2022-01-25
C01899,Viraj Bora,Female,59,Mumbai,Maharashtra,West,2025-09-09
C01900,Lohit Suresh,Male,44,Delhi,Delhi,North,2022-05-18
C01901,Urishilla Bath,Male,63,Nagpur,Maharashtra,West,2024-10-20
C01902,Kalpit Atwal,Female,24,Nagpur,Maharashtra,West,2022-12-18
C01903,Chandresh Mohanty,Male,39,Chandigarh,Chandigarh,North,2025-10-20
C01904,Tanmayi Garde,Female,22,Kochi,Kerala,South,2025-09-26
C01905,Hitesh Comar,Female,42,Nagpur,Maharashtra,West,2025-04-13
C01906,Thomas Bhatnagar,Male,32,Pune,Maharashtra,West,2024-10-28
C01907,Pooja Nazareth,Male,65,Chennai,Tamil Nadu,South,2023-09-25
C01908,Ekta Dara,Male,21,Pune,Maharashtra,West,2025-06-23
C01909,Ekanta Kala,Male,27,Bengaluru,Karnataka,South,2023-08-31
C01910,Oscar Nayak,Female,65,Mumbai,Maharashtra,West,2023-05-03
C01911,Jai Mahal,Female,59,Bhubaneswar,Odisha,East,2023-07-24
C01912,Ojasvi Ganguly,Female,59,Delhi,Delhi,North,2024-12-02
C01913,Nitesh Sarna,Female,39,Delhi,Delhi,North,2023-04-15
C01914,Banjeet Deol,Male,69,Hyderabad,Telangana,South,2022-04-21
C01915,Krisha Dugar,Female,51,Jaipur,Rajasthan,North,2025-05-30
C01916,Vidhi Buch,Male,22,Surat,Gujarat,West,2025-07-13
C01917,Abhimanyu Gola,Male,58,Kolkata,West Bengal,East,2023-01-30
C01918,Bhanumati Saha,Male,29,Bhubaneswar,Odisha,East,2022-09-15
C01919,Jonathan Jhaveri,Male,45,Jaipur,Rajasthan,North,2023-04-29
C01920,Anika Virk,Male,33,Lucknow,Uttar Pradesh,North,2022-12-03
C01921,Nisha Khare,Female,36,Nagpur,Maharashtra,West,2023-05-25
C01922,Baljiwan Gole,Female,23,Pune,Maharashtra,West,2023-07-11
C01923,Gaurang Mitra,Female,28,Patna,Bihar,East,2024-03-26
C01924,Omya Agrawal,Female,66,Surat,Gujarat,West,2024-10-31
C01925,Rehaan Dalal,Female,45,Bengaluru,Karnataka,South,2022-02-10
C01926,Janaki Zacharia,Male,53,Patna,Bihar,East,2025-05-03
C01927,Ucchal Joshi,Female,37,Lucknow,Uttar Pradesh,North,2024-02-19
C01928,Chatresh Hari,Female,22,Surat,Gujarat,West,2025-02-25
C01929,Manthan Som,Male,30,Surat,Gujarat,West,2023-02-05
C01930,Patrick Dutta,Female,43,Hyderabad,Telangana,South,2024-02-06
C01931,Chatura Patla,Female,49,Guwahati,Assam,East,2024-02-04
C01932,Shaurya Saran,Female,20,Nagpur,Maharashtra,West,2022-05-26
C01933,Gaurika Setty,Male,30,Kolkata,West Bengal,East,2024-02-28
C01934,Hemang Ben,Female,58,Lucknow,Uttar Pradesh,North,2023-12-15
C01935,Nakul Balakrishnan,Female,45,Delhi,Delhi,North,2025-08-26
C01936,Yutika D’Alia,Male,70,Jaipur,Rajasthan,North,2024-09-05
C01937,Wahab Saxena,Male,34,Mumbai,Maharashtra,West,2025-11-29
C01938,Oni Issac,Male,56,Jaipur,Rajasthan,North,2023-06-05
C01939,Victor Choudhary,Male,67,Pune,Maharashtra,West,2022-01-26
C01940,Vedant Chaudhari,Male,51,Bengaluru,Karnataka,South,2024-03-25
C01941,Nitara Iyengar,Female,34,Guwahati,Assam,East,2022-12-06
C01942,Thomas Borah,Female,55,Noida,Uttar Pradesh,North,2024-12-27
C01943,Vedhika Bhagat,Male,58,Surat,Gujarat,West,2022-07-02
C01944,Maanav Kalita,Female,65,Ahmedabad,Gujarat,West,2022-10-20
C01945,Pranav Ram,Female,18,Bengaluru,Karnataka,South,2025-12-02
C01946,Laban Shankar,Male,22,Guwahati,Assam,East,2022-01-04
C01947,Jagrati Madan,Female,59,Chandigarh,Chandigarh,North,2024-12-11
C01948,Gautami Datta,Male,41,Bengaluru,Karnataka,South,2022-12-16
C01949,Darpan Mand,Female,29,Coimbatore,Tamil Nadu,South,2023-02-10
C01950,Indrajit Shroff,Male,29,Mumbai,Maharashtra,West,2024-07-11
C01951,Omya Garg,Female,44,Coimbatore,Tamil Nadu,South,2023-01-28
C01952,Thomas Merchant,Male,23,Nagpur,Maharashtra,West,2022-08-12
C01953,Onkar Karpe,Female,22,Bengaluru,Karnataka,South,2022-09-13
C01954,Nisha Vig,Female,49,Nagpur,Maharashtra,West,2023-04-26
C01955,Tarak Solanki,Male,35,Delhi,Delhi,North,2022-01-20
C01956,Arya Atwal,Male,24,Delhi,Delhi,North,2025-09-24
C01957,Yatin Kota,Female,49,Chennai,Tamil Nadu,South,2024-02-09
C01958,Radha Kapadia,Female,39,Ahmedabad,Gujarat,West,2025-05-22
C01959,Abdul Sahni,Male,41,Ahmedabad,Gujarat,West,2023-10-08
C01960,Banjeet Singhal,Male,40,Chandigarh,Chandigarh,North,2025-06-04
C01961,Pavani Wali,Female,62,Kolkata,West Bengal,East,2022-01-07
C01962,Varenya Chaudhari,Male,51,Pune,Maharashtra,West,2022-02-22
C01963,Warhi Khosla,Female,57,Coimbatore,Tamil Nadu,South,2024-01-25
C01964,Advik Ray,Female,60,Chandigarh,Chandigarh,North,2024-11-20
C01965,Kevin Parmer,Female,20,Kochi,Kerala,South,2022-02-04
C01966,William Chana,Female,32,Patna,Bihar,East,2025-10-20
C01967,Varsha Mody,Male,40,Chandigarh,Chandigarh,North,2025-06-08
C01968,Tripti Bajwa,Male,64,Surat,Gujarat,West,2025-09-10
C01969,Ubika Devi,Male,51,Nagpur,Maharashtra,West,2023-02-04
C01970,Qasim Prabhakar,Male,49,Ranchi,Jharkhand,East,2022-03-07
C01971,Aarav Bobal,Female,28,Lucknow,Uttar Pradesh,North,2025-10-10
C01972,Gaurangi Wali,Male,33,Kolkata,West Bengal,East,2024-09-14
C01973,Chaman Sandhu,Female,63,Chennai,Tamil Nadu,South,2022-08-05
C01974,Sarthak Buch,Female,32,Kochi,Kerala,South,2024-02-25
C01975,Christopher Varma,Male,60,Chandigarh,Chandigarh,North,2025-10-05
C01976,Charan Choudhry,Female,23,Hyderabad,Telangana,South,2025-07-21
C01977,Jasmit Shroff,Male,59,Lucknow,Uttar Pradesh,North,2023-04-04
C01978,Jasmit Peri,Female,69,Surat,Gujarat,West,2025-09-01
C01979,Ekalinga Jayaraman,Female,23,Kochi,Kerala,South,2022-08-25
C01980,Gaurika Khare,Male,65,Kochi,Kerala,South,2025-04-27
C01981,Vanya Kadakia,Male,38,Ranchi,Jharkhand,East,2024-01-24
C01982,Ekani Pandit,Female,21,Ranchi,Jharkhand,East,2022-01-04
C01983,Yahvi Sampath,Female,38,Jaipur,Rajasthan,North,2024-03-05
C01984,Chatura Bhatnagar,Male,24,Jaipur,Rajasthan,North,2024-11-30
C01985,Hemani Sethi,Female,27,Nagpur,Maharashtra,West,2024-08-01
C01986,Yachana Vyas,Female,61,Lucknow,Uttar Pradesh,North,2023-03-25
C01987,Upma Wali,Male,65,Nagpur,Maharashtra,West,2023-08-04
C01988,Siya Pillai,Female,37,Delhi,Delhi,North,2025-05-11
C01989,Raghav Shankar,Female,58,Mumbai,Maharashtra,West,2023-07-15
C01990,Faris Raman,Female,21,Guwahati,Assam,East,2023-08-20
C01991,Bhavya Bose,Male,64,Patna,Bihar,East,2022-11-09
C01992,Nitesh Majumdar,Male,67,Bhubaneswar,Odisha,East,2025-12-05
C01993,Manbir Taneja,Female,70,Bengaluru,Karnataka,South,2024-03-13
C01994,Samarth Verma,Female,39,Jaipur,Rajasthan,North,2022-02-14
C01995,Chaaya Saha,Female,43,Surat,Gujarat,West,2023-12-15
C01996,Urvi Palan,Male,62,Kochi,Kerala,South,2023-08-02
C01997,Sachi Bail,Male,38,Guwahati,Assam,East,2022-07-19
C01998,Ranbir Bhatnagar,Female,47,Noida,Uttar Pradesh,North,2022-04-21
C01999,Vincent Venkatesh,Female,62,Noida,Uttar Pradesh,North,2022-10-09
C02000,Nisha Oza,Male,69,Pune,Maharashtra,West,2023-03-06
C02001,Vedika Wagle,Male,61,Delhi,Delhi,North,2024-01-12
C02002,Tanvi Modi,Female,61,Jaipur,Rajasthan,North,2024-02-11
C02003,Damini Garg,Female,48,Kolkata,West Bengal,East,2022-07-16
C02004,Utkarsh Sule,Female,55,Chennai,Tamil Nadu,South,2022-08-29
C02005,Bhavya Batta,Female,33,Pune,Maharashtra,West,2025-07-08
C02006,Ira Mane,Female,37,Coimbatore,Tamil Nadu,South,2024-03-23
C02007,Ojas Dyal,Female,67,Unknown,Rajasthan,North,2025-08-29
C02008,Qabil Gill,Female,35,Delhi,Delhi,North,2024-08-07
C02009,Neel Khanna,Male,25,Chandigarh,Chandigarh,North,2024-01-23
C02010,Benjamin Nadig,Male,19,Chennai,Tamil Nadu,South,2024-09-28
C02011,Ridhi Lad,Female,62,Noida,Uttar Pradesh,North,2024-09-09
C02012,Qarin Jha,Female,48,Noida,Uttar Pradesh,North,2023-01-06
C02013,Edhitha Padmanabhan,Male,24,Guwahati,Assam,East,2023-09-04
C02014,Kashish Sen,Female,70,Nagpur,Maharashtra,West,2023-01-14
C02015,Charvi Dara,Female,22,Chandigarh,Chandigarh,North,2025-02-12
C02016,Nidhi Tata,Male,66,Nagpur,Maharashtra,West,2025-01-08
C02017,Tara Nagarajan,Male,18,Delhi,Delhi,North,2023-01-06
C02018,Aayush Tripathi,Male,26,Ahmedabad,Gujarat,West,2022-09-09
C02019,Chakrika Som,Female,66,Pune,Maharashtra,West,2022-06-29
C02020,Manan Sathe,Female,41,Chennai,Tamil Nadu,South,2024-11-02
C02021,Isaiah Srinivas,Male,33,Bhubaneswar,Odisha,East,2024-05-16
C02022,Liam Dada,Female,26,Nagpur,Maharashtra,West,2023-08-24
C02023,Aryan Ratti,Female,56,Ahmedabad,Gujarat,West,2024-12-06
C02024,Sanaya Parikh,Male,60,Pune,Maharashtra,West,2025-11-09
C02025,Eta Bhakta,Male,27,Jaipur,Rajasthan,North,2022-03-17
C02026,Tristan Mall,Male,55,Coimbatore,Tamil Nadu,South,2022-10-02
C02027,Arin Chacko,Female,22,Pune,Maharashtra,West,2025-06-28
C02028,Gagan Vala,Male,43,Ahmedabad,Gujarat,West,2024-02-21
C02029,Robert Swaminathan,Female,62,Ahmedabad,Gujarat,West,2025-10-17
C02030,Yasti Bhalla,Female,58,Coimbatore,Tamil Nadu,South,2022-05-25
C02031,Mitali Divan,Male,44,Jaipur,Rajasthan,North,2024-02-02
C02032,Kala Raju,Female,19,Patna,Bihar,East,2024-06-07
C02033,Advik Mane,Female,25,Bhubaneswar,Odisha,East,2022-06-08
C02034,Indali Morar,Male,39,Nagpur,Maharashtra,West,2024-04-13
C02035,Gagan Kale,Female,27,Lucknow,Uttar Pradesh,North,2023-11-15
C02036,Ojasvi Savant,Male,24,Bhubaneswar,Odisha,East,2023-07-15
C02037,Nihal Samra,Male,68,Pune,Maharashtra,West,2024-02-15
C02038,Liam Chadha,Female,55,Bhubaneswar,Odisha,East,2024-12-14
C02039,Sarthak Mitter,Female,62,Guwahati,Assam,East,2022-07-15
C02040,Gautami Bhatti,Female,56,Ahmedabad,Gujarat,West,2025-02-03
C02041,Gaurang Ahuja,Female,66,Chennai,Tamil Nadu,South,2022-12-16
C02042,Anjali Sachdeva,Female,48,Ahmedabad,Gujarat,West,2025-10-20
C02043,Turvi Devan,Male,60,Lucknow,Uttar Pradesh,North,2022-01-20
C02044,Quincy Raj,Female,21,Bengaluru,Karnataka,South,2025-03-08
C02045,Vritti Basak,Male,61,Patna,Bihar,East,2025-12-19
C02046,Daksha Tak,Female,40,Chandigarh,Chandigarh,North,2023-01-10
C02047,Udarsh Bala,Female,45,Noida,Uttar Pradesh,North,2023-08-11
C02048,Mitesh Lala,Male,37,Pune,Maharashtra,West,2023-09-18
C02049,Urmi Dash,Male,22,Ahmedabad,Gujarat,West,2022-07-04
C02050,Omisha Gola,Male,23,Delhi,Delhi,North,2022-12-05
C02051,Yash Balakrishnan,Male,45,Noida,Uttar Pradesh,North,2024-10-06
C02052,Aradhana Tailor,Female,50,Jaipur,Rajasthan,North,2024-09-09
C02053,Janaki Srivastava,Male,43,Noida,Uttar Pradesh,North,2025-11-30
C02054,Aarna Soni,Female,62,Coimbatore,Tamil Nadu,South,2022-01-15
C02055,Kashvi Vala,Male,56,Ahmedabad,Gujarat,West,2023-05-16
C02056,Aashi Gaba,Male,29,Pune,Maharashtra,West,2025-10-13
C02057,Madhav Nagarajan,Female,21,Coimbatore,Tamil Nadu,South,2024-11-18
C02058,Krishna Parikh,Female,25,Surat,Gujarat,West,2022-12-16
C02059,Chatresh Mahajan,Male,36,Pune,Maharashtra,West,2025-01-09
C02060,Oni Parekh,Male,18,Kochi,Kerala,South,2023-06-27
C02061,Bimala Manne,Male,37,Noida,Uttar Pradesh,North,2024-03-17
C02062,Yoshita Hari,Female,57,Ranchi,Jharkhand,East,2022-03-14
C02063,Girindra Ganesh,Male,57,Kolkata,West Bengal,East,2023-12-30
C02064,Diya Mitra,Male,18,Ahmedabad,Gujarat,West,2023-12-26
C02065,Janani Char,Female,18,Pune,Maharashtra,West,2024-04-03
C02066,Maanas Arya,Male,51,Bengaluru,Karnataka,South,2023-02-09
C02067,Zarna Manda,Male,49,Pune,Maharashtra,West,2024-04-21
C02068,Vedhika Sabharwal,Female,43,Kochi,Kerala,South,2023-04-09
C02069,Nicholas Chaudry,Male,52,Ahmedabad,Gujarat,West,2024-05-27
C02070,Mohammed Thakur,Female,28,Delhi,Delhi,North,2024-06-17
C02071,Raghav Vora,Female,63,Bengaluru,Karnataka,South,2022-01-12
C02072,Omisha Sharma,Male,26,Coimbatore,Tamil Nadu,South,2023-08-07
C02073,Jackson Deep,Male,60,Ahmedabad,Gujarat,West,2022-03-06
C02074,Varsha Pall,Female,25,Bengaluru,Karnataka,South,2025-09-24
C02075,Janani Dewan,Male,38,Nagpur,Maharashtra,West,2024-10-11
C02076,Hema Gera,Female,26,Chandigarh,Chandigarh,North,2024-10-24
C02077,Ayush Dani,Male,27,Chennai,Tamil Nadu,South,2022-02-13
C02078,Kabir Dhar,Male,21,Mumbai,Maharashtra,West,2025-11-02
C02079,Damyanti Dass,Male,45,Lucknow,Uttar Pradesh,North,2024-05-29
C02080,Kalpit Brar,Male,66,Ahmedabad,Gujarat,West,2024-09-22
C02081,Isaac Brahmbhatt,Male,33,Nagpur,Maharashtra,West,2022-11-09
C02082,Veda Sankar,Male,60,Chennai,Tamil Nadu,South,2023-06-24
C02083,Ronith Chokshi,Male,62,Bhubaneswar,Odisha,East,2024-08-28
C02084,Yochana Bhargava,Male,55,Noida,Uttar Pradesh,North,2023-01-07
C02085,Jagat Kulkarni,Male,26,Jaipur,Rajasthan,North,2023-04-15
C02086,Dominic Mitra,Male,45,Ahmedabad,Gujarat,West,2023-01-29
C02087,Gopal Dasgupta,Male,42,Coimbatore,Tamil Nadu,South,2022-07-06
C02088,Ryan Goyal,Male,32,Ahmedabad,Gujarat,West,2025-12-04
C02089,Ayush Chana,Female,59,Surat,Gujarat,West,2022-05-06
C02090,Arunima Pall,Female,35,Chennai,Tamil Nadu,South,2023-07-06
C02091,Naveen Tella,Female,21,Guwahati,Assam,East,2023-05-21
C02092,Yashasvi Bir,Female,31,Chennai,Tamil Nadu,South,2022-04-17
C02093,Akshay Wadhwa,Male,45,Kochi,Kerala,South,2025-05-27
C02094,Rehaan Manda,Female,37,Bengaluru,Karnataka,South,2024-01-15
C02095,Aayush Chaudhary,Male,39,Chennai,Tamil Nadu,South,2025-10-30
C02096,Yamini Soman,Female,33,Ahmedabad,Gujarat,West,2025-04-21
C02097,Qasim Sarraf,Female,23,Jaipur,Rajasthan,North,2025-04-11
C02098,Pratyush Pant,Male,20,Bhubaneswar,Odisha,East,2025-07-13
C02099,Panini Kala,Female,24,Jaipur,Rajasthan,North,2023-01-31
C02100,Nikita Chowdhury,Female,37,Hyderabad,Telangana,South,2025-06-21
C02101,Jatin Shukla,Male,20,Jaipur,Rajasthan,North,2024-12-28
C02102,Zinal Deshpande,Female,66,Bengaluru,Karnataka,South,2025-02-01
C02103,Jalsa Mani,Female,46,Ranchi,Jharkhand,East,2023-12-13
C02104,Fitan Narang,Male,48,Delhi,Delhi,North,2024-06-12
C02105,Jack Rajan,Male,56,Nagpur,Maharashtra,West,2022-02-14
C02106,Tanmayi Muni,Male,54,Coimbatore,Tamil Nadu,South,2023-08-17
C02107,Upkaar Reddy,Female,61,Coimbatore,Tamil Nadu,South,2024-03-25
C02108,Priya Gulati,Male,46,Nagpur,Maharashtra,West,2022-06-03
C02109,Vamakshi Pillai,Female,43,Chandigarh,Chandigarh,North,2025-02-25
C02110,Agastya Swamy,Male,28,Jaipur,Rajasthan,North,2023-01-12
C02111,Meghana Sarma,Male,68,Nagpur,Maharashtra,West,2025-11-27
C02112,Jagdish Dhar,Female,37,Nagpur,Maharashtra,West,2025-12-20
C02113,Nandini Chaudry,Female,53,Patna,Bihar,East,2025-12-21
C02114,Dhruv Patla,Male,36,Coimbatore,Tamil Nadu,South,2022-04-04
C02115,Hamsini Iyer,Male,35,Coimbatore,Tamil Nadu,South,2023-07-23
C02116,Jason Kaul,Male,70,Kolkata,West Bengal,East,2025-08-08
C02117,Xalak Mallick,Female,58,Chennai,Tamil Nadu,South,2022-01-03
C02118,Mugdha Parekh,Male,63,Lucknow,Uttar Pradesh,North,2023-10-27
C02119,Nidhi Sundaram,Female,57,Patna,Bihar,East,2022-10-01
C02120,Manan Sha,Male,70,Chennai,Tamil Nadu,South,2025-07-05
C02121,Jason Krishna,Female,19,Ahmedabad,Gujarat,West,2022-12-28
C02122,Widisha Kashyap,Female,59,Nagpur,Maharashtra,West,2022-08-06
C02123,Ayushman Chaudhary,Male,70,Hyderabad,Telangana,South,2025-02-02
C02124,Ekansh Tara,Male,55,Ahmedabad,Gujarat,West,2023-07-05
C02125,Praneel Raja,Female,32,Chandigarh,Chandigarh,North,2022-11-15
C02126,Michael Mitter,Male,48,Chandigarh,Chandigarh,North,2024-01-25
C02127,Faraj Venkatesh,Male,70,Coimbatore,Tamil Nadu,South,2024-07-29
C02128,Unnati Jaggi,Female,64,Bhubaneswar,Odisha,East,2025-03-12
C02129,Widisha Swaminathan,Female,28,Kochi,Kerala,South,2022-02-13
C02130,Hemal Zachariah,Male,22,Guwahati,Assam,East,2025-11-08
C02131,Azad Sani,Female,59,Bengaluru,Karnataka,South,2023-05-18
C02132,Leela Sengupta,Male,64,Kolkata,West Bengal,East,2024-12-14
C02133,Krisha Savant,Male,42,Delhi,Delhi,North,2025-05-20
C02134,Balendra Bali,Male,26,Mumbai,Maharashtra,West,2022-01-28
C02135,Chavvi Gala,Male,58,Chennai,Tamil Nadu,South,2023-07-03
C02136,Raagini Desai,Female,63,Delhi,Delhi,North,2022-08-06
C02137,Lopa Sura,Female,70,Coimbatore,Tamil Nadu,South,2024-09-10
C02138,Vritti Zacharia,Male,33,Kochi,Kerala,South,2024-09-07
C02139,Vamakshi Dugar,Male,19,Kochi,Kerala,South,2025-07-09
C02140,Mahika Lall,Female,24,Kolkata,West Bengal,East,2025-01-20
C02141,Krishna Pandit,Male,32,Surat,Gujarat,West,2022-10-18
C02142,Ekani Bhat,Male,40,Bengaluru,Karnataka,South,2024-02-29
C02143,Chakradev Dave,Female,61,Jaipur,Rajasthan,North,2025-11-02
C02144,Ikshita Bala,Male,25,Kolkata,West Bengal,East,2024-10-04
C02145,Lajita Chatterjee,Male,57,Kochi,Kerala,South,2024-01-02
C02146,Hemani Parikh,Male,56,Ahmedabad,Gujarat,West,2022-06-23
C02147,Indali Bhalla,Female,56,Bengaluru,Karnataka,South,2024-12-22
C02148,Yug Keer,Female,57,Bengaluru,Karnataka,South,2022-11-04
C02149,Frado Bhatti,Female,49,Lucknow,Uttar Pradesh,North,2022-08-01
C02150,Ishwar Nazareth,Male,68,Lucknow,Uttar Pradesh,North,2025-12-27
C02151,Anmol Yohannan,Male,38,Coimbatore,Tamil Nadu,South,2025-09-05
C02152,Baljiwan Sharma,Male,25,Bengaluru,Karnataka,South,2024-09-06
C02153,Yutika Sama,Male,38,Ahmedabad,Gujarat,West,2022-10-24
C02154,Anmol Singh,Female,38,Bhubaneswar,Odisha,East,2024-02-28
C02155,Edhitha Purohit,Female,56,Surat,Gujarat,West,2025-11-21
C02156,Ekantika Chaudhari,Male,42,Lucknow,Uttar Pradesh,North,2022-10-11
C02157,Harish Jha,Female,52,Surat,Gujarat,West,2025-01-08
C02158,Watika Thakkar,Male,55,Pune,Maharashtra,West,2024-02-27
C02159,Ojas Mistry,Male,62,Noida,Uttar Pradesh,North,2025-03-29
C02160,Rajata Jaggi,Male,19,Kochi,Kerala,South,2022-01-06
C02161,Faqid Wason,Male,21,Surat,Gujarat,West,2022-10-01
C02162,Bhavna Lanka,Female,47,Patna,Bihar,East,2022-10-13
C02163,Chameli Ratti,Male,31,Hyderabad,Telangana,South,2024-05-12
C02164,George Chandran,Male,62,Kolkata,West Bengal,East,2022-10-10
C02165,Anjali Bhavsar,Female,41,Chandigarh,Chandigarh,North,2022-02-23
C02166,Prisha Kadakia,Male,48,Chennai,Tamil Nadu,South,2025-09-19
C02167,Faraj Mittal,Male,41,Bhubaneswar,Odisha,East,2022-03-03
C02168,Rachita Zacharia,Male,54,Coimbatore,Tamil Nadu,South,2022-06-07
C02169,Ryan Sachdeva,Male,48,Guwahati,Assam,East,2022-11-03
C02170,Zayan Varma,Female,48,Noida,Uttar Pradesh,North,2025-12-01
C02171,Pranit Bahl,Male,36,Ahmedabad,Gujarat,West,2024-06-28
C02172,Xalak Kala,Male,56,Chennai,Tamil Nadu,South,2025-08-08
C02173,Amrita Walia,Male,43,Noida,Uttar Pradesh,North,2022-11-25
C02174,Darpan Vig,Female,54,Guwahati,Assam,East,2025-02-08
C02175,Janya Shere,Male,35,Pune,Maharashtra,West,2024-05-17
C02176,Wridesh Dora,Male,65,Ranchi,Jharkhand,East,2024-02-13
C02177,Radhika Roy,Male,43,Hyderabad,Telangana,South,2022-04-25
C02178,Devansh Jani,Male,70,Hyderabad,Telangana,South,2025-05-24
C02179,Amara Mangat,Female,70,Chandigarh,Chandigarh,North,2023-10-04
C02180,Aahana Keer,Female,30,Mumbai,Maharashtra,West,2024-01-31
C02181,William Comar,Female,56,Chennai,Tamil Nadu,South,2022-06-09
C02182,Rehaan Bala,Male,36,Lucknow,Uttar Pradesh,North,2022-02-27
C02183,Dayita Shetty,Male,56,Chennai,Tamil Nadu,South,2022-05-14
C02184,Rajata Sami,Male,58,Kochi,Kerala,South,2023-01-20
C02185,Saksham Dutta,Male,54,Bhubaneswar,Odisha,East,2023-07-06
C02186,Laban Balakrishnan,Male,21,Nagpur,Maharashtra,West,2024-09-17
C02187,Arunima Goda,Female,66,Ahmedabad,Gujarat,West,2022-01-18
C02188,Vedika Bahri,Male,38,Bengaluru,Karnataka,South,2024-10-21
C02189,Fiyaz Murthy,Male,39,Lucknow,Uttar Pradesh,North,2022-09-23
C02190,Devansh Ray,Male,19,Nagpur,Maharashtra,West,2022-07-26
C02191,Gautam Ranganathan,Male,36,Chandigarh,Chandigarh,North,2024-09-03
C02192,Warinder Choudhury,Male,63,Bengaluru,Karnataka,South,2022-06-11
C02193,Zayan Taneja,Male,67,Coimbatore,Tamil Nadu,South,2025-10-27
C02194,Wazir Das,Female,46,Noida,Uttar Pradesh,North,2024-11-23
C02195,Forum Ramakrishnan,Female,57,Lucknow,Uttar Pradesh,North,2023-08-19
C02196,Pallavi Kamdar,Female,33,Guwahati,Assam,East,2022-03-23
C02197,Hredhaan Gill,Male,27,Hyderabad,Telangana,South,2025-05-27
C02198,Anvi Sarraf,Male,27,Surat,Gujarat,West,2022-07-19
C02199,Aachal Bhalla,Male,49,Lucknow,Uttar Pradesh,North,2025-01-25
C02200,Kavya Chowdhury,Female,28,Kochi,Kerala,South,2022-12-14
C02201,Pallavi Soman,Female,23,Hyderabad,Telangana,South,2024-01-15
C02202,Arunima Dhillon,Female,34,Bengaluru,Karnataka,South,2023-06-13
C02203,Vaishnavi Pillai,Male,25,Chandigarh,Chandigarh,North,2025-08-24
C02204,Ansh Banerjee,Female,36,Guwahati,Assam,East,2022-03-23
C02205,Wriddhish Kulkarni,Male,46,Nagpur,Maharashtra,West,2025-10-25
C02206,Dayamai Patil,Female,23,Nagpur,Maharashtra,West,2023-10-05
C02207,Warjas Savant,Female,61,Noida,Uttar Pradesh,North,2024-07-10
C02208,Abhiram Ramaswamy,Male,27,Chennai,Tamil Nadu,South,2023-05-17
C02209,Charvi Chana,Male,54,Patna,Bihar,East,2024-02-09
C02210,Chameli Kade,Female,47,Mumbai,Maharashtra,West,2023-04-02
C02211,Reva Nadig,Female,59,Lucknow,Uttar Pradesh,North,2024-08-12
C02212,Bahadurjit Mahal,Male,29,Surat,Gujarat,West,2022-08-12
C02213,Vyanjana Sinha,Male,43,Chandigarh,Chandigarh,North,2024-06-06
C02214,Gaurangi Sami,Female,31,Ahmedabad,Gujarat,West,2023-12-03
C02215,Naveen Lal,Female,47,Chandigarh,Chandigarh,North,2022-08-23
C02216,Indira Salvi,Male,58,Coimbatore,Tamil Nadu,South,2024-08-20
C02217,Sudiksha Bala,Female,21,Hyderabad,Telangana,South,2022-03-06
C02218,Qarin Sawhney,Female,31,Patna,Bihar,East,2024-05-30
C02219,Aarush Rattan,Female,35,Chennai,Tamil Nadu,South,2025-11-01
C02220,Dalaja Murthy,Male,22,Coimbatore,Tamil Nadu,South,2022-06-21
C02221,Indrajit Dugar,Female,44,Chennai,Tamil Nadu,South,2023-09-03
C02222,Zaitra De,Male,23,Ahmedabad,Gujarat,West,2023-01-12
C02223,Ekaja Seth,Female,28,Guwahati,Assam,East,2023-12-02
C02224,Kiaan Lad,Female,52,Bengaluru,Karnataka,South,2024-09-13
C02225,Falak Manda,Female,40,Jaipur,Rajasthan,North,2025-11-27
C02226,Frado Sachdeva,Male,53,Ranchi,Jharkhand,East,2024-03-07
C02227,Qabil Ramaswamy,Male,64,Noida,Uttar Pradesh,North,2023-02-11
C02228,Udarsh Bail,Female,60,Noida,Uttar Pradesh,North,2022-10-24
C02229,Veer Chakraborty,Male,47,Patna,Bihar,East,2022-01-30
C02230,Rushil Lala,Male,68,Guwahati,Assam,East,2023-10-11
C02231,Chandran Rattan,Male,46,Guwahati,Assam,East,2023-06-23
C02232,Abha Dixit,Female,58,Bhubaneswar,Odisha,East,2025-07-23
C02233,Jhalak Garde,Male,65,Kolkata,West Bengal,East,2022-03-16
C02234,Akshay Vora,Male,56,Guwahati,Assam,East,2025-11-27
C02235,Sudiksha Talwar,Male,61,Ahmedabad,Gujarat,West,2023-03-06
C02236,Udarsh Jani,Female,19,Mumbai,Maharashtra,West,2024-01-29
C02237,Amaira Mani,Male,62,Ahmedabad,Gujarat,West,2024-10-25
C02238,Lavanya De,Female,40,Surat,Gujarat,West,2024-04-27
C02239,Samuel Kale,Female,25,Nagpur,Maharashtra,West,2024-05-22
C02240,Ranbir Sahota,Female,29,Guwahati,Assam,East,2024-05-27
C02241,Nilima Dhingra,Female,42,Pune,Maharashtra,West,2025-01-16
C02242,Bina Lala,Female,62,Bengaluru,Karnataka,South,2025-07-22
C02243,Shravya Kothari,Male,23,Delhi,Delhi,North,2022-06-29
C02244,Tara Chada,Male,49,Noida,Uttar Pradesh,North,2024-04-22
C02245,Upasna Deol,Male,58,Noida,Uttar Pradesh,North,2025-01-20
C02246,Mitali Kala,Female,44,Nagpur,Maharashtra,West,2022-03-08
C02247,Pallavi Kunda,Female,25,Bengaluru,Karnataka,South,2025-02-03
C02248,Girish Bhargava,Female,68,Bengaluru,Karnataka,South,2022-09-12
C02249,Gaurangi Keer,Female,18,Guwahati,Assam,East,2025-08-13
C02250,Irya Bath,Female,35,Bhubaneswar,Odisha,East,2024-11-05
C02251,Zehaan Thaman,Female,61,Patna,Bihar,East,2023-09-22
C02252,Chasmum Rana,Male,19,Bengaluru,Karnataka,South,2022-03-08
C02253,Kevin Barman,Female,39,Kochi,Kerala,South,2024-11-28
C02254,Abha Gara,Male,53,Hyderabad,Telangana,South,2024-05-30
C02255,Harinakshi Sidhu,Female,21,Bhubaneswar,Odisha,East,2025-06-16
C02256,Gaurav Nadig,Male,58,Noida,Uttar Pradesh,North,2024-05-28
C02257,Lucky Lad,Female,51,Pune,Maharashtra,West,2024-04-05
C02258,Dhriti Basu,Male,50,Coimbatore,Tamil Nadu,South,2022-07-23
C02259,Xalak Mand,Female,53,Hyderabad,Telangana,South,2024-03-13
C02260,Qushi Mandal,Male,23,Kochi,Kerala,South,2023-02-22
C02261,Aishani Varughese,Male,19,Unknown,Tamil Nadu,South,2025-07-11
C02262,Rajata Gala,Female,19,Noida,Uttar Pradesh,North,2022-06-11
C02263,Vyanjana Dora,Female,29,Jaipur,Rajasthan,North,2024-07-18
C02264,Chatresh Gulati,Male,52,Coimbatore,Tamil Nadu,South,2023-09-01
C02265,Chatura Karpe,Male,35,Guwahati,Assam,East,2023-06-18
C02266,Balendra Singhal,Male,58,Coimbatore,Tamil Nadu,South,2025-07-08
C02267,Nihal Sibal,Female,56,Kolkata,West Bengal,East,2022-08-16
C02268,Jack Talwar,Female,29,Coimbatore,Tamil Nadu,South,2023-08-02
C02269,Riya Parikh,Male,43,Bengaluru,Karnataka,South,2024-01-11
C02270,Tanvi Tailor,Male,49,Chennai,Tamil Nadu,South,2024-04-27
C02271,Manbir Dasgupta,Female,42,Kolkata,West Bengal,East,2023-03-07
C02272,Girik Jani,Male,37,Guwahati,Assam,East,2022-11-26
C02273,Pranit Ganguly,Male,25,Coimbatore,Tamil Nadu,South,2025-09-12
C02274,Simon Agrawal,Male,28,Patna,Bihar,East,2024-09-18
C02275,Omaja Bose,Male,56,Ahmedabad,Gujarat,West,2022-09-07
C02276,Wishi Chandra,Male,31,Chennai,Tamil Nadu,South,2024-11-26
C02277,Atharv Mane,Male,38,Kolkata,West Bengal,East,2023-03-21
C02278,Meera Prakash,Male,35,Chennai,Tamil Nadu,South,2025-11-17
C02279,Ekiya Dube,Female,63,Coimbatore,Tamil Nadu,South,2022-07-08
C02280,Finn Sharma,Female,45,Ahmedabad,Gujarat,West,2024-08-14
C02281,Sudiksha Luthra,Female,29,Surat,Gujarat,West,2023-01-31
C02282,Forum Bassi,Male,55,Kochi,Kerala,South,2024-03-15
C02283,Ekta Dayal,Male,68,Noida,Uttar Pradesh,North,2023-10-01
C02284,Chanakya Mandal,Female,45,Bengaluru,Karnataka,South,2024-06-06
C02285,Christopher Bobal,Male,56,Lucknow,Uttar Pradesh,North,2023-10-15
C02286,George Rastogi,Female,41,Pune,Maharashtra,West,2025-03-07
C02287,Pranav Khatri,Male,20,Kolkata,West Bengal,East,2024-07-09
C02288,Gaurav Bail,Female,36,Patna,Bihar,East,2025-04-16
C02289,Nicholas Rama,Female,19,Noida,Uttar Pradesh,North,2023-12-23
C02290,Bhavani Dube,Male,40,Kochi,Kerala,South,2024-05-29
C02291,Chanchal Swaminathan,Female,41,Coimbatore,Tamil Nadu,South,2025-09-07
C02292,Dayita Deep,Male,38,Kochi,Kerala,South,2022-09-08
C02293,Gopal Pillai,Female,54,Lucknow,Uttar Pradesh,North,2023-03-14
C02294,Vrishti Sehgal,Male,42,Jaipur,Rajasthan,North,2025-02-24
C02295,Vamakshi Loyal,Male,24,Coimbatore,Tamil Nadu,South,2024-12-15
C02296,Gautam Sami,Male,54,Nagpur,Maharashtra,West,2025-10-06
C02297,Quincy Saraf,Female,38,Guwahati,Assam,East,2025-10-29
C02298,Girik Baria,Male,69,Jaipur,Rajasthan,North,2023-02-08
C02299,Ubika Kapur,Female,25,Mumbai,Maharashtra,West,2023-07-17
C02300,Warhi Vyas,Female,55,Coimbatore,Tamil Nadu,South,2025-05-16
C02301,Bina Sidhu,Female,19,Nagpur,Maharashtra,West,2022-02-13
C02302,Fariq Sridhar,Female,36,Noida,Uttar Pradesh,North,2022-01-10
C02303,Manthan Datta,Male,39,Bengaluru,Karnataka,South,2022-03-17
C02304,Yuvraj Virk,Male,69,Delhi,Delhi,North,2024-08-20
C02305,Chakrika Batta,Female,66,Ahmedabad,Gujarat,West,2023-07-17
C02306,Chakradev Varghese,Female,49,Mumbai,Maharashtra,West,2025-02-13
C02307,Yashvi Sandal,Female,49,Chandigarh,Chandigarh,North,2023-09-04
C02308,Girindra Shetty,Male,19,Kolkata,West Bengal,East,2024-02-05
C02309,Isha Kumar,Male,38,Chennai,Tamil Nadu,South,2022-10-12
C02310,Yahvi Babu,Male,23,Guwahati,Assam,East,2023-04-09
C02311,Turvi Gola,Male,62,Kochi,Kerala,South,2025-01-05
C02312,Maya Bath,Male,21,Patna,Bihar,East,2022-03-30
C02313,Omaja Mishra,Female,62,Kolkata,West Bengal,East,2023-06-25
C02314,Suhani Sengupta,Male,26,Chandigarh,Chandigarh,North,2023-07-07
C02315,Harita Grover,Female,27,Delhi,Delhi,North,2022-09-16
C02316,Qasim Brar,Female,60,Chandigarh,Chandigarh,North,2025-07-28
C02317,Hitesh Saraf,Female,60,Hyderabad,Telangana,South,2023-05-08
C02318,Abdul Rana,Female,32,Ahmedabad,Gujarat,West,2023-10-22
C02319,Agastya Garg,Male,40,Kochi,Kerala,South,2025-12-27
C02320,Triveni Ravel,Male,62,Pune,Maharashtra,West,2025-09-12
C02321,Chavvi Patel,Male,18,Bengaluru,Karnataka,South,2022-05-04
C02322,Chasmum Chahal,Male,49,Chandigarh,Chandigarh,North,2024-02-28
C02323,Krishna Atwal,Female,66,Coimbatore,Tamil Nadu,South,2025-04-24
C02324,Isaac Babu,Male,50,Guwahati,Assam,East,2025-09-04
C02325,Avi Kadakia,Female,42,Coimbatore,Tamil Nadu,South,2023-03-25
C02326,Maanav Khurana,Male,67,Ranchi,Jharkhand,East,2024-11-17
C02327,Rayaan Chadha,Female,28,Mumbai,Maharashtra,West,2023-07-24
C02328,Ubika Divan,Male,27,Noida,Uttar Pradesh,North,2025-08-20
C02329,Pahal Bains,Male,19,Mumbai,Maharashtra,West,2022-08-14
C02330,Ojas Dua,Male,48,Bhubaneswar,Odisha,East,2023-07-01
C02331,Vedhika Sinha,Female,25,Chandigarh,Chandigarh,North,2023-12-22
C02332,Shivani Kibe,Female,31,Kolkata,West Bengal,East,2023-12-27
C02333,Chaitaly Ramanathan,Female,21,Hyderabad,Telangana,South,2024-06-01
C02334,Gauri Anand,Male,59,Ahmedabad,Gujarat,West,2022-07-20
C02335,Rachana Sagar,Female,30,Surat,Gujarat,West,2023-02-02
C02336,Bina Bansal,Female,51,Nagpur,Maharashtra,West,2023-07-20
C02337,Mugdha Sunder,Male,25,Mumbai,Maharashtra,West,2025-08-16
C02338,Vincent Bhat,Female,33,Chennai,Tamil Nadu,South,2022-03-15
C02339,Pahal Mutti,Male,57,Chennai,Tamil Nadu,South,2023-07-19
C02340,Amrita Sahni,Female,24,Chandigarh,Chandigarh,North,2024-03-13
C02341,Jackson Talwar,Male,28,Kochi,Kerala,South,2024-10-11
C02342,Saumya Sarin,Female,63,Lucknow,Uttar Pradesh,North,2025-07-28
C02343,Neel Mani,Male,50,Delhi,Delhi,North,2022-07-13
C02344,Upasna Padmanabhan,Female,62,Ranchi,Jharkhand,East,2024-09-03
C02345,Vincent Tripathi,Male,28,Kochi,Kerala,South,2025-10-27
C02346,Harinakshi Sidhu,Male,60,Bengaluru,Karnataka,South,2022-10-18
C02347,Chaaya Ramakrishnan,Male,34,Ahmedabad,Gujarat,West,2022-02-12
C02348,Jagvi Sodhi,Male,56,Bhubaneswar,Odisha,East,2025-10-23
C02349,Sarthak Mandal,Male,49,Surat,Gujarat,West,2025-04-09
C02350,Vasudha Dayal,Male,70,Guwahati,Assam,East,2022-08-13
C02351,Ryan Dugar,Male,66,Kochi,Kerala,South,2023-04-13
C02352,Harrison Sagar,Female,69,Chennai,Tamil Nadu,South,2022-07-24
C02353,Chavvi Keer,Female,52,Chandigarh,Chandigarh,North,2024-10-01
C02354,Champak Badami,Female,47,Bengaluru,Karnataka,South,2023-06-04
C02355,Advika Parikh,Female,51,Kochi,Kerala,South,2023-09-09
C02356,Owen Thakur,Male,35,Noida,Uttar Pradesh,North,2024-09-18
C02357,Devansh Nazareth,Female,32,Delhi,Delhi,North,2022-10-30
C02358,Ishaan Karan,Female,19,Jaipur,Rajasthan,North,2024-01-02
C02359,Udarsh Sur,Male,65,Bengaluru,Karnataka,South,2024-01-07
C02360,Harini Pant,Male,35,Bengaluru,Karnataka,South,2025-08-01
C02361,Amara Dora,Male,34,Ranchi,Jharkhand,East,2024-07-09
C02362,Chandresh Sarma,Female,55,Patna,Bihar,East,2023-11-10
C02363,Indrajit Cherian,Male,20,Ahmedabad,Gujarat,West,2023-09-26
C02364,Benjamin Tripathi,Male,45,Ahmedabad,Gujarat,West,2025-06-08
C02365,Oliver Dalal,Female,25,Noida,Uttar Pradesh,North,2023-12-12
C02366,Janaki Dugar,Male,47,Guwahati,Assam,East,2025-11-04
C02367,Riya Toor,Male,37,Noida,Uttar Pradesh,North,2023-08-17
C02368,Hardik Dube,Male,47,Mumbai,Maharashtra,West,2023-08-27
C02369,Gaurika Devi,Male,21,Kochi,Kerala,South,2025-04-29
C02370,Saksham Sarna,Female,60,Mumbai,Maharashtra,West,2024-05-31
C02371,Abeer Korpal,Male,40,Kolkata,West Bengal,East,2023-05-30
C02372,Harita Mangat,Male,23,Ranchi,Jharkhand,East,2025-09-24
C02373,Frederick Lata,Female,55,Jaipur,Rajasthan,North,2023-02-07
C02374,Oeshi Patel,Male,48,Patna,Bihar,East,2023-03-25
C02375,Max Wagle,Female,45,Bhubaneswar,Odisha,East,2025-10-21
C02376,Vedant Devi,Female,56,Mumbai,Maharashtra,West,2023-06-20
C02377,Odika Rout,Female,69,Nagpur,Maharashtra,West,2024-06-11
C02378,Zaitra Pathak,Male,44,Pune,Maharashtra,West,2023-05-28
C02379,Saanvi Dhingra,Male,37,Ahmedabad,Gujarat,West,2023-09-17
C02380,Zansi Boase,Male,42,Surat,Gujarat,West,2025-01-22
C02381,Hamsini Murty,Male,51,Chandigarh,Chandigarh,North,2022-07-16
C02382,Nitesh Saraf,Female,47,Ahmedabad,Gujarat,West,2024-10-28
C02383,Maya Bansal,Female,47,Surat,Gujarat,West,2024-05-11
C02384,Dalbir Venkatesh,Female,23,Hyderabad,Telangana,South,2022-02-24
C02385,Oni Ratti,Male,55,Noida,Uttar Pradesh,North,2023-09-12
C02386,Dipta Padmanabhan,Female,21,Pune,Maharashtra,West,2025-06-25
C02387,Ati Wable,Female,60,Chandigarh,Chandigarh,North,2022-09-15
C02388,Netra Sehgal,Male,23,Hyderabad,Telangana,South,2024-07-31
C02389,Riya Pai,Male,70,Chennai,Tamil Nadu,South,2023-11-14
C02390,Rudra Mitra,Female,21,Bengaluru,Karnataka,South,2025-11-15
C02391,Balhaar Yogi,Male,62,Hyderabad,Telangana,South,2025-10-13
C02392,Madhavi Date,Female,26,Coimbatore,Tamil Nadu,South,2025-02-25
C02393,Tanay Chander,Female,64,Coimbatore,Tamil Nadu,South,2023-09-09
C02394,Harini Dutta,Male,25,Kolkata,West Bengal,East,2024-09-20
C02395,Ayaan Zacharia,Male,51,Coimbatore,Tamil Nadu,South,2025-05-21
C02396,Wyatt Modi,Female,19,Coimbatore,Tamil Nadu,South,2022-08-01
C02397,Yashasvi Choudhry,Male,25,Guwahati,Assam,East,2024-03-11
C02398,Kashish Lad,Male,52,Bengaluru,Karnataka,South,2023-01-12
C02399,Jatin Batta,Female,60,Hyderabad,Telangana,South,2025-10-27
C02400,Saumya Misra,Male,29,Chandigarh,Chandigarh,North,2022-10-27
C02401,Sudiksha Nori,Male,48,Coimbatore,Tamil Nadu,South,2022-12-16
C02402,Vivaan Palla,Male,55,Ahmedabad,Gujarat,West,2025-09-29
C02403,Bhavani Dey,Female,62,Ahmedabad,Gujarat,West,2024-03-12
C02404,Zinal Kota,Female,27,Chandigarh,Chandigarh,North,2024-05-03
C02405,Falak Varty,Female,18,Bengaluru,Karnataka,South,2022-09-04
C02406,Jalsa Sha,Female,20,Delhi,Delhi,North,2025-08-14
C02407,Manan Sandal,Female,64,Patna,Bihar,East,2022-10-13
C02408,Finn Chanda,Female,50,Mumbai,Maharashtra,West,2022-11-21
C02409,Pavani De,Female,63,Ranchi,Jharkhand,East,2023-03-08
C02410,Tanish Sehgal,Male,59,Nagpur,Maharashtra,West,2022-05-09
C02411,Kala Vora,Female,63,Hyderabad,Telangana,South,2023-11-26
C02412,Zilmil Rana,Female,43,Bhubaneswar,Odisha,East,2023-07-25
C02413,Wishi Sampath,Female,56,Bengaluru,Karnataka,South,2024-02-11
C02414,Vrishti Saha,Female,26,Noida,Uttar Pradesh,North,2025-12-22
C02415,Maanas Tiwari,Female,55,Noida,Uttar Pradesh,North,2025-04-04
C02416,Vedhika Shankar,Male,19,Chandigarh,Chandigarh,North,2022-05-19
C02417,Yochana Wadhwa,Male,60,Bhubaneswar,Odisha,East,2023-04-20
C02418,Simon Shah,Male,67,Bengaluru,Karnataka,South,2023-10-25
C02419,Bachittar Dugar,Male,64,Jaipur,Rajasthan,North,2022-08-04
C02420,Jagat Rege,Male,57,Guwahati,Assam,East,2022-05-12
C02421,Jai Pingle,Female,66,Chennai,Tamil Nadu,South,2022-05-30
C02422,Banjeet Virk,Female,24,Mumbai,Maharashtra,West,2022-12-23
C02423,Jacob Prabhu,Male,30,Chandigarh,Chandigarh,North,2022-09-30
C02424,Kavya Mitter,Female,32,Bengaluru,Karnataka,South,2025-10-22
C02425,Vedika Bala,Male,23,Coimbatore,Tamil Nadu,South,2024-06-07
C02426,Lucky Sama,Male,69,Delhi,Delhi,North,2023-02-21
C02427,Dalaja Mander,Female,54,Chennai,Tamil Nadu,South,2024-01-07
C02428,Qadim Suresh,Male,61,Mumbai,Maharashtra,West,2023-11-29
C02429,Jason Palla,Male,31,Noida,Uttar Pradesh,North,2024-10-13
C02430,Chaitanya Sahni,Female,40,Surat,Gujarat,West,2024-10-22
C02431,Dayita Sethi,Male,46,Noida,Uttar Pradesh,North,2022-10-10
C02432,Krishna Soman,Male,26,Surat,Gujarat,West,2022-05-26
C02433,Lakshit Thaman,Male,49,Lucknow,Uttar Pradesh,North,2022-07-26
C02434,Shivani Sen,Female,19,Hyderabad,Telangana,South,2025-01-12
C02435,Eshana Chakraborty,Female,63,Kochi,Kerala,South,2023-05-30
C02436,Lila Kaul,Male,52,Pune,Maharashtra,West,2023-08-13
C02437,Harinakshi Zachariah,Female,43,Nagpur,Maharashtra,West,2025-06-05
C02438,Saanvi Mall,Male,55,Noida,Uttar Pradesh,North,2025-11-29
C02439,Noah Bakshi,Male,20,Ahmedabad,Gujarat,West,2025-08-30
C02440,Jatin Chada,Female,66,Ahmedabad,Gujarat,West,2023-02-15
C02441,Chatresh Vig,Female,66,Coimbatore,Tamil Nadu,South,2025-01-25
C02442,Vamakshi Thakkar,Female,22,Delhi,Delhi,North,2023-04-28
C02443,Jai Wali,Male,40,Noida,Uttar Pradesh,North,2025-06-03
C02444,Anirudh Maharaj,Male,53,Guwahati,Assam,East,2025-05-10
C02445,Yatan Sawhney,Male,24,Pune,Maharashtra,West,2023-07-09
C02446,Ekani Ratti,Female,45,Hyderabad,Telangana,South,2023-04-07
C02447,Vyanjana Bajaj,Male,19,Pune,Maharashtra,West,2022-02-13
C02448,Rajeshri Gole,Female,61,Jaipur,Rajasthan,North,2024-12-30
C02449,Arjun Wable,Female,21,Delhi,Delhi,North,2025-02-05
C02450,Lavanya Kurian,Male,45,Surat,Gujarat,West,2025-11-25
C02451,Ishwar Chaudhary,Male,46,Noida,Uttar Pradesh,North,2022-10-10
C02452,Bhavika Dhawan,Female,30,Hyderabad,Telangana,South,2024-01-24
C02453,Aadhya Chakraborty,Male,23,Mumbai,Maharashtra,West,2023-05-03
C02454,Damyanti Reddy,Male,69,Jaipur,Rajasthan,North,2024-04-25
C02455,Daniel Nanda,Male,21,Coimbatore,Tamil Nadu,South,2022-04-27
C02456,Avi Bhardwaj,Male,38,Coimbatore,Tamil Nadu,South,2023-08-02
C02457,Madhavi Chaudhary,Male,56,Pune,Maharashtra,West,2023-08-22
C02458,Lucky Sachar,Male,22,Mumbai,Maharashtra,West,2025-09-06
C02459,Aarna Prashad,Female,63,Hyderabad,Telangana,South,2023-02-26
C02460,Charles Jain,Female,63,Lucknow,Uttar Pradesh,North,2023-03-28
C02461,Warjas Tailor,Female,59,Ahmedabad,Gujarat,West,2025-02-03
C02462,Ishwar Luthra,Male,21,Kochi,Kerala,South,2023-10-16
C02463,Eesha Shetty,Female,35,Surat,Gujarat,West,2025-12-15
C02464,Dominic Sule,Male,37,Coimbatore,Tamil Nadu,South,2024-12-02
C02465,Nikita Kaur,Female,64,Jaipur,Rajasthan,North,2022-09-09
C02466,Amruta Chaudhuri,Male,62,Jaipur,Rajasthan,North,2022-03-15
C02467,Jeremiah Modi,Male,49,Surat,Gujarat,West,2022-08-22
C02468,Sanaya Chacko,Female,37,Patna,Bihar,East,2023-07-24
C02469,Lucky Prakash,Female,57,Kolkata,West Bengal,East,2022-05-03
C02470,Yatan Yogi,Female,46,Mumbai,Maharashtra,West,2024-02-23
C02471,Siya Barman,Male,60,Coimbatore,Tamil Nadu,South,2024-02-16
C02472,Ucchal Mann,Female,20,Mumbai,Maharashtra,West,2025-09-14
C02473,Aadi Bhasin,Female,34,Ahmedabad,Gujarat,West,2022-02-23
C02474,Anjali Krishna,Male,39,Noida,Uttar Pradesh,North,2023-03-20
C02475,Indali Kala,Female,68,Noida,Uttar Pradesh,North,2024-06-07
C02476,Chakradev Edwin,Female,64,Delhi,Delhi,North,2022-08-12
C02477,Charita Chakraborty,Female,45,Patna,Bihar,East,2024-12-31
C02478,Jason Dey,Female,28,Nagpur,Maharashtra,West,2024-11-28
C02479,Rachana Kade,Male,18,Guwahati,Assam,East,2023-05-03
C02480,Hema Lal,Male,67,Kochi,Kerala,South,2022-06-25
C02481,Anjali Korpal,Female,20,Ahmedabad,Gujarat,West,2025-03-15
C02482,Harita Kade,Female,68,Lucknow,Uttar Pradesh,North,2023-07-05
C02483,Falguni Babu,Male,37,Noida,Uttar Pradesh,North,2022-01-26
C02484,Aarnav Soni,Male,46,Ahmedabad,Gujarat,West,2023-06-26
C02485,Aditya Ghose,Female,20,Surat,Gujarat,West,2022-01-19
C02486,Vrinda Ramaswamy,Male,44,Guwahati,Assam,East,2025-07-30
C02487,Faras Yohannan,Female,22,Chennai,Tamil Nadu,South,2023-07-21
C02488,Sai Dasgupta,Female,49,Ahmedabad,Gujarat,West,2023-07-20
C02489,Krisha Parmar,Male,32,Coimbatore,Tamil Nadu,South,2022-10-28
C02490,Peter Anand,Female,55,Chennai,Tamil Nadu,South,2023-01-13
C02491,Turvi Prabhakar,Male,63,Nagpur,Maharashtra,West,2023-04-12
C02492,Sai Andra,Female,52,Patna,Bihar,East,2022-02-03
C02493,Anmol Mand,Female,24,Noida,Uttar Pradesh,North,2023-04-26
C02494,Rehaan Chana,Male,33,Bengaluru,Karnataka,South,2022-08-20
C02495,Timothy Kaur,Female,22,Hyderabad,Telangana,South,2024-01-31
C02496,Janani Bansal,Male,38,Lucknow,Uttar Pradesh,North,2022-10-21
C02497,Waida Kadakia,Female,59,Lucknow,Uttar Pradesh,North,2023-11-18
C02498,Rohan Randhawa,Male,28,Ahmedabad,Gujarat,West,2025-06-27
C02499,Arunima Tella,Male,24,Ahmedabad,Gujarat,West,2022-11-04
C02500,Onkar Hari,Female,31,Lucknow,Uttar Pradesh,North,2024-11-12
C02501,Dhruv Dave,Male,42,Nagpur,Maharashtra,West,2022-03-08
C02502,Joshua Lad,Male,54,Delhi,Delhi,North,2022-06-08
C02503,Anusha Handa,Female,52,Nagpur,Maharashtra,West,2025-07-14
C02504,Zayyan Setty,Female,60,Noida,Uttar Pradesh,North,2022-04-16
C02505,Prisha Ben,Female,30,Surat,Gujarat,West,2023-10-12
C02506,Rachana Ray,Female,33,Patna,Bihar,East,2023-05-15
C02507,Jairaj Vasa,Female,38,Lucknow,Uttar Pradesh,North,2023-04-18
C02508,Warhi Pathak,Male,46,Delhi,Delhi,North,2025-11-20
C02509,Udarsh Batta,Male,40,Chandigarh,Chandigarh,North,2024-01-12
C02510,Osha Walia,Female,56,Mumbai,Maharashtra,West,2024-01-12
C02511,Diya Ahluwalia,Male,52,Bengaluru,Karnataka,South,2023-04-16
C02512,Robert Natt,Male,56,Bengaluru,Karnataka,South,2025-10-12
C02513,Aryan Kara,Female,25,Kochi,Kerala,South,2023-12-01
C02514,Falan Krish,Male,54,Bengaluru,Karnataka,South,2024-10-31
C02515,Nitesh Narayan,Female,18,Pune,Maharashtra,West,2023-01-04
C02516,Dev Chatterjee,Female,65,Bengaluru,Karnataka,South,2023-06-24
C02517,Varsha Sankaran,Male,62,Chennai,Tamil Nadu,South,2024-06-02
C02518,Gaurika Krishna,Female,45,Chennai,Tamil Nadu,South,2022-09-29
C02519,Hritik Solanki,Male,63,Surat,Gujarat,West,2025-11-28
C02520,Harini Bhagat,Male,64,Kochi,Kerala,South,2023-11-21
C02521,Zinal Khalsa,Female,58,Kochi,Kerala,South,2024-07-08
C02522,Reva Chandran,Female,62,Surat,Gujarat,West,2023-08-16
C02523,Jeet Chada,Male,27,Coimbatore,Tamil Nadu,South,2025-04-22
C02524,Bahadurjit Purohit,Female,61,Ranchi,Jharkhand,East,2025-04-29
C02525,Dhruv Datta,Female,29,Chandigarh,Chandigarh,North,2023-10-19
C02526,Riya Bhakta,Male,32,Nagpur,Maharashtra,West,2023-07-27
C02527,Rachana Bhatti,Female,36,Kochi,Kerala,South,2022-04-09
C02528,Daksh Ben,Male,20,Ahmedabad,Gujarat,West,2023-01-01
C02529,Lakshmi Ratti,Female,54,Jaipur,Rajasthan,North,2024-05-31
C02530,Nirja Kaul,Female,36,Patna,Bihar,East,2022-07-23
C02531,Sudiksha Rajagopalan,Female,46,Kochi,Kerala,South,2023-07-15
C02532,Priya Chaudhuri,Female,56,Coimbatore,Tamil Nadu,South,2023-08-14
C02533,Atharv Setty,Female,27,Jaipur,Rajasthan,North,2025-09-26
C02534,Reyansh Chokshi,Male,19,Hyderabad,Telangana,South,2024-11-07
C02535,Advik Bir,Male,18,Delhi,Delhi,North,2025-01-10
C02536,Jonathan Upadhyay,Male,36,Mumbai,Maharashtra,West,2024-01-27
C02537,Isha Sama,Female,51,Ranchi,Jharkhand,East,2024-05-23
C02538,Sai Grewal,Male,63,Bengaluru,Karnataka,South,2023-08-28
C02539,Laksh Basu,Female,49,Delhi,Delhi,North,2024-06-29
C02540,Joshua Muni,Male,40,Coimbatore,Tamil Nadu,South,2023-07-25
C02541,Yochana Parmar,Female,28,Jaipur,Rajasthan,North,2022-06-02
C02542,Madhav Din,Male,63,Ahmedabad,Gujarat,West,2024-07-17
C02543,Dayamai Oza,Male,63,Delhi,Delhi,North,2024-06-06
C02544,Jyoti Anand,Male,58,Lucknow,Uttar Pradesh,North,2023-01-25
C02545,Dakshesh Khanna,Female,32,Jaipur,Rajasthan,North,2022-10-08
C02546,Pahal Padmanabhan,Male,49,Lucknow,Uttar Pradesh,North,2024-08-20
C02547,Sai Jaggi,Male,30,Chandigarh,Chandigarh,North,2023-08-02
C02548,Harita Gulati,Male,18,Delhi,Delhi,North,2024-11-23
C02549,Unni Narula,Male,63,Surat,Gujarat,West,2025-02-16
C02550,Chandani Sahota,Female,57,Bengaluru,Karnataka,South,2025-11-09
C02551,Nicholas Cheema,Female,48,Nagpur,Maharashtra,West,2023-04-26
C02552,Brijesh Tandon,Male,36,Pune,Maharashtra,West,2023-09-07
C02553,Aarush Kapoor,Female,56,Chandigarh,Chandigarh,North,2025-07-14
C02554,Unnati Kala,Male,32,Surat,Gujarat,West,2023-08-29
C02555,Vasana Narula,Female,38,Kochi,Kerala,South,2024-05-09
C02556,Samesh Ratta,Male,47,Bengaluru,Karnataka,South,2022-08-26
C02557,Abeer Patil,Female,63,Kolkata,West Bengal,East,2023-12-13
C02558,Ethan Parmar,Female,61,Bengaluru,Karnataka,South,2024-09-28
C02559,Ishwar Dhar,Male,68,Kochi,Kerala,South,2023-07-03
C02560,Ria Hayer,Female,61,Nagpur,Maharashtra,West,2023-10-24
C02561,Caleb Balan,Female,43,Surat,Gujarat,West,2024-06-24
C02562,Rudra Mander,Female,64,Chennai,Tamil Nadu,South,2023-07-04
C02563,Theodore Lala,Female,44,Chennai,Tamil Nadu,South,2023-09-24
C02564,Harinakshi Korpal,Male,67,Coimbatore,Tamil Nadu,South,2025-01-02
C02565,Rohan Bains,Female,26,Noida,Uttar Pradesh,North,2025-06-04
C02566,Adweta Chaudhuri,Female,23,Unknown,Delhi,North,2022-02-13
C02567,Laksh Raghavan,Male,59,Lucknow,Uttar Pradesh,North,2023-12-24
C02568,Hamsini Kade,Male,28,Coimbatore,Tamil Nadu,South,2024-01-12
C02569,Tanmayi Khatri,Female,69,Guwahati,Assam,East,2023-04-15
C02570,Kashish Garg,Female,31,Kochi,Kerala,South,2023-11-10
C02571,Dhruv Dani,Male,19,Pune,Maharashtra,West,2022-01-28
C02572,Kalpit Gupta,Female,68,Noida,Uttar Pradesh,North,2022-07-29
C02573,Kritika Prasad,Female,19,Pune,Maharashtra,West,2023-08-03
C02574,Pushti Konda,Female,65,Coimbatore,Tamil Nadu,South,2022-03-11
C02575,Ranbir Wason,Female,26,Bengaluru,Karnataka,South,2025-09-04
C02576,Manthan Narang,Male,22,Lucknow,Uttar Pradesh,North,2022-06-23
C02577,Chatresh Mammen,Male,65,Surat,Gujarat,West,2022-02-11
C02578,Yashoda Suresh,Male,65,Ranchi,Jharkhand,East,2022-11-07
C02579,Finn Singhal,Female,68,Chandigarh,Chandigarh,North,2023-02-02
C02580,Oliver Trivedi,Female,35,Nagpur,Maharashtra,West,2022-02-17
C02581,Yashodhara Prasad,Female,42,Mumbai,Maharashtra,West,2023-06-26
C02582,Zilmil Shetty,Female,53,Chennai,Tamil Nadu,South,2023-04-01
C02583,Ekanta Prakash,Male,42,Kochi,Kerala,South,2025-12-10
C02584,Warda Som,Female,66,Bengaluru,Karnataka,South,2024-03-17
C02585,Nandini Bansal,Male,54,Mumbai,Maharashtra,West,2024-07-15
C02586,Theodore Jain,Female,41,Guwahati,Assam,East,2023-04-21
C02587,Wahab Randhawa,Female,39,Mumbai,Maharashtra,West,2025-08-09
C02588,Damini Sandal,Male,31,Chennai,Tamil Nadu,South,2022-07-15
C02589,Naksh Prasad,Male,23,Guwahati,Assam,East,2025-04-30
C02590,Frado Desai,Male,21,Hyderabad,Telangana,South,2024-08-27
C02591,Chakrika Saxena,Female,65,Lucknow,Uttar Pradesh,North,2024-04-23
C02592,Victor Barman,Female,62,Pune,Maharashtra,West,2022-03-16
C02593,Yauvani Nayar,Female,62,Surat,Gujarat,West,2022-01-12
C02594,Shravya Sibal,Female,38,Hyderabad,Telangana,South,2024-09-27
C02595,Nilima Pillai,Female,63,Bhubaneswar,Odisha,East,2023-10-22
C02596,Edhitha Mahajan,Male,45,Nagpur,Maharashtra,West,2022-06-16
C02597,Aryan Gola,Male,28,Chandigarh,Chandigarh,North,2022-09-18
C02598,Vivaan Lanka,Male,46,Mumbai,Maharashtra,West,2022-12-07
C02599,Jagrati Butala,Female,49,Kolkata,West Bengal,East,2022-03-21
C02600,Yachana Varghese,Male,65,Hyderabad,Telangana,South,2024-09-24
C02601,Aradhana Kari,Male,36,Guwahati,Assam,East,2024-03-28
C02602,Jagat Bora,Female,51,Kochi,Kerala,South,2025-10-17
C02603,Balvan Iyer,Male,27,Ahmedabad,Gujarat,West,2025-02-28
C02604,Ronith Narayan,Female,51,Coimbatore,Tamil Nadu,South,2025-06-11
C02605,Chasmum Maharaj,Male,39,Chandigarh,Chandigarh,North,2024-08-05
C02606,Lakshit Lal,Female,18,Bhubaneswar,Odisha,East,2022-12-03
C02607,Chandani Manda,Female,22,Pune,Maharashtra,West,2022-11-04
C02608,Netra Ravi,Male,30,Kolkata,West Bengal,East,2023-10-01
C02609,Urmi Vala,Female,24,Noida,Uttar Pradesh,North,2024-07-28
C02610,Mitali Kari,Male,22,Bengaluru,Karnataka,South,2025-05-02
C02611,Shaurya Som,Female,58,Nagpur,Maharashtra,West,2023-04-08
C02612,Zaitra Sidhu,Female,70,Coimbatore,Tamil Nadu,South,2023-07-17
C02613,Harini Chada,Female,41,Guwahati,Assam,East,2025-04-11
C02614,Raghav Sanghvi,Male,22,Chandigarh,Chandigarh,North,2023-06-06
C02615,Shaurya Sarna,Female,29,Delhi,Delhi,North,2023-03-20
C02616,Ayushman Prasad,Female,39,Chennai,Tamil Nadu,South,2022-09-17
C02617,Kabir Mody,Female,69,Nagpur,Maharashtra,West,2025-05-23
C02618,Xalak Pant,Female,31,Noida,Uttar Pradesh,North,2025-10-01
C02619,Umang Saini,Male,69,Coimbatore,Tamil Nadu,South,2023-03-20
C02620,Netra Yogi,Female,18,Jaipur,Rajasthan,North,2022-12-04
C02621,Eshana Bajaj,Female,45,Mumbai,Maharashtra,West,2022-10-08
C02622,Liam Dube,Male,33,Lucknow,Uttar Pradesh,North,2023-09-12
C02623,Mahika Raj,Female,40,Surat,Gujarat,West,2024-02-29
C02624,Mahika Bhatt,Male,56,Nagpur,Maharashtra,West,2023-10-12
C02625,Raghav Soman,Female,63,Bhubaneswar,Odisha,East,2025-07-21
C02626,Falguni Seth,Female,49,Bengaluru,Karnataka,South,2025-02-21
C02627,Girik Garg,Male,53,Lucknow,Uttar Pradesh,North,2025-11-04
C02628,Peter Balay,Male,41,Patna,Bihar,East,2022-12-31
C02629,Avi Grover,Male,57,Patna,Bihar,East,2024-05-18
C02630,Ekaraj Raju,Female,29,Pune,Maharashtra,West,2024-02-23
C02631,Samesh Kaul,Female,41,Kolkata,West Bengal,East,2023-02-06
C02632,Ekaraj Sha,Female,39,Mumbai,Maharashtra,West,2025-04-15
C02633,Jyoti Vasa,Male,56,Kochi,Kerala,South,2023-06-04
C02634,Onveer Narain,Female,43,Kochi,Kerala,South,2025-08-07
C02635,Mahika Dugar,Male,54,Kochi,Kerala,South,2023-07-16
C02636,Kai Yadav,Female,49,Guwahati,Assam,East,2025-05-29
C02637,Vanya Biswas,Male,41,Hyderabad,Telangana,South,2022-08-01
C02638,Samuel De,Male,26,Coimbatore,Tamil Nadu,South,2025-12-16
C02639,Dayita Sankaran,Female,58,Chennai,Tamil Nadu,South,2022-04-25
C02640,Nathan Mukherjee,Female,30,Lucknow,Uttar Pradesh,North,2022-07-19
C02641,Yadavi Shanker,Female,63,Delhi,Delhi,North,2023-11-13
C02642,Saksham Amble,Male,60,Hyderabad,Telangana,South,2024-01-21
C02643,Sanaya Bhatt,Male,70,Mumbai,Maharashtra,West,2022-05-14
C02644,Yatin Vora,Male,29,Jaipur,Rajasthan,North,2023-07-01
C02645,Vritti Sharma,Male,62,Ahmedabad,Gujarat,West,2025-05-31
C02646,Balveer Chand,Male,37,Pune,Maharashtra,West,2025-07-25
C02647,Tanmayi Palan,Female,47,Kochi,Kerala,South,2022-08-30
C02648,Mahika Gill,Female,23,Mumbai,Maharashtra,West,2025-03-05
C02649,Zaid Gola,Male,29,Chennai,Tamil Nadu,South,2023-01-09
C02650,Tanvi Rajagopalan,Male,31,Mumbai,Maharashtra,West,2022-12-13
C02651,Girish Ramaswamy,Male,37,Chandigarh,Chandigarh,North,2022-06-16
C02652,Wriddhish Dugar,Female,21,Bhubaneswar,Odisha,East,2022-09-29
C02653,Bishakha Bhavsar,Female,26,Ahmedabad,Gujarat,West,2022-12-31
C02654,Wakeeta Sabharwal,Male,35,Surat,Gujarat,West,2023-04-08
C02655,Jyoti Bose,Female,62,Bhubaneswar,Odisha,East,2023-08-28
C02656,Yamini Nanda,Female,55,Mumbai,Maharashtra,West,2024-09-30
C02657,Shravya Gala,Male,20,Nagpur,Maharashtra,West,2024-07-09
C02658,Sarthak Toor,Male,52,Ranchi,Jharkhand,East,2024-02-29
C02659,Turvi Bala,Female,31,Surat,Gujarat,West,2023-12-12
C02660,Triya Raj,Female,23,Nagpur,Maharashtra,West,2025-02-03
C02661,Mohini Hayer,Male,47,Pune,Maharashtra,West,2023-06-13
C02662,Baljiwan Anne,Male,48,Chennai,Tamil Nadu,South,2024-11-24
C02663,Ishwar Deshpande,Female,54,Hyderabad,Telangana,South,2023-10-24
C02664,Ucchal Sundaram,Female,62,Nagpur,Maharashtra,West,2022-03-11
C02665,Ekansh Butala,Male,44,Kochi,Kerala,South,2022-01-17
C02666,Raksha Dey,Male,29,Ahmedabad,Gujarat,West,2025-08-19
C02667,Arya Edwin,Female,52,Patna,Bihar,East,2022-11-30
C02668,Andrew Chaudhry,Female,55,Chennai,Tamil Nadu,South,2024-06-18
C02669,Chaitaly Dash,Female,33,Surat,Gujarat,West,2024-03-28
C02670,Om Brahmbhatt,Female,48,Kochi,Kerala,South,2025-05-15
C02671,Anjali Dube,Male,66,Lucknow,Uttar Pradesh,North,2022-03-24
C02672,Ishita Gokhale,Female,45,Ranchi,Jharkhand,East,2022-08-09
C02673,Bakhshi Walia,Male,28,Noida,Uttar Pradesh,North,2024-03-31
C02674,Riya Batta,Male,54,Ahmedabad,Gujarat,West,2025-05-07
C02675,Madhavi Morar,Female,68,Jaipur,Rajasthan,North,2025-09-20
C02676,Charles Agrawal,Male,69,Kolkata,West Bengal,East,2023-09-26
C02677,Krishna Jaggi,Female,18,Surat,Gujarat,West,2022-12-05
C02678,Kavya Khare,Female,37,Jaipur,Rajasthan,North,2022-12-19
C02679,Gavin Babu,Female,23,Coimbatore,Tamil Nadu,South,2023-02-21
C02680,Ayaan Atwal,Female,18,Jaipur,Rajasthan,North,2025-11-03
C02681,Rehaan Bhatnagar,Female,53,Ahmedabad,Gujarat,West,2022-07-24
C02682,Gopal Ganesh,Female,47,Jaipur,Rajasthan,North,2024-08-25
C02683,Chaitanya Sagar,Male,38,Delhi,Delhi,North,2024-03-04
C02684,Eta Naidu,Female,36,Jaipur,Rajasthan,North,2024-03-29
C02685,Sarthak Rana,Female,52,Chandigarh,Chandigarh,North,2025-05-07
C02686,Jai Kata,Male,32,Bengaluru,Karnataka,South,2025-10-03
C02687,Hitesh Parikh,Female,41,Bhubaneswar,Odisha,East,2023-04-27
C02688,Oscar Aurora,Female,22,Mumbai,Maharashtra,West,2025-06-04
C02689,Diya Arora,Male,20,Jaipur,Rajasthan,North,2024-10-20
C02690,Simon Shanker,Female,42,Bengaluru,Karnataka,South,2022-07-10
C02691,Dominic Mallick,Female,37,Chandigarh,Chandigarh,North,2022-11-05
C02692,Caleb Bhavsar,Female,44,Surat,Gujarat,West,2022-03-13
C02693,Nirja Mitra,Male,47,Bengaluru,Karnataka,South,2025-10-29
C02694,Harsh Yadav,Male,59,Lucknow,Uttar Pradesh,North,2025-11-06
C02695,Zayan Chandran,Female,26,Kolkata,West Bengal,East,2022-11-26
C02696,Lipika Deol,Female,18,Surat,Gujarat,West,2025-11-06
C02697,Parth Nadkarni,Male,37,Surat,Gujarat,West,2024-05-15
C02698,Ekansh Nayak,Female,50,Mumbai,Maharashtra,West,2025-05-21
C02699,Saumya Raja,Female,52,Surat,Gujarat,West,2025-12-29
C02700,Yahvi Arya,Female,52,Kolkata,West Bengal,East,2023-01-02
C02701,Ansh Dash,Male,39,Delhi,Delhi,North,2022-11-04
C02702,Warjas Sangha,Male,50,Ranchi,Jharkhand,East,2023-06-13
C02703,Fariq Bhasin,Male,47,Chandigarh,Chandigarh,North,2024-06-09
C02704,Kavya Tara,Female,41,Chennai,Tamil Nadu,South,2024-09-29
C02705,Saksham Doshi,Female,34,Hyderabad,Telangana,South,2025-11-06
C02706,Samarth Barad,Female,29,Ahmedabad,Gujarat,West,2022-02-18
C02707,Sachi Narasimhan,Female,38,Bengaluru,Karnataka,South,2022-02-05
C02708,Arunima Nadkarni,Male,40,Chennai,Tamil Nadu,South,2025-05-05
C02709,Oeshi Mani,Male,29,Noida,Uttar Pradesh,North,2024-03-22
C02710,Veer Narula,Male,58,Chennai,Tamil Nadu,South,2022-09-16
C02711,Xavier Jha,Female,62,Ahmedabad,Gujarat,West,2023-12-09
C02712,Yuvraj Kapadia,Female,20,Noida,Uttar Pradesh,North,2025-03-11
C02713,Ekanta Goswami,Male,56,Kochi,Kerala,South,2022-03-20
C02714,Abeer Bhattacharyya,Male,39,Kolkata,West Bengal,East,2024-02-22
C02715,Ekaraj Hans,Female,19,Patna,Bihar,East,2024-05-15
C02716,Lohit Jayaraman,Male,45,Kochi,Kerala,South,2025-08-30
C02717,Gavin Ghose,Female,37,Bhubaneswar,Odisha,East,2025-03-15
C02718,Warinder Tripathi,Male,41,Noida,Uttar Pradesh,North,2023-05-15
C02719,Pooja Sibal,Female,65,Pune,Maharashtra,West,2024-06-13
C02720,Nitesh Hora,Male,56,Jaipur,Rajasthan,North,2023-07-21
C02721,Panini Goda,Female,35,Pune,Maharashtra,West,2025-10-20
C02722,Chavvi Mangal,Female,60,Coimbatore,Tamil Nadu,South,2022-02-08
C02723,Saksham Magar,Female,24,Kochi,Kerala,South,2024-08-05
C02724,Fariq Parsa,Female,32,Chennai,Tamil Nadu,South,2025-12-23
C02725,Krishna Ganesh,Female,55,Kochi,Kerala,South,2025-12-29
C02726,Ridhi Sami,Female,48,Nagpur,Maharashtra,West,2023-11-05
C02727,Nachiket Subramaniam,Female,38,Kolkata,West Bengal,East,2023-12-04
C02728,Lakshmi Sane,Female,65,Surat,Gujarat,West,2022-11-07
C02729,Charita Yogi,Male,61,Nagpur,Maharashtra,West,2025-11-29
C02730,Parth Kurian,Male,58,Surat,Gujarat,West,2022-03-08
C02731,Ubika Mohan,Male,65,Ahmedabad,Gujarat,West,2022-06-20
C02732,Bhanumati Prashad,Female,66,Patna,Bihar,East,2023-09-15
C02733,Ekbal Nath,Male,57,Surat,Gujarat,West,2022-03-02
C02734,Upasna Hayre,Female,44,Noida,Uttar Pradesh,North,2023-12-22
C02735,Ranveer Agrawal,Female,33,Kolkata,West Bengal,East,2023-08-05
C02736,Xiti Prasad,Female,56,Nagpur,Maharashtra,West,2022-09-27
C02737,Nidhi Sagar,Female,31,Kolkata,West Bengal,East,2022-07-18
C02738,Kashvi Rajagopalan,Female,29,Chennai,Tamil Nadu,South,2025-03-14
C02739,Darika Bobal,Female,40,Guwahati,Assam,East,2025-01-31
C02740,Balvan Dash,Female,38,Chandigarh,Chandigarh,North,2025-05-12
C02741,Nicholas Hari,Female,50,Delhi,Delhi,North,2025-09-22
C02742,Aadhya Pall,Female,49,Surat,Gujarat,West,2023-04-07
C02743,Jyoti Bhardwaj,Male,29,Lucknow,Uttar Pradesh,North,2024-07-09
C02744,Panini Koshy,Female,66,Mumbai,Maharashtra,West,2024-12-26
C02745,Vanya Banerjee,Male,42,Pune,Maharashtra,West,2025-10-31
C02746,Ayaan Divan,Female,30,Chandigarh,Chandigarh,North,2024-05-06
C02747,Tamanna Din,Male,57,Noida,Uttar Pradesh,North,2023-04-05
C02748,Yug Edwin,Female,19,Delhi,Delhi,North,2025-05-12
C02749,Jackson Chanda,Female,61,Pune,Maharashtra,West,2022-12-07
C02750,Mitali Buch,Female,53,Kochi,Kerala,South,2022-02-16
C02751,Pallavi Gandhi,Female,41,Pune,Maharashtra,West,2022-11-27
C02752,Zayyan Mittal,Female,63,Jaipur,Rajasthan,North,2022-12-25
C02753,Darika Sabharwal,Female,22,Patna,Bihar,East,2022-09-29
C02754,Ikbal Padmanabhan,Female,47,Bhubaneswar,Odisha,East,2025-03-28
C02755,Amruta Kadakia,Male,68,Hyderabad,Telangana,South,2024-06-27
C02756,Darika Ahuja,Male,69,Bengaluru,Karnataka,South,2024-10-21
C02757,Vyanjana Agarwal,Male,47,Lucknow,Uttar Pradesh,North,2022-11-23
C02758,Ekaraj Sahni,Male,61,Delhi,Delhi,North,2022-01-15
C02759,Bhavya Sankar,Female,22,Noida,Uttar Pradesh,North,2024-08-20
C02760,Patrick Prasad,Male,63,Lucknow,Uttar Pradesh,North,2025-01-05
C02761,Krish Hora,Female,48,Noida,Uttar Pradesh,North,2022-02-18
C02762,Qabil Thakkar,Female,70,Kolkata,West Bengal,East,2023-08-23
C02763,Shravya Kala,Female,63,Delhi,Delhi,North,2024-01-15
C02764,Sai Bhargava,Male,24,Guwahati,Assam,East,2024-05-27
C02765,Rehaan Lad,Male,64,Kochi,Kerala,South,2025-04-02
C02766,Ridhi Chopra,Female,27,Bengaluru,Karnataka,South,2025-09-06
C02767,Fariq Memon,Female,24,Guwahati,Assam,East,2023-03-07
C02768,Krishna Dash,Female,66,Mumbai,Maharashtra,West,2024-07-27
C02769,Devansh Oommen,Female,62,Kochi,Kerala,South,2023-12-03
C02770,Wahab Sridhar,Female,54,Surat,Gujarat,West,2025-12-03
C02771,Harrison Andra,Male,51,Chennai,Tamil Nadu,South,2022-10-14
C02772,Amaira Amble,Female,63,Coimbatore,Tamil Nadu,South,2024-01-30
C02773,Gunbir Kakar,Female,48,Coimbatore,Tamil Nadu,South,2025-03-08
C02774,Keya Venkatesh,Male,27,Lucknow,Uttar Pradesh,North,2022-11-13
C02775,Vedika Solanki,Male,19,Chandigarh,Chandigarh,North,2023-06-11
C02776,Pushti Nayar,Male,55,Ranchi,Jharkhand,East,2023-09-13
C02777,Hemal Murty,Female,48,Kochi,Kerala,South,2024-11-07
C02778,Jalsa Rastogi,Male,55,Jaipur,Rajasthan,North,2023-12-06
C02779,Dakshesh Parekh,Female,42,Patna,Bihar,East,2024-12-07
C02780,Harish Aggarwal,Male,51,Guwahati,Assam,East,2025-08-20
C02781,Neelima Dewan,Male,60,Surat,Gujarat,West,2024-02-17
C02782,Jason Wali,Female,31,Patna,Bihar,East,2023-04-06
C02783,Yuvraj Pillay,Male,59,Kochi,Kerala,South,2025-05-31
C02784,Vaishnavi Varma,Male,65,Bengaluru,Karnataka,South,2024-07-29
C02785,Raghav Aggarwal,Male,41,Ranchi,Jharkhand,East,2023-04-13
C02786,Anay Parsa,Male,39,Chandigarh,Chandigarh,North,2025-07-06
C02787,Eshana Sawhney,Male,69,Ahmedabad,Gujarat,West,2025-02-07
C02788,Vedhika Ratta,Male,33,Hyderabad,Telangana,South,2024-12-06
C02789,Ijaya Sangha,Male,32,Coimbatore,Tamil Nadu,South,2025-11-13
C02790,Harish Rajan,Male,56,Chandigarh,Chandigarh,North,2022-12-30
C02791,Robert Dhar,Male,64,Kochi,Kerala,South,2022-07-07
C02792,Joshua Tank,Female,21,Kolkata,West Bengal,East,2022-09-29
C02793,Charvi Sibal,Female,47,Coimbatore,Tamil Nadu,South,2025-04-14
C02794,Sanaya D’Alia,Male,30,Chennai,Tamil Nadu,South,2023-10-16
C02795,Wridesh Kohli,Female,30,Surat,Gujarat,West,2022-06-20
C02796,Onkar Chakraborty,Female,37,Hyderabad,Telangana,South,2023-03-17
C02797,Radhika Balakrishnan,Male,64,Nagpur,Maharashtra,West,2024-05-30
C02798,Eta Rajagopal,Female,18,Bhubaneswar,Odisha,East,2025-04-21
C02799,Thomas Kurian,Female,49,Bengaluru,Karnataka,South,2025-05-16
C02800,Jatin Deshpande,Female,50,Lucknow,Uttar Pradesh,North,2024-11-04
C02801,Gautam Natarajan,Male,39,Kochi,Kerala,South,2023-06-26
C02802,Dhruv Oza,Female,58,Hyderabad,Telangana,South,2024-10-27
C02803,Lakshmi Sarkar,Male,38,Pune,Maharashtra,West,2024-09-25
C02804,Udant Lad,Female,28,Ranchi,Jharkhand,East,2024-08-21
C02805,Bina Chahal,Female,24,Bengaluru,Karnataka,South,2025-10-10
C02806,Gaurav Oak,Male,30,Guwahati,Assam,East,2023-12-03
C02807,Jack Pillai,Female,50,Jaipur,Rajasthan,North,2023-03-13
C02808,Dhriti Rai,Male,61,Nagpur,Maharashtra,West,2024-08-24
C02809,Deepa Bhatia,Male,38,Nagpur,Maharashtra,West,2023-03-07
C02810,Lipika Sampath,Male,57,Bengaluru,Karnataka,South,2022-12-18
C02811,Janya Date,Female,59,Lucknow,Uttar Pradesh,North,2024-11-23
C02812,Hredhaan Rana,Male,34,Chandigarh,Chandigarh,North,2023-07-06
C02813,Triveni Mutti,Male,37,Ahmedabad,Gujarat,West,2024-01-30
C02814,Chaman Kanda,Female,37,Ahmedabad,Gujarat,West,2023-10-08
C02815,Tamanna Din,Male,66,Surat,Gujarat,West,2024-05-04
C02816,Madhav Banerjee,Female,59,Kolkata,West Bengal,East,2024-04-17
C02817,Dayamai Thakkar,Male,70,Chandigarh,Chandigarh,North,2023-07-16
C02818,Anusha Sridhar,Female,36,Jaipur,Rajasthan,North,2025-09-17
C02819,Warda Manne,Female,68,Kolkata,West Bengal,East,2023-10-22
C02820,Daniel Nath,Male,69,Nagpur,Maharashtra,West,2025-02-20
C02821,Shivansh Kar,Female,24,Hyderabad,Telangana,South,2024-06-20
C02822,Praneel Sura,Female,64,Coimbatore,Tamil Nadu,South,2023-10-29
C02823,Chandani Dutta,Female,62,Delhi,Delhi,North,2025-09-12
C02824,Manya Nazareth,Female,56,Guwahati,Assam,East,2023-05-27
C02825,Urvashi Pall,Male,58,Delhi,Delhi,North,2022-07-27
C02826,Mahika Bora,Female,36,Nagpur,Maharashtra,West,2024-01-27
C02827,Barkha Hayer,Female,67,Coimbatore,Tamil Nadu,South,2022-06-01
C02828,Gunbir Deep,Female,54,Jaipur,Rajasthan,North,2022-11-05
C02829,Chatura Modi,Male,38,Chennai,Tamil Nadu,South,2024-06-16
C02830,Nihal Devan,Female,62,Ahmedabad,Gujarat,West,2025-02-14
C02831,Vasudha Manne,Female,41,Chennai,Tamil Nadu,South,2025-12-03
C02832,Shaurya Kamdar,Male,38,Guwahati,Assam,East,2023-03-16
C02833,Aditya Pathak,Female,30,Surat,Gujarat,West,2024-01-12
C02834,Manbir Puri,Male,26,Lucknow,Uttar Pradesh,North,2023-06-07
C02835,Om Bhalla,Female,69,Bengaluru,Karnataka,South,2024-05-25
C02836,Ishani Som,Male,50,Mumbai,Maharashtra,West,2024-12-18
C02837,Charles Dalal,Male,50,Nagpur,Maharashtra,West,2024-06-14
C02838,Radha Dixit,Female,36,Patna,Bihar,East,2025-01-08
C02839,Yash Bandi,Male,53,Mumbai,Maharashtra,West,2022-06-04
C02840,Wridesh Ranganathan,Male,54,Noida,Uttar Pradesh,North,2022-11-21
C02841,Chasmum Gera,Male,66,Ranchi,Jharkhand,East,2025-08-24
C02842,Gaurav Sheth,Female,46,Bengaluru,Karnataka,South,2023-07-22
C02843,Anvi Saxena,Female,22,Bhubaneswar,Odisha,East,2025-08-25
C02844,Advay Dar,Female,51,Hyderabad,Telangana,South,2023-11-27
C02845,Fitan Dara,Female,54,Chandigarh,Chandigarh,North,2022-02-13
C02846,Yashodhara Kar,Male,18,Hyderabad,Telangana,South,2024-03-09
C02847,Varsha Mahal,Female,32,Bengaluru,Karnataka,South,2022-11-05
C02848,Pratyush Rajagopalan,Female,59,Lucknow,Uttar Pradesh,North,2024-12-26
C02849,Radha Misra,Male,30,Noida,Uttar Pradesh,North,2023-12-28
C02850,Hardik Nanda,Male,24,Jaipur,Rajasthan,North,2023-09-24
C02851,Qasim Ravi,Male,52,Hyderabad,Telangana,South,2022-03-22
C02852,Meera Yadav,Female,32,Mumbai,Maharashtra,West,2023-11-02
C02853,Devansh Venkataraman,Male,45,Jaipur,Rajasthan,North,2023-09-13
C02854,Sarthak Dalal,Female,19,Bhubaneswar,Odisha,East,2023-03-21
C02855,Pranit Ahluwalia,Female,19,Bengaluru,Karnataka,South,2022-09-10
C02856,Dipta Das,Male,46,Pune,Maharashtra,West,2024-02-19
C02857,Kabir Jhaveri,Female,55,Pune,Maharashtra,West,2023-02-26
C02858,Gagan Kunda,Male,28,Delhi,Delhi,North,2022-12-25
C02859,Frado Dash,Female,65,Delhi,Delhi,North,2024-09-28
C02860,Januja Garg,Male,23,Guwahati,Assam,East,2023-01-27
C02861,Aadi Kothari,Female,50,Lucknow,Uttar Pradesh,North,2024-09-05
C02862,Chakradhar Venkataraman,Male,42,Bengaluru,Karnataka,South,2022-02-03
C02863,Sai Dey,Female,41,Chandigarh,Chandigarh,North,2022-07-24
C02864,Dhriti Virk,Female,32,Kolkata,West Bengal,East,2024-06-08
C02865,Yashvi Kadakia,Female,48,Kolkata,West Bengal,East,2025-08-25
C02866,Chaitanya Khalsa,Female,20,Kochi,Kerala,South,2025-08-18
C02867,Raghav Dhar,Male,26,Coimbatore,Tamil Nadu,South,2022-12-30
C02868,Tanveer Desai,Female,66,Pune,Maharashtra,West,2025-11-24
C02869,Jagrati Mall,Female,41,Hyderabad,Telangana,South,2023-03-06
C02870,Pahal Borde,Male,29,Jaipur,Rajasthan,North,2024-05-08
C02871,Abha Raj,Male,41,Bhubaneswar,Odisha,East,2025-10-01
C02872,Mugdha Shan,Male,49,Kolkata,West Bengal,East,2022-11-29
C02873,Aachal Sandal,Female,34,Bengaluru,Karnataka,South,2025-07-04
C02874,Samar Bobal,Female,19,Delhi,Delhi,North,2022-02-22
C02875,Reyansh Pradhan,Female,20,Kolkata,West Bengal,East,2022-10-23
C02876,Oni Dube,Male,28,Nagpur,Maharashtra,West,2024-12-11
C02877,Radha Raghavan,Male,44,Kochi,Kerala,South,2023-04-02
C02878,Yug Brahmbhatt,Female,44,Kolkata,West Bengal,East,2024-09-01
C02879,Jeet Wali,Male,56,Ranchi,Jharkhand,East,2024-06-20
C02880,Niharika Bhatti,Female,48,Delhi,Delhi,North,2023-09-30
C02881,Gaurav Patil,Female,60,Patna,Bihar,East,2022-09-20
C02882,Anjali Dhingra,Male,48,Nagpur,Maharashtra,West,2025-09-30
C02883,Anusha Anne,Male,32,Nagpur,Maharashtra,West,2023-02-06
C02884,Krishna Kapadia,Male,65,Pune,Maharashtra,West,2023-04-07
C02885,Henry Dasgupta,Male,33,Bengaluru,Karnataka,South,2023-08-02
C02886,Damini Suri,Female,39,Coimbatore,Tamil Nadu,South,2025-09-12
C02887,Ikshita Manda,Female,66,Chandigarh,Chandigarh,North,2025-09-30
C02888,Hardik Bava,Female,60,Patna,Bihar,East,2024-05-14
C02889,Eesha Ramachandran,Male,68,Chennai,Tamil Nadu,South,2024-02-28
C02890,Hemani Wali,Male,58,Coimbatore,Tamil Nadu,South,2022-01-30
C02891,Vansha Datta,Female,38,Coimbatore,Tamil Nadu,South,2022-11-28
C02892,Aditya Varghese,Female,30,Bengaluru,Karnataka,South,2024-09-17
C02893,Jonathan Dhar,Female,31,Noida,Uttar Pradesh,North,2024-04-10
C02894,Amara Bera,Female,25,Ahmedabad,Gujarat,West,2025-01-22
C02895,Zaid Sahota,Female,29,Noida,Uttar Pradesh,North,2023-11-22
C02896,Qadim Sarna,Female,60,Bengaluru,Karnataka,South,2025-01-29
C02897,Upadhriti Thakkar,Female,22,Kochi,Kerala,South,2024-11-29
C02898,Anya Sangha,Male,52,Chandigarh,Chandigarh,North,2025-08-08
C02899,Dalaja Chahal,Male,25,Coimbatore,Tamil Nadu,South,2024-07-25
C02900,Niharika Munshi,Female,37,Ahmedabad,Gujarat,West,2022-09-16
C02901,Fariq Bose,Male,43,Nagpur,Maharashtra,West,2022-06-19
C02902,Girik Gandhi,Male,61,Ranchi,Jharkhand,East,2023-02-04
C02903,Frado Mangal,Female,51,Chennai,Tamil Nadu,South,2023-02-11
C02904,Advaith Samra,Male,69,Jaipur,Rajasthan,North,2025-02-26
C02905,Varsha Tank,Male,41,Nagpur,Maharashtra,West,2023-04-17
C02906,Nidra Atwal,Male,66,Coimbatore,Tamil Nadu,South,2025-07-24
C02907,Abhimanyu Sandal,Female,30,Noida,Uttar Pradesh,North,2025-06-02
C02908,Yash Wable,Female,51,Bengaluru,Karnataka,South,2023-08-31
C02909,Saumya Ganguly,Female,26,Guwahati,Assam,East,2024-08-16
C02910,Parth Borde,Male,34,Lucknow,Uttar Pradesh,North,2022-01-01
C02911,Kiaan Varkey,Male,21,Lucknow,Uttar Pradesh,North,2023-03-04
C02912,Charan Sami,Female,70,Jaipur,Rajasthan,North,2022-10-22
C02913,Ladli Garde,Male,59,Coimbatore,Tamil Nadu,South,2024-03-12
C02914,Isaiah Nigam,Male,40,Nagpur,Maharashtra,West,2023-02-01
C02915,Jacob Mannan,Female,25,Kochi,Kerala,South,2022-10-15
C02916,Vasudha Memon,Male,31,Noida,Uttar Pradesh,North,2025-10-08
C02917,Tanay Agate,Male,58,Ahmedabad,Gujarat,West,2023-11-02
C02918,Teerth Mody,Male,67,Kochi,Kerala,South,2024-12-09
C02919,Ubika Sura,Female,37,Chandigarh,Chandigarh,North,2023-04-21
C02920,Ishani Ahuja,Female,27,Ranchi,Jharkhand,East,2025-06-03
C02921,Falguni Misra,Male,42,Kochi,Kerala,South,2023-07-12
C02922,Hredhaan Ahluwalia,Female,45,Patna,Bihar,East,2022-08-20
C02923,Quincy Ratti,Male,51,Chandigarh,Chandigarh,North,2023-08-20
C02924,Aditya Chaudhuri,Female,33,Hyderabad,Telangana,South,2025-05-11
C02925,Vyanjana Hora,Female,44,Guwahati,Assam,East,2025-12-07
C02926,Yoshita Dube,Female,34,Chennai,Tamil Nadu,South,2023-07-28
C02927,Jatin Sura,Female,40,Lucknow,Uttar Pradesh,North,2024-05-09
C02928,Nachiket Krishna,Female,33,Chennai,Tamil Nadu,South,2025-12-31
C02929,Upma Rana,Female,60,Jaipur,Rajasthan,North,2025-04-25
C02930,Chandani Patla,Female,56,Bengaluru,Karnataka,South,2025-02-22
C02931,Qabil Yadav,Male,55,Surat,Gujarat,West,2022-03-28
C02932,Ikbal Sarna,Male,25,Kolkata,West Bengal,East,2025-03-24
C02933,Neel Dey,Female,70,Bhubaneswar,Odisha,East,2024-01-09
C02934,Radha Ahluwalia,Female,47,Mumbai,Maharashtra,West,2023-12-13
C02935,Rushil Choudhry,Female,70,Nagpur,Maharashtra,West,2022-03-18
C02936,Bhavani Baria,Male,31,Chandigarh,Chandigarh,North,2025-10-02
C02937,Megha Sama,Female,24,Mumbai,Maharashtra,West,2025-07-15
C02938,Azad Dyal,Female,34,Bengaluru,Karnataka,South,2022-02-28
C02939,Varenya Lata,Male,35,Ahmedabad,Gujarat,West,2023-12-23
C02940,Oviya Suresh,Female,62,Mumbai,Maharashtra,West,2023-10-27
C02941,Joshua Nair,Male,53,Patna,Bihar,East,2022-11-25
C02942,Yachana Ramachandran,Female,65,Noida,Uttar Pradesh,North,2025-08-20
C02943,Imaran Chokshi,Female,23,Ahmedabad,Gujarat,West,2022-12-19
C02944,Jonathan Dugal,Male,38,Nagpur,Maharashtra,West,2025-01-07
C02945,Xiti Arya,Female,38,Kolkata,West Bengal,East,2022-07-05
C02946,Charles Oommen,Male,34,Jaipur,Rajasthan,North,2024-02-23
C02947,Abhiram Saraf,Female,69,Guwahati,Assam,East,2023-12-20
C02948,Bimala Manda,Male,38,Ahmedabad,Gujarat,West,2022-11-23
C02949,Fitan Sanghvi,Female,50,Coimbatore,Tamil Nadu,South,2025-04-06
C02950,Michael Vaidya,Male,43,Noida,Uttar Pradesh,North,2023-08-30
C02951,Zaid Mand,Male,23,Delhi,Delhi,North,2023-02-11
C02952,Adya Kota,Male,63,Chandigarh,Chandigarh,North,2023-06-24
C02953,Rushil Som,Male,42,Ahmedabad,Gujarat,West,2024-03-23
C02954,Yadavi Golla,Male,38,Kochi,Kerala,South,2025-06-10
C02955,Manthan Karnik,Male,53,Guwahati,Assam,East,2022-03-25
C02956,Kevin Rattan,Female,32,Kochi,Kerala,South,2022-02-23
C02957,Anusha Handa,Male,46,Bhubaneswar,Odisha,East,2023-05-18
C02958,Pooja Badami,Male,36,Jaipur,Rajasthan,North,2022-10-25
C02959,Gavin Behl,Female,46,Chennai,Tamil Nadu,South,2025-06-07
C02960,Nikita Vohra,Male,44,Nagpur,Maharashtra,West,2025-03-09
C02961,Vihaan Kapadia,Female,58,Hyderabad,Telangana,South,2025-04-04
C02962,Pooja Srinivas,Female,69,Surat,Gujarat,West,2023-06-20
C02963,Yashvi Sane,Female,33,Chandigarh,Chandigarh,North,2024-01-29
C02964,Daksha Choudhary,Male,38,Ahmedabad,Gujarat,West,2022-06-07
C02965,Januja Mand,Male,24,Bhubaneswar,Odisha,East,2025-01-07
C02966,Omya Koshy,Female,52,Ranchi,Jharkhand,East,2025-12-21
C02967,Champak Gopal,Female,63,Nagpur,Maharashtra,West,2023-04-12
C02968,Aadi Ben,Female,35,Noida,Uttar Pradesh,North,2023-04-04
C02969,Simon Mangal,Female,49,Mumbai,Maharashtra,West,2024-07-31
C02970,Ati Chaudhuri,Male,53,Delhi,Delhi,North,2022-12-17
C02971,Qasim Krishnan,Female,63,Mumbai,Maharashtra,West,2023-12-13
C02972,Januja Natt,Female,54,Kochi,Kerala,South,2022-05-14
C02973,Isaac Chatterjee,Female,45,Chennai,Tamil Nadu,South,2025-05-09
C02974,Kalpit Narula,Male,60,Jaipur,Rajasthan,North,2024-03-22
C02975,Janaki Wadhwa,Female,39,Nagpur,Maharashtra,West,2025-11-28
C02976,Wazir Majumdar,Male,67,Hyderabad,Telangana,South,2024-04-13
C02977,Leena Chahal,Male,57,Nagpur,Maharashtra,West,2023-10-07
C02978,Kalpit Dara,Male,67,Kochi,Kerala,South,2025-04-18
C02979,Rayaan Hans,Female,64,Ranchi,Jharkhand,East,2022-05-11
C02980,Hardik Borde,Male,29,Coimbatore,Tamil Nadu,South,2023-05-25
C02981,Charvi Som,Female,23,Bengaluru,Karnataka,South,2022-09-02
C02982,Mitesh Bassi,Female,69,Bengaluru,Karnataka,South,2025-03-21
C02983,Rehaan Sahota,Female,29,Surat,Gujarat,West,2022-10-11
C02984,Idika Pau,Female,34,Kochi,Kerala,South,2022-12-30
C02985,Jacob Sarin,Female,30,Pune,Maharashtra,West,2023-06-18
C02986,Vasudha Saini,Female,66,Chennai,Tamil Nadu,South,2023-11-27
C02987,Ojas Mahal,Male,53,Kochi,Kerala,South,2022-02-11
C02988,Bimala Bath,Male,18,Kochi,Kerala,South,2022-07-15
C02989,Ranveer Rao,Male,38,Ranchi,Jharkhand,East,2022-01-26
C02990,Yochana Borde,Female,22,Mumbai,Maharashtra,West,2025-03-09
C02991,Raksha Upadhyay,Female,29,Bhubaneswar,Odisha,East,2025-07-27
C02992,Madhavi Rattan,Male,56,Ahmedabad,Gujarat,West,2022-07-18
C02993,Samuel Gour,Male,50,Pune,Maharashtra,West,2024-06-21
C02994,Nathaniel Kamdar,Male,52,Bengaluru,Karnataka,South,2022-03-04
C02995,Yochana Shah,Female,24,Kolkata,West Bengal,East,2023-10-01
C02996,Chavvi Kannan,Male,24,Pune,Maharashtra,West,2025-04-23
C02997,Amrita Dani,Female,47,Nagpur,Maharashtra,West,2022-11-14
C02998,Udarsh Bath,Female,25,Ranchi,Jharkhand,East,2024-03-07
C02999,Bishakha Baral,Male,41,Delhi,Delhi,North,2023-11-24
C03000,Arunima Deol,Female,20,Bengaluru,Karnataka,South,2023-01-21
C03001,Charan Kothari,Male,51,Surat,Gujarat,West,2025-09-12
C03002,Jack Agarwal,Female,66,Kochi,Kerala,South,2024-12-15
C03003,Jyoti Nair,Female,26,Pune,Maharashtra,West,2023-08-02
C03004,Aishani Deol,Female,43,Pune,Maharashtra,West,2023-08-23
C03005,Chaitaly Nair,Male,49,Mumbai,Maharashtra,West,2024-10-01
C03006,Advaith Parekh,Female,37,Hyderabad,Telangana,South,2024-09-18
C03007,Ati Goda,Male,51,Ahmedabad,Gujarat,West,2025-11-01
C03008,Amol Yogi,Female,55,Bhubaneswar,Odisha,East,2022-07-02
C03009,Lavanya Kurian,Male,59,Noida,Uttar Pradesh,North,2025-01-16
C03010,Riya Kannan,Male,21,Mumbai,Maharashtra,West,2024-12-30
C03011,Amruta Jani,Female,52,Guwahati,Assam,East,2023-01-21
C03012,Nachiket Sehgal,Male,50,Bengaluru,Karnataka,South,2024-11-07
C03013,Radha Pillay,Male,47,Mumbai,Maharashtra,West,2023-03-16
C03014,Varenya Chander,Female,22,Bhubaneswar,Odisha,East,2025-12-30
C03015,Pratyush Sharaf,Male,20,Chandigarh,Chandigarh,North,2023-02-28
C03016,Patrick Gulati,Male,36,Bhubaneswar,Odisha,East,2025-11-12
C03017,Pranit Manda,Female,29,Coimbatore,Tamil Nadu,South,2025-09-12
C03018,Dayita Gaba,Female,20,Bhubaneswar,Odisha,East,2024-02-01
C03019,Meera Guha,Female,45,Hyderabad,Telangana,South,2023-05-20
C03020,Luke Bora,Female,44,Lucknow,Uttar Pradesh,North,2023-02-24
C03021,Yatan Sha,Female,35,Chandigarh,Chandigarh,North,2024-04-27
C03022,Harish Vyas,Female,56,Bhubaneswar,Odisha,East,2024-09-26
C03023,Advik Chaudhry,Female,26,Bengaluru,Karnataka,South,2022-03-27
C03024,Leena Bail,Male,25,Jaipur,Rajasthan,North,2022-05-25
C03025,Agastya Bassi,Male,52,Bengaluru,Karnataka,South,2022-05-17
C03026,Yuvraj Chacko,Female,36,Ahmedabad,Gujarat,West,2025-10-26
C03027,Luke Arya,Female,24,Ahmedabad,Gujarat,West,2025-03-13
C03028,Hitesh Nigam,Male,53,Chandigarh,Chandigarh,North,2023-02-18
C03029,Samaksh Dewan,Male,48,Bhubaneswar,Odisha,East,2022-09-18
C03030,Sachi Gade,Male,42,Mumbai,Maharashtra,West,2023-04-14
C03031,Garima Srinivas,Female,57,Chennai,Tamil Nadu,South,2023-05-11
C03032,Yagnesh Bhalla,Male,60,Pune,Maharashtra,West,2024-06-24
C03033,Jatin Bail,Female,20,Bhubaneswar,Odisha,East,2023-03-07
C03034,Harshil Minhas,Female,29,Pune,Maharashtra,West,2023-12-01
C03035,Yasti Sagar,Male,43,Pune,Maharashtra,West,2025-08-12
C03036,Aarav Kapur,Male,32,Ahmedabad,Gujarat,West,2024-11-01
C03037,Utkarsh Sane,Female,19,Coimbatore,Tamil Nadu,South,2023-11-19
C03038,Manan Pandit,Female,53,Kolkata,West Bengal,East,2023-05-19
C03039,Upkaar Rajagopalan,Male,25,Hyderabad,Telangana,South,2023-10-13
C03040,Vyanjana Gara,Male,57,Chandigarh,Chandigarh,North,2024-11-26
C03041,Udarsh Chaudry,Male,27,Lucknow,Uttar Pradesh,North,2024-01-29
C03042,Ishanvi Bose,Female,18,Bhubaneswar,Odisha,East,2022-01-13
C03043,Jagat Patel,Male,32,Surat,Gujarat,West,2025-03-07
C03044,Caleb Dora,Male,19,Delhi,Delhi,North,2025-02-28
C03045,Priya Wali,Female,36,Chandigarh,Chandigarh,North,2025-03-16
C03046,Pratyush Sandal,Male,61,Chandigarh,Chandigarh,North,2024-07-09
C03047,Charvi Mangat,Female,48,Ahmedabad,Gujarat,West,2023-12-08
C03048,Hemang Madan,Female,32,Bhubaneswar,Odisha,East,2024-07-19
C03049,Jyoti Lanka,Female,28,Coimbatore,Tamil Nadu,South,2024-03-06
C03050,Aarnav Dixit,Female,27,Mumbai,Maharashtra,West,2024-06-03
C03051,Ekaja Divan,Male,43,Bengaluru,Karnataka,South,2025-12-26
C03052,Sanya Sridhar,Female,44,Kochi,Kerala,South,2023-03-03
C03053,Isaiah Sane,Female,42,Guwahati,Assam,East,2024-07-15
C03054,Maanav Chana,Female,26,Ahmedabad,Gujarat,West,2023-10-30
C03055,Joshua Gopal,Male,63,Jaipur,Rajasthan,North,2023-05-19
C03056,Ira Nagar,Female,47,Unknown,Tamil Nadu,South,2025-09-12
C03057,Panini Srivastava,Female,31,Surat,Gujarat,West,2024-02-07
C03058,Gauri Devi,Female,37,Surat,Gujarat,West,2022-08-11
C03059,Leela Sahota,Male,30,Ranchi,Jharkhand,East,2024-04-24
C03060,Waida Walia,Female,51,Hyderabad,Telangana,South,2022-11-17
C03061,Leena Chacko,Male,42,Surat,Gujarat,West,2022-02-18
C03062,Theodore Chahal,Male,59,Pune,Maharashtra,West,2023-07-14
C03063,Janaki Agate,Female,38,Pune,Maharashtra,West,2022-11-05
C03064,Anay Patil,Female,57,Pune,Maharashtra,West,2024-09-23
C03065,Kiaan Choudhary,Male,61,Ranchi,Jharkhand,East,2024-12-22
C03066,Ikshita Patel,Male,18,Chennai,Tamil Nadu,South,2022-06-25
C03067,Chaitaly Sharma,Male,38,Kolkata,West Bengal,East,2023-11-10
C03068,Oviya Kibe,Male,31,Patna,Bihar,East,2023-02-20
C03069,Udarsh Bhalla,Female,55,Mumbai,Maharashtra,West,2024-01-14
C03070,Jacob Dhar,Female,63,Guwahati,Assam,East,2024-08-30
C03071,Atharv Samra,Male,27,Kochi,Kerala,South,2022-07-27
C03072,Chatura Cherian,Female,28,Chennai,Tamil Nadu,South,2024-12-26
C03073,Vansha Dugar,Female,62,Surat,Gujarat,West,2025-12-04
C03074,Manan Pau,Male,46,Bhubaneswar,Odisha,East,2022-08-21
C03075,Farhan Konda,Female,48,Chennai,Tamil Nadu,South,2022-10-05
C03076,Advik Saha,Female,46,Pune,Maharashtra,West,2022-02-10
C03077,Qabil Singhal,Male,49,Jaipur,Rajasthan,North,2024-07-05
C03078,Chandani Singhal,Female,23,Ranchi,Jharkhand,East,2023-12-06
C03079,Geetika Sawhney,Male,57,Kolkata,West Bengal,East,2022-12-29
C03080,Bhavini Choudhry,Male,68,Surat,Gujarat,West,2022-11-03
C03081,Darpan Balay,Female,36,Bhubaneswar,Odisha,East,2025-07-22
C03082,Yahvi Dyal,Female,19,Delhi,Delhi,North,2023-12-28
C03083,Meghana Sampath,Male,41,Noida,Uttar Pradesh,North,2024-05-05
C03084,Aarna Thaker,Female,51,Bhubaneswar,Odisha,East,2024-11-17
C03085,Utkarsh Sampath,Female,28,Kolkata,West Bengal,East,2024-09-29
C03086,Anita Chanda,Female,34,Coimbatore,Tamil Nadu,South,2025-12-05
C03087,Jeremiah Kakar,Male,35,Surat,Gujarat,West,2023-11-23
C03088,Daksh Kanda,Male,39,Chandigarh,Chandigarh,North,2025-09-12
C03089,Qarin Brahmbhatt,Male,65,Pune,Maharashtra,West,2025-07-02
C03090,Vansha Munshi,Male,48,Ahmedabad,Gujarat,West,2024-02-19
C03091,Lajita Gala,Female,62,Mumbai,Maharashtra,West,2025-11-24
C03092,Kamya Samra,Female,44,Ahmedabad,Gujarat,West,2024-11-15
C03093,Anamika Chopra,Female,53,Jaipur,Rajasthan,North,2023-12-11
C03094,Faras Patil,Male,46,Kochi,Kerala,South,2023-07-01
C03095,Ayaan Khatri,Female,50,Kolkata,West Bengal,East,2025-09-26
C03096,Nicholas Chhabra,Male,33,Kolkata,West Bengal,East,2022-09-21
C03097,Siddharth Apte,Male,54,Kochi,Kerala,South,2022-05-14
C03098,Raghav Jaggi,Male,64,Delhi,Delhi,North,2022-06-04
C03099,Wridesh Luthra,Male,27,Kochi,Kerala,South,2025-06-18
C03100,Chaitanya Sule,Female,68,Chandigarh,Chandigarh,North,2025-07-16
C03101,Chanakya Murty,Male,63,Noida,Uttar Pradesh,North,2022-09-07
C03102,Dayamai Anand,Male,63,Chennai,Tamil Nadu,South,2023-01-16
C03103,Barkha Rao,Male,31,Kolkata,West Bengal,East,2024-06-05
C03104,Divya Raman,Female,58,Chennai,Tamil Nadu,South,2024-03-03
C03105,Kai Chatterjee,Female,56,Surat,Gujarat,West,2023-02-09
C03106,Nikita Thakur,Male,46,Chandigarh,Chandigarh,North,2023-08-13
C03107,Yadavi Doctor,Male,30,Chennai,Tamil Nadu,South,2022-06-12
C03108,Lavanya Sood,Male,62,Hyderabad,Telangana,South,2025-03-24
C03109,Bina Edwin,Male,38,Chennai,Tamil Nadu,South,2023-01-21
C03110,Ubika Brar,Female,58,Jaipur,Rajasthan,North,2022-11-29
C03111,Vincent Kale,Female,50,Patna,Bihar,East,2025-05-16
C03112,Naveen Thaker,Female,70,Jaipur,Rajasthan,North,2024-05-23
C03113,Sara Deep,Male,59,Pune,Maharashtra,West,2024-12-22
C03114,Bina Parsa,Male,22,Patna,Bihar,East,2023-07-31
C03115,Balveer Ram,Male,57,Bengaluru,Karnataka,South,2023-12-06
C03116,Sathvik Borde,Female,18,Chandigarh,Chandigarh,North,2022-06-13
C03117,Widisha Chatterjee,Female,62,Kolkata,West Bengal,East,2023-10-15
C03118,Luke More,Female,64,Delhi,Delhi,North,2025-03-11
C03119,Wishi Chandra,Female,41,Guwahati,Assam,East,2024-01-04
C03120,Dipta Gara,Male,32,Surat,Gujarat,West,2023-10-04
C03121,Neel Bir,Female,44,Delhi,Delhi,North,2025-11-15
C03122,Januja Pandit,Female,47,Surat,Gujarat,West,2023-10-27
C03123,Ekavir Gola,Male,27,Guwahati,Assam,East,2024-07-15
C03124,Aarna Solanki,Male,26,Chandigarh,Chandigarh,North,2024-05-09
C03125,Riya Dey,Male,43,Chandigarh,Chandigarh,North,2025-07-18
C03126,Vinaya Baral,Male,27,Surat,Gujarat,West,2025-09-17
C03127,Bhavini Rattan,Male,19,Jaipur,Rajasthan,North,2023-03-21
C03128,Kai Sastry,Female,30,Pune,Maharashtra,West,2023-07-09
C03129,Yauvani Murthy,Female,53,Bengaluru,Karnataka,South,2022-11-21
C03130,Fiyaz Sachdev,Female,45,Coimbatore,Tamil Nadu,South,2024-09-23
C03131,Adya Basak,Male,40,Pune,Maharashtra,West,2024-09-25
C03132,Yash Anand,Female,56,Kolkata,West Bengal,East,2023-10-25
C03133,Henry Mannan,Female,69,Coimbatore,Tamil Nadu,South,2024-11-28
C03134,Nathan Rastogi,Female,58,Bengaluru,Karnataka,South,2022-01-27
C03135,Udant Rama,Female,57,Kochi,Kerala,South,2025-11-01
C03136,Girik Palla,Female,39,Coimbatore,Tamil Nadu,South,2024-12-20
C03137,Upadhriti Warrior,Female,22,Jaipur,Rajasthan,North,2024-01-27
C03138,Ikbal Chada,Male,31,Kochi,Kerala,South,2024-05-04
C03139,Hritik Ranganathan,Female,68,Bhubaneswar,Odisha,East,2023-10-03
C03140,Ryan Ratti,Female,62,Kochi,Kerala,South,2025-03-28
C03141,Dhruv Nadig,Male,63,Coimbatore,Tamil Nadu,South,2023-10-22
C03142,Vedika Kala,Female,54,Jaipur,Rajasthan,North,2023-05-26
C03143,Ishwar Mallick,Male,42,Mumbai,Maharashtra,West,2023-10-04
C03144,Balvan Dugal,Male,51,Noida,Uttar Pradesh,North,2023-10-21
C03145,Madhav Kala,Male,46,Unknown,Maharashtra,West,2023-06-29
C03146,Azad Rai,Male,41,Pune,Maharashtra,West,2023-07-20
C03147,Janaki Sani,Male,32,Kolkata,West Bengal,East,2024-08-28
C03148,Tanay Bhagat,Female,53,Lucknow,Uttar Pradesh,North,2023-12-31
C03149,Arin Sampath,Female,38,Kochi,Kerala,South,2023-10-18
C03150,Zayyan Goda,Male,56,Noida,Uttar Pradesh,North,2023-02-14
C03151,Lucky Biswas,Male,51,Lucknow,Uttar Pradesh,North,2022-05-05
C03152,Nidhi Bumb,Female,45,Lucknow,Uttar Pradesh,North,2023-05-24
C03153,Siya Saini,Female,31,Delhi,Delhi,North,2023-09-03
C03154,Aashi Gour,Female,23,Chennai,Tamil Nadu,South,2022-03-01
C03155,George Sangha,Female,53,Pune,Maharashtra,West,2024-07-03
C03156,Chameli Gala,Male,35,Bengaluru,Karnataka,South,2023-10-06
C03157,Ikshita Saini,Female,36,Pune,Maharashtra,West,2025-12-17
C03158,Vaishnavi Wason,Male,25,Coimbatore,Tamil Nadu,South,2023-10-24
C03159,Rajeshri Pant,Female,41,Kochi,Kerala,South,2025-02-05
C03160,Advaith Issac,Male,58,Bengaluru,Karnataka,South,2025-01-31
C03161,Maanav Naik,Male,38,Ahmedabad,Gujarat,West,2024-03-21
C03162,Akshay Dora,Female,38,Delhi,Delhi,North,2025-08-11
C03163,Manbir Tata,Male,64,Nagpur,Maharashtra,West,2022-03-22
C03164,Ishaan Ray,Male,22,Jaipur,Rajasthan,North,2024-10-14
C03165,Aarush Seshadri,Male,63,Chennai,Tamil Nadu,South,2024-12-06
C03166,Shivani Chatterjee,Female,23,Kochi,Kerala,South,2024-01-02
C03167,Tejas Guha,Female,52,Mumbai,Maharashtra,West,2024-10-05
C03168,Ojas Purohit,Female,62,Bengaluru,Karnataka,South,2025-08-07
C03169,Ijaya Kadakia,Female,28,Chennai,Tamil Nadu,South,2023-03-01
C03170,Akshay Prabhakar,Male,21,Kochi,Kerala,South,2023-04-11
C03171,Amol Mittal,Male,59,Noida,Uttar Pradesh,North,2022-02-19
C03172,Yadavi Dash,Male,20,Bhubaneswar,Odisha,East,2024-09-07
C03173,Tamanna Sachdev,Male,50,Coimbatore,Tamil Nadu,South,2022-11-09
C03174,Indira Pandey,Female,19,Surat,Gujarat,West,2025-07-23
C03175,Gautami Comar,Male,60,Ahmedabad,Gujarat,West,2024-10-05
C03176,Tara Sangha,Male,20,Chandigarh,Chandigarh,North,2025-01-31
C03177,Peter Gaba,Male,55,Chennai,Tamil Nadu,South,2023-03-04
C03178,Lakshmi Mane,Male,55,Ahmedabad,Gujarat,West,2025-12-08
C03179,Bhanumati Chaudhary,Female,31,Ranchi,Jharkhand,East,2022-12-03
C03180,Hemang Chakraborty,Female,35,Chennai,Tamil Nadu,South,2025-07-09
C03181,Nisha Chawla,Male,30,Nagpur,Maharashtra,West,2024-03-06
C03182,Harish Sawhney,Male,38,Lucknow,Uttar Pradesh,North,2023-11-17
C03183,Bimala Salvi,Female,46,Guwahati,Assam,East,2022-09-02
C03184,Udant Sha,Female,31,Hyderabad,Telangana,South,2025-08-27
C03185,Ishwar Hayre,Male,65,Chennai,Tamil Nadu,South,2024-03-04
C03186,Jeet Panchal,Female,62,Bhubaneswar,Odisha,East,2023-02-14
C03187,Nitara Randhawa,Female,47,Noida,Uttar Pradesh,North,2023-09-14
C03188,Kavya Kapur,Female,31,Coimbatore,Tamil Nadu,South,2025-03-06
C03189,Amrita Lalla,Male,29,Ahmedabad,Gujarat,West,2022-01-26
C03190,Oeshi Khurana,Female,64,Bhubaneswar,Odisha,East,2024-10-20
C03191,Oeshi Bali,Male,49,Surat,Gujarat,West,2025-05-17
C03192,Atharv Dube,Male,22,Nagpur,Maharashtra,West,2023-08-08
C03193,Zilmil Nadkarni,Male,18,Delhi,Delhi,North,2022-03-05
C03194,Onkar Sani,Female,42,Kolkata,West Bengal,East,2023-09-14
C03195,Mahika Hans,Male,41,Jaipur,Rajasthan,North,2022-07-19
C03196,Charan Sanghvi,Female,22,Coimbatore,Tamil Nadu,South,2024-05-16
C03197,Madhavi Ghose,Male,25,Chennai,Tamil Nadu,South,2023-09-02
C03198,Eesha Varughese,Male,25,Ahmedabad,Gujarat,West,2024-07-24
C03199,Rajeshri Kashyap,Male,18,Kolkata,West Bengal,East,2024-09-02
C03200,Jonathan Thaman,Female,35,Coimbatore,Tamil Nadu,South,2024-07-21
C03201,Manya Lad,Male,64,Hyderabad,Telangana,South,2024-09-09
C03202,Ekantika Jani,Female,61,Jaipur,Rajasthan,North,2022-05-14
C03203,Girik Bal,Female,47,Mumbai,Maharashtra,West,2024-10-15
C03204,Advay Dua,Male,60,Mumbai,Maharashtra,West,2025-03-27
C03205,Farhan Raja,Female,64,Kochi,Kerala,South,2025-12-24
C03206,Kalpit Setty,Female,30,Ahmedabad,Gujarat,West,2022-02-19
C03207,Rachit Khatri,Male,54,Bengaluru,Karnataka,South,2022-01-04
C03208,Chameli Hari,Female,68,Guwahati,Assam,East,2025-02-18
C03209,Kritika Lad,Female,23,Chennai,Tamil Nadu,South,2023-08-10
C03210,Anvi Butala,Male,41,Chandigarh,Chandigarh,North,2024-08-25
C03211,Arin Chauhan,Male,38,Lucknow,Uttar Pradesh,North,2025-02-02
C03212,Tripti Das,Male,55,Lucknow,Uttar Pradesh,North,2024-04-13
C03213,Lucky Mandal,Female,27,Surat,Gujarat,West,2023-12-13
C03214,Pranit Chander,Female,41,Chandigarh,Chandigarh,North,2025-10-15
C03215,Warda Pathak,Female,26,Kolkata,West Bengal,East,2025-05-18
C03216,Mahika Chaudhuri,Female,46,Ahmedabad,Gujarat,West,2025-08-14
C03217,Anthony Sachdev,Female,50,Jaipur,Rajasthan,North,2022-03-29
C03218,Vidhi Bose,Female,52,Bhubaneswar,Odisha,East,2025-05-11
C03219,Oni Prashad,Male,70,Jaipur,Rajasthan,North,2025-03-20
C03220,Shravya Dyal,Female,25,Chandigarh,Chandigarh,North,2022-06-17
C03221,Chanchal Anne,Male,54,Ranchi,Jharkhand,East,2022-03-27
C03222,Azad Dalal,Male,65,Hyderabad,Telangana,South,2025-09-23
C03223,Idika Sule,Male,38,Kochi,Kerala,South,2024-09-28
C03224,Nathan Vig,Female,51,Lucknow,Uttar Pradesh,North,2025-01-28
C03225,Jairaj Hans,Female,65,Chandigarh,Chandigarh,North,2023-03-25
C03226,Arin Vasa,Female,27,Mumbai,Maharashtra,West,2023-04-08
C03227,Tarak Patla,Male,49,Bhubaneswar,Odisha,East,2022-01-02
C03228,Teerth Balan,Female,33,Chennai,Tamil Nadu,South,2025-11-24
C03229,Lakshit Kannan,Male,70,Lucknow,Uttar Pradesh,North,2023-03-05
C03230,Jonathan Loyal,Female,25,Chennai,Tamil Nadu,South,2022-03-05
C03231,Vasatika Iyengar,Female,46,Chennai,Tamil Nadu,South,2022-05-18
C03232,Ijaya Menon,Female,18,Guwahati,Assam,East,2024-01-03
C03233,Warhi Sarin,Female,41,Lucknow,Uttar Pradesh,North,2023-12-04
C03234,Reyansh Krishna,Female,58,Bengaluru,Karnataka,South,2025-06-22
C03235,Rudra Mand,Female,20,Delhi,Delhi,North,2025-10-22
C03236,Harshil Muni,Female,62,Ahmedabad,Gujarat,West,2022-03-05
C03237,Samesh Sura,Male,45,Surat,Gujarat,West,2025-01-08
C03238,Sanaya Sampath,Female,19,Noida,Uttar Pradesh,North,2023-12-20
C03239,Eiravati Chokshi,Female,34,Surat,Gujarat,West,2022-06-27
C03240,Pushti Iyengar,Male,47,Mumbai,Maharashtra,West,2023-05-18
C03241,Kashvi Bhatt,Female,20,Ahmedabad,Gujarat,West,2023-05-10
C03242,Oliver Bandi,Female,31,Nagpur,Maharashtra,West,2025-12-12
C03243,Nimrat Memon,Male,55,Delhi,Delhi,North,2022-01-22
C03244,Mitali Balan,Female,22,Kolkata,West Bengal,East,2024-11-02
C03245,Pranit Naidu,Female,69,Surat,Gujarat,West,2023-07-17
C03246,Quincy Parmar,Male,62,Kolkata,West Bengal,East,2023-06-03
C03247,Elijah Kale,Female,28,Pune,Maharashtra,West,2024-07-14
C03248,Kamya Dhillon,Female,25,Hyderabad,Telangana,South,2023-11-10
C03249,Jason Andra,Female,49,Delhi,Delhi,North,2023-02-12
C03250,Advay Narasimhan,Male,67,Bengaluru,Karnataka,South,2025-09-01
C03251,Udyati Nagy,Male,39,Ahmedabad,Gujarat,West,2023-01-10
C03252,Dominic Rajan,Male,63,Ranchi,Jharkhand,East,2024-10-07
C03253,Simon Vyas,Male,26,Mumbai,Maharashtra,West,2022-07-27
C03254,Harshil Mall,Male,46,Hyderabad,Telangana,South,2025-02-26
C03255,Oviya Saran,Female,58,Surat,Gujarat,West,2022-02-12
C03256,Ekaja Hora,Male,35,Surat,Gujarat,West,2024-08-28
C03257,Chandran Tak,Male,23,Surat,Gujarat,West,2022-05-18
C03258,Chakradhar Maharaj,Female,50,Kochi,Kerala,South,2024-08-30
C03259,Jagdish Dash,Male,28,Bhubaneswar,Odisha,East,2022-09-05
C03260,Onveer Narain,Male,46,Coimbatore,Tamil Nadu,South,2025-09-23
C03261,Warjas Bail,Female,48,Noida,Uttar Pradesh,North,2024-02-04
C03262,Andrew Agrawal,Female,25,Coimbatore,Tamil Nadu,South,2025-04-07
C03263,Bhavani Deep,Male,37,Pune,Maharashtra,West,2023-02-19
C03264,Balhaar Walla,Female,21,Bengaluru,Karnataka,South,2022-01-23
C03265,Geetika Babu,Female,55,Mumbai,Maharashtra,West,2022-08-19
C03266,Upma Chandran,Female,33,Ahmedabad,Gujarat,West,2022-10-08
C03267,Charvi Maharaj,Female,48,Bhubaneswar,Odisha,East,2023-01-22
C03268,Hiral Ratta,Female,53,Mumbai,Maharashtra,West,2022-12-20
C03269,Dhriti Tak,Male,60,Noida,Uttar Pradesh,North,2022-05-26
C03270,Maya Misra,Male,48,Hyderabad,Telangana,South,2022-10-25
C03271,Wakeeta Dara,Male,33,Mumbai,Maharashtra,West,2025-03-05
C03272,Harshil Balakrishnan,Female,32,Chandigarh,Chandigarh,North,2025-07-05
C03273,Champak Anne,Female,20,Guwahati,Assam,East,2022-05-03
C03274,Henry Naidu,Male,60,Guwahati,Assam,East,2022-02-26
C03275,Upkaar Garde,Female,56,Lucknow,Uttar Pradesh,North,2024-03-11
C03276,Rayaan Pillay,Female,57,Bhubaneswar,Odisha,East,2022-09-18
C03277,Charles Lad,Male,33,Ranchi,Jharkhand,East,2024-04-12
C03278,Indrajit Bava,Male,45,Lucknow,Uttar Pradesh,North,2024-10-15
C03279,Falan Lalla,Male,63,Chandigarh,Chandigarh,North,2022-05-16
C03280,Ladli Madan,Male,41,Bhubaneswar,Odisha,East,2025-08-06
C03281,Lakshit Sharma,Female,37,Kochi,Kerala,South,2024-08-09
C03282,Jonathan Nagar,Female,48,Ranchi,Jharkhand,East,2023-11-01
C03283,Odika Sekhon,Male,48,Surat,Gujarat,West,2025-11-10
C03284,Wridesh Sridhar,Male,34,Surat,Gujarat,West,2023-12-03
C03285,Avni Nagy,Male,38,Lucknow,Uttar Pradesh,North,2023-08-15
C03286,Upkaar Chanda,Male,40,Patna,Bihar,East,2023-05-06
C03287,Chaman Butala,Female,35,Bhubaneswar,Odisha,East,2023-11-18
C03288,Xavier Jha,Male,67,Bengaluru,Karnataka,South,2025-10-03
C03289,Falan Talwar,Female,30,Jaipur,Rajasthan,North,2025-11-10
C03290,Simon Arya,Female,31,Lucknow,Uttar Pradesh,North,2025-12-30
C03291,Upadhriti Rajan,Male,25,Noida,Uttar Pradesh,North,2024-12-01
C03292,Vinaya Cheema,Male,31,Lucknow,Uttar Pradesh,North,2025-07-31
C03293,Sathvik Wable,Female,41,Lucknow,Uttar Pradesh,North,2023-01-10
C03294,Devika Setty,Female,52,Bengaluru,Karnataka,South,2023-07-09
C03295,Yamini Cherian,Male,34,Ahmedabad,Gujarat,West,2025-05-26
C03296,Theodore Patla,Female,18,Bengaluru,Karnataka,South,2025-02-01
C03297,Sneha Varghese,Female,53,Kochi,Kerala,South,2024-10-10
C03298,Mugdha Guha,Female,30,Lucknow,Uttar Pradesh,North,2024-11-12
C03299,Arunima Sampath,Female,56,Bengaluru,Karnataka,South,2025-07-10
C03300,Damyanti Chaudry,Female,25,Bengaluru,Karnataka,South,2024-03-03
C03301,Triya Chhabra,Male,20,Chennai,Tamil Nadu,South,2024-01-11
C03302,Wridesh Babu,Female,26,Patna,Bihar,East,2022-08-09
C03303,Rachit Loke,Male,60,Chandigarh,Chandigarh,North,2023-02-24
C03304,Vamakshi Wali,Female,57,Mumbai,Maharashtra,West,2022-08-17
C03305,Indira Lanka,Male,32,Lucknow,Uttar Pradesh,North,2024-05-30
C03306,Frado Pandya,Female,53,Hyderabad,Telangana,South,2025-03-14
C03307,Simon Dora,Male,53,Pune,Maharashtra,West,2022-11-07
C03308,Yadavi Sankar,Female,31,Jaipur,Rajasthan,North,2022-12-18
C03309,Chatresh Sastry,Male,54,Mumbai,Maharashtra,West,2022-11-25
C03310,Kala Chaudhari,Male,24,Lucknow,Uttar Pradesh,North,2024-09-22
C03311,Lavanya Sami,Male,47,Bengaluru,Karnataka,South,2023-03-29
C03312,Chaitaly Gulati,Female,24,Jaipur,Rajasthan,North,2023-03-28
C03313,Patrick Majumdar,Female,46,Kochi,Kerala,South,2024-06-10
C03314,Zilmil Sant,Female,63,Chennai,Tamil Nadu,South,2022-06-17
C03315,Chandresh Kothari,Female,19,Pune,Maharashtra,West,2024-02-27
C03316,Theodore Contractor,Female,45,Ahmedabad,Gujarat,West,2023-02-25
C03317,Balendra Lata,Female,19,Noida,Uttar Pradesh,North,2023-12-03
C03318,Dominic Wali,Female,56,Nagpur,Maharashtra,West,2024-03-05
C03319,Anya Kara,Male,56,Coimbatore,Tamil Nadu,South,2025-12-11
C03320,Manya Ramaswamy,Female,31,Guwahati,Assam,East,2022-12-11
C03321,Thomas Loyal,Female,33,Kochi,Kerala,South,2024-04-09
C03322,Samesh Garg,Female,19,Jaipur,Rajasthan,North,2024-02-17
C03323,Idika Mani,Male,46,Noida,Uttar Pradesh,North,2023-05-15
C03324,Aarush Chandra,Female,41,Delhi,Delhi,North,2024-03-07
C03325,Yahvi Sood,Female,45,Surat,Gujarat,West,2024-06-12
C03326,William Garde,Male,35,Kochi,Kerala,South,2023-12-15
C03327,Ekaraj Ganesan,Male,28,Ahmedabad,Gujarat,West,2024-09-07
C03328,Gaurangi Shah,Male,20,Hyderabad,Telangana,South,2025-08-13
C03329,Agastya Som,Male,23,Patna,Bihar,East,2022-04-09
C03330,Gaurika Bail,Male,34,Jaipur,Rajasthan,North,2022-07-09
C03331,Aishani Bose,Male,36,Kochi,Kerala,South,2024-07-16
C03332,Aditya Pandey,Male,32,Bengaluru,Karnataka,South,2023-07-25
C03333,Aarav Suresh,Male,32,Pune,Maharashtra,West,2024-12-02
C03334,Urmi Choudhary,Male,36,Ranchi,Jharkhand,East,2022-04-17
C03335,Anay Mannan,Male,19,Surat,Gujarat,West,2022-12-10
C03336,Yahvi Ganesh,Male,22,Jaipur,Rajasthan,North,2025-05-19
C03337,Girindra Chaudhry,Male,67,Lucknow,Uttar Pradesh,North,2023-01-02
C03338,Gautami Sethi,Male,52,Ahmedabad,Gujarat,West,2023-01-02
C03339,Indali Kurian,Female,28,Bhubaneswar,Odisha,East,2022-01-18
C03340,Zehaan Patla,Male,43,Noida,Uttar Pradesh,North,2022-02-12
C03341,Agastya Pandit,Male,26,Chennai,Tamil Nadu,South,2024-08-18
C03342,Gauri Vasa,Female,47,Hyderabad,Telangana,South,2024-01-23
C03343,Isaiah Madan,Male,63,Coimbatore,Tamil Nadu,South,2025-12-25
C03344,Manbir Roy,Male,42,Hyderabad,Telangana,South,2022-03-28
C03345,Lucky Parikh,Female,61,Kochi,Kerala,South,2024-08-01
C03346,Azaan Konda,Female,51,Noida,Uttar Pradesh,North,2025-01-13
C03347,Jagvi Jhaveri,Female,66,Nagpur,Maharashtra,West,2023-12-26
C03348,Rishi Purohit,Female,26,Bengaluru,Karnataka,South,2022-12-08
C03349,Anusha Sengupta,Female,37,Jaipur,Rajasthan,North,2022-05-31
C03350,Alka Palla,Female,37,Bengaluru,Karnataka,South,2024-02-23
C03351,Mahika Sahni,Male,66,Ahmedabad,Gujarat,West,2024-09-24
C03352,Dayamai Halder,Male,46,Bengaluru,Karnataka,South,2025-07-31
C03353,Zinal Oza,Female,43,Bhubaneswar,Odisha,East,2025-08-22
C03354,Rachita Sha,Female,34,Chennai,Tamil Nadu,South,2023-04-11
C03355,Bhavya Choudhary,Female,41,Surat,Gujarat,West,2025-12-30
C03356,Wishi Din,Female,21,Guwahati,Assam,East,2022-09-25
C03357,Mason Virk,Male,36,Coimbatore,Tamil Nadu,South,2025-08-03
C03358,Nicholas Mitter,Female,59,Ahmedabad,Gujarat,West,2024-08-10
C03359,Bhavya Bhattacharyya,Female,40,Kolkata,West Bengal,East,2025-05-10
C03360,Alexander Setty,Male,48,Ranchi,Jharkhand,East,2024-09-04
C03361,Teerth Mandal,Female,50,Kochi,Kerala,South,2023-02-01
C03362,Chatresh Suresh,Female,21,Chennai,Tamil Nadu,South,2022-10-26
C03363,Abdul Sani,Female,19,Coimbatore,Tamil Nadu,South,2025-07-15
C03364,Aadi Bedi,Female,40,Ahmedabad,Gujarat,West,2025-06-09
C03365,Lakshit Palla,Male,69,Lucknow,Uttar Pradesh,North,2024-01-24
C03366,Yadavi Dubey,Female,45,Mumbai,Maharashtra,West,2024-06-16
C03367,Anika Dhar,Male,27,Delhi,Delhi,North,2025-09-26
C03368,Rachana Buch,Female,64,Guwahati,Assam,East,2023-11-08
C03369,Theodore Balay,Male,66,Lucknow,Uttar Pradesh,North,2022-10-22
C03370,Isha Kothari,Female,35,Kolkata,West Bengal,East,2025-06-17
C03371,Pahal Rastogi,Female,18,Mumbai,Maharashtra,West,2022-04-01
C03372,Advika Mittal,Male,44,Bhubaneswar,Odisha,East,2024-05-06
C03373,Oscar Sarin,Female,31,Jaipur,Rajasthan,North,2024-05-24
C03374,Liam Iyengar,Male,34,Chennai,Tamil Nadu,South,2022-12-01
C03375,Krishna Saha,Female,28,Delhi,Delhi,North,2023-03-25
C03376,Charvi Mody,Male,60,Guwahati,Assam,East,2022-08-22
C03377,Chameli Shenoy,Female,48,Ahmedabad,Gujarat,West,2025-06-17
C03378,Keya Sarkar,Female,58,Patna,Bihar,East,2025-03-27
C03379,Lakshit Vyas,Female,69,Noida,Uttar Pradesh,North,2022-11-15
C03380,Dhriti Thakur,Male,45,Jaipur,Rajasthan,North,2023-04-09
C03381,Upadhriti Pandya,Female,49,Ahmedabad,Gujarat,West,2024-11-08
C03382,Unnati Salvi,Female,69,Guwahati,Assam,East,2022-04-16
C03383,Triya Bala,Male,68,Kolkata,West Bengal,East,2022-10-31
C03384,Oviya Chakrabarti,Male,24,Coimbatore,Tamil Nadu,South,2024-08-08
C03385,Chasmum Kibe,Female,65,Noida,Uttar Pradesh,North,2024-01-14
C03386,Joshua Memon,Female,23,Nagpur,Maharashtra,West,2023-11-10
C03387,Maya Dass,Male,67,Hyderabad,Telangana,South,2024-09-12
C03388,Abeer Shere,Female,70,Mumbai,Maharashtra,West,2024-06-11
C03389,Chatura Chad,Male,39,Surat,Gujarat,West,2024-08-27
C03390,Anamika Chhabra,Male,49,Kolkata,West Bengal,East,2023-09-23
C03391,Gunbir Mannan,Male,43,Guwahati,Assam,East,2024-03-22
C03392,Garima Bhat,Male,57,Pune,Maharashtra,West,2023-08-10
C03393,Yasti Bera,Female,55,Unknown,Uttar Pradesh,North,2022-11-23
C03394,Zaitra Dhawan,Male,23,Mumbai,Maharashtra,West,2022-07-26
C03395,Laban Kapoor,Female,49,Delhi,Delhi,North,2022-11-04
C03396,Charvi Mukhopadhyay,Male,48,Bhubaneswar,Odisha,East,2022-04-16
C03397,Vedhika Iyer,Female,61,Coimbatore,Tamil Nadu,South,2023-08-20
C03398,Ekalinga Acharya,Male,20,Lucknow,Uttar Pradesh,North,2025-09-26
C03399,Jai Venkatesh,Male,20,Kochi,Kerala,South,2023-11-08
C03400,Yug Jayaraman,Male,70,Kolkata,West Bengal,East,2022-03-22
C03401,Urvi Bakshi,Female,24,Bhubaneswar,Odisha,East,2024-03-11
C03402,Mahika Bhakta,Male,57,Kochi,Kerala,South,2025-06-14
C03403,Charita Ravel,Female,28,Chennai,Tamil Nadu,South,2024-08-04
C03404,Qarin Keer,Female,56,Noida,Uttar Pradesh,North,2022-07-16
C03405,Reva Dasgupta,Female,39,Kochi,Kerala,South,2022-03-07
C03406,Madhav Bains,Female,50,Chandigarh,Chandigarh,North,2024-07-15
C03407,Lucky Khosla,Male,68,Surat,Gujarat,West,2024-05-06
C03408,Yasti Iyer,Female,31,Patna,Bihar,East,2025-09-26
C03409,Varsha Mann,Male,20,Coimbatore,Tamil Nadu,South,2025-12-11
C03410,Harish Tailor,Male,24,Hyderabad,Telangana,South,2022-08-30
C03411,Anvi Raman,Male,36,Bhubaneswar,Odisha,East,2022-11-02
C03412,Hredhaan Shetty,Male,63,Lucknow,Uttar Pradesh,North,2025-04-01
C03413,Pavani Divan,Female,63,Surat,Gujarat,West,2022-09-09
C03414,Bhanumati Shankar,Male,41,Bengaluru,Karnataka,South,2025-09-05
C03415,Lopa Apte,Male,21,Coimbatore,Tamil Nadu,South,2023-12-08
C03416,Bahadurjit Saxena,Male,70,Kochi,Kerala,South,2024-03-08
C03417,Isha Dewan,Female,46,Surat,Gujarat,West,2025-12-23
C03418,Tara Malhotra,Female,60,Kochi,Kerala,South,2025-12-19
C03419,Nathan Parmar,Male,18,Nagpur,Maharashtra,West,2025-12-04
C03420,Ikshita Vohra,Female,23,Bhubaneswar,Odisha,East,2023-05-29
C03421,Yochana Bhatnagar,Male,26,Ahmedabad,Gujarat,West,2022-10-31
C03422,Max Pandey,Female,30,Hyderabad,Telangana,South,2024-10-11
C03423,Tripti Dey,Male,58,Chandigarh,Chandigarh,North,2022-03-20
C03424,Chavvi Ramesh,Female,39,Ahmedabad,Gujarat,West,2025-06-13
C03425,Veda Puri,Male,31,Bengaluru,Karnataka,South,2024-10-23
C03426,Pranit Tripathi,Female,51,Hyderabad,Telangana,South,2023-07-15
C03427,Kai Naik,Male,45,Ranchi,Jharkhand,East,2025-06-07
C03428,Netra Bir,Female,52,Delhi,Delhi,North,2024-07-20
C03429,Ayushman Dutt,Female,39,Guwahati,Assam,East,2022-04-02
C03430,Gopal Cherian,Male,48,Hyderabad,Telangana,South,2025-07-08
C03431,Vamakshi Naik,Male,38,Guwahati,Assam,East,2024-08-07
C03432,Warjas Cheema,Female,37,Bhubaneswar,Odisha,East,2024-07-09
C03433,Leena Salvi,Female,43,Kolkata,West Bengal,East,2023-04-15
C03434,David Krishna,Male,32,Hyderabad,Telangana,South,2023-04-15
C03435,Baljiwan Bora,Female,18,Guwahati,Assam,East,2023-05-05
C03436,Kavya Balan,Female,19,Mumbai,Maharashtra,West,2023-07-15
C03437,Ekani Chokshi,Male,49,Ahmedabad,Gujarat,West,2025-05-14
C03438,Krishna Deol,Female,67,Bhubaneswar,Odisha,East,2024-12-29
C03439,Rohan Krishnan,Female,29,Coimbatore,Tamil Nadu,South,2024-03-07
C03440,Raksha Mangal,Female,23,Pune,Maharashtra,West,2022-01-30
C03441,Saksham Edwin,Male,24,Pune,Maharashtra,West,2024-09-09
C03442,Rehaan Chadha,Female,60,Kochi,Kerala,South,2022-12-13
C03443,Gopal Jani,Male,64,Coimbatore,Tamil Nadu,South,2024-05-23
C03444,Logan Ahluwalia,Female,52,Chennai,Tamil Nadu,South,2023-08-15
C03445,Nikita Bora,Male,25,Delhi,Delhi,North,2022-06-06
C03446,Qasim Wable,Male,67,Kolkata,West Bengal,East,2023-05-06
C03447,Ranveer Johal,Male,66,Lucknow,Uttar Pradesh,North,2023-01-02
C03448,Xiti Pandey,Female,50,Mumbai,Maharashtra,West,2024-10-21
C03449,Lakshit Bhavsar,Male,40,Hyderabad,Telangana,South,2023-07-24
C03450,Prisha Puri,Female,69,Lucknow,Uttar Pradesh,North,2022-12-28
C03451,Farhan Datta,Male,22,Kochi,Kerala,South,2022-02-07
C03452,Harrison Dalal,Male,48,Kochi,Kerala,South,2022-11-25
C03453,Vihaan Behl,Female,42,Patna,Bihar,East,2022-03-03
C03454,Arin Kapur,Female,31,Chandigarh,Chandigarh,North,2022-08-01
C03455,Zayan Ramakrishnan,Female,67,Hyderabad,Telangana,South,2025-07-29
C03456,Ekansh Dugar,Female,53,Delhi,Delhi,North,2023-04-10
C03457,Falan Warrior,Female,30,Chandigarh,Chandigarh,North,2023-10-22
C03458,Zarna Tella,Male,18,Kolkata,West Bengal,East,2024-07-16
C03459,Mohini Bhandari,Female,59,Mumbai,Maharashtra,West,2025-09-23
C03460,Urishilla Lall,Female,23,Mumbai,Maharashtra,West,2023-10-08
C03461,Bachittar Nigam,Male,55,Chennai,Tamil Nadu,South,2025-05-02
C03462,Advika Iyer,Female,25,Bengaluru,Karnataka,South,2025-02-07
C03463,Daniel Dewan,Female,33,Delhi,Delhi,North,2025-07-30
C03464,Forum Bhatia,Male,24,Surat,Gujarat,West,2023-08-24
C03465,Wakeeta Bora,Male,62,Kochi,Kerala,South,2025-09-23
C03466,Hiral Bobal,Female,39,Bengaluru,Karnataka,South,2022-11-10
C03467,Faris Srinivas,Female,22,Kolkata,West Bengal,East,2024-12-23
C03468,Anika Barman,Male,19,Ahmedabad,Gujarat,West,2024-04-13
C03469,Balendra Taneja,Male,26,Patna,Bihar,East,2023-01-14
C03470,Inaya Sankar,Male,41,Ranchi,Jharkhand,East,2025-05-12
C03471,Chavvi Kari,Female,25,Kochi,Kerala,South,2023-11-15
C03472,Christopher Bal,Male,32,Coimbatore,Tamil Nadu,South,2025-04-07
C03473,Ladli Badami,Male,69,Kochi,Kerala,South,2025-01-31
C03474,Charles Ram,Female,53,Noida,Uttar Pradesh,North,2025-11-15
C03475,Jeremiah Sani,Male,37,Delhi,Delhi,North,2024-04-06
C03476,Lakshit D’Alia,Female,35,Guwahati,Assam,East,2022-07-10
C03477,Jacob Pillai,Male,55,Jaipur,Rajasthan,North,2022-05-21
C03478,Rishi Oza,Female,69,Bengaluru,Karnataka,South,2022-03-29
C03479,Dalbir Khanna,Female,28,Nagpur,Maharashtra,West,2022-08-07
C03480,George Anne,Male,39,Noida,Uttar Pradesh,North,2023-05-23
C03481,Nitara Yadav,Male,58,Hyderabad,Telangana,South,2025-12-06
C03482,Alexander Krish,Male,28,Chandigarh,Chandigarh,North,2023-03-24
C03483,Faraj Bhandari,Female,18,Noida,Uttar Pradesh,North,2023-05-04
C03484,Reva Gole,Male,49,Lucknow,Uttar Pradesh,North,2025-03-27
C03485,Caleb Murthy,Male,57,Mumbai,Maharashtra,West,2024-05-30
C03486,Yash Master,Female,40,Jaipur,Rajasthan,North,2024-12-16
C03487,Mitali Srinivas,Female,35,Hyderabad,Telangana,South,2024-04-22
C03488,Faraj Bose,Female,34,Chennai,Tamil Nadu,South,2025-12-18
C03489,Samesh Talwar,Male,43,Chandigarh,Chandigarh,North,2022-01-03
C03490,Thomas Sawhney,Male,54,Lucknow,Uttar Pradesh,North,2025-11-16
C03491,Jeevika Master,Male,26,Hyderabad,Telangana,South,2022-09-03
C03492,Amara Nagar,Male,64,Jaipur,Rajasthan,North,2023-05-27
C03493,Chatura Pal,Male,35,Bengaluru,Karnataka,South,2022-09-30
C03494,Vedika Mammen,Male,63,Ranchi,Jharkhand,East,2022-01-06
C03495,Samar Devan,Male,39,Chennai,Tamil Nadu,South,2024-04-26
C03496,Dalaja Kade,Male,41,Coimbatore,Tamil Nadu,South,2022-10-29
C03497,Kashish Dhar,Female,46,Surat,Gujarat,West,2024-02-15
C03498,Wahab Sarraf,Female,40,Jaipur,Rajasthan,North,2023-02-28
C03499,Ishaan Bail,Female,35,Coimbatore,Tamil Nadu,South,2024-09-30
C03500,Bahadurjit Madan,Female,47,Ahmedabad,Gujarat,West,2022-01-07
C03501,Leena Mital,Female,31,Chennai,Tamil Nadu,South,2024-07-28
C03502,Darpan Mallick,Female,35,Ahmedabad,Gujarat,West,2022-10-16
C03503,Warhi Bahl,Male,55,Chennai,Tamil Nadu,South,2024-08-27
C03504,Leena Sawhney,Male,46,Ahmedabad,Gujarat,West,2025-08-12
C03505,Udarsh Jha,Female,35,Kochi,Kerala,South,2024-09-03
C03506,Qarin Sankar,Male,19,Coimbatore,Tamil Nadu,South,2024-06-16
C03507,Dalaja Balay,Male,53,Chandigarh,Chandigarh,North,2024-02-27
C03508,Atharv Nayar,Female,64,Pune,Maharashtra,West,2022-08-13
C03509,Tarak Bala,Male,35,Ahmedabad,Gujarat,West,2025-11-13
C03510,Radha Sane,Female,19,Ranchi,Jharkhand,East,2023-09-28
C03511,Ikbal Rama,Female,34,Chennai,Tamil Nadu,South,2023-05-10
C03512,Ubika Samra,Male,58,Noida,Uttar Pradesh,North,2025-06-10
C03513,Nicholas Raj,Male,19,Nagpur,Maharashtra,West,2022-01-07
C03514,Wazir Deo,Female,18,Nagpur,Maharashtra,West,2024-05-09
C03515,Avni Mahal,Female,64,Pune,Maharashtra,West,2022-08-11
C03516,Zaid Merchant,Female,55,Lucknow,Uttar Pradesh,North,2025-11-26
C03517,Megha Barad,Female,24,Bengaluru,Karnataka,South,2025-10-03
C03518,Janaki Luthra,Male,38,Nagpur,Maharashtra,West,2023-02-06
C03519,Advik Dash,Female,66,Kochi,Kerala,South,2024-01-01
C03520,Ekani Lalla,Male,45,Kochi,Kerala,South,2024-10-06
C03521,Sachi Shere,Male,24,Kolkata,West Bengal,East,2025-11-13
C03522,Ria Andra,Female,20,Pune,Maharashtra,West,2023-04-19
C03523,Balhaar Parmer,Male,24,Bengaluru,Karnataka,South,2024-12-31
C03524,Tejas Rege,Male,32,Noida,Uttar Pradesh,North,2024-06-22
C03525,Fariq Malhotra,Male,20,Jaipur,Rajasthan,North,2024-01-30
C03526,Devansh Sastry,Male,35,Hyderabad,Telangana,South,2024-04-17
C03527,Aarna Majumdar,Male,39,Chandigarh,Chandigarh,North,2023-03-05
C03528,Warda Datta,Male,69,Ranchi,Jharkhand,East,2022-09-01
C03529,Owen Din,Male,20,Hyderabad,Telangana,South,2025-01-04
C03530,Viraj Contractor,Male,60,Ahmedabad,Gujarat,West,2025-01-13
C03531,Qarin Toor,Male,68,Delhi,Delhi,North,2024-09-29
C03532,Edhitha Barman,Male,50,Ahmedabad,Gujarat,West,2022-07-24
C03533,Darsh Lad,Male,45,Noida,Uttar Pradesh,North,2023-07-23
C03534,Amol Pandit,Male,19,Lucknow,Uttar Pradesh,North,2024-07-15
C03535,Wahab Palla,Female,30,Noida,Uttar Pradesh,North,2022-02-13
C03536,Faras Tripathi,Male,64,Coimbatore,Tamil Nadu,South,2023-04-25
C03537,Isaiah Vaidya,Male,36,Coimbatore,Tamil Nadu,South,2023-02-09
C03538,Warjas Jani,Male,20,Surat,Gujarat,West,2023-04-08
C03539,Kamya Sagar,Female,61,Coimbatore,Tamil Nadu,South,2024-01-21
C03540,Pooja Mandal,Female,42,Mumbai,Maharashtra,West,2022-11-22
C03541,Aryan Narain,Male,61,Kochi,Kerala,South,2022-03-13
C03542,Gautami Reddy,Male,66,Guwahati,Assam,East,2022-08-11
C03543,Upma Menon,Female,24,Chennai,Tamil Nadu,South,2022-11-11
C03544,Naveen Pillay,Female,46,Pune,Maharashtra,West,2023-06-30
C03545,Bina Doctor,Male,46,Hyderabad,Telangana,South,2024-12-27
C03546,Hitesh Kakar,Female,38,Nagpur,Maharashtra,West,2024-06-30
C03547,Yasti Trivedi,Male,43,Coimbatore,Tamil Nadu,South,2022-02-11
C03548,Tanveer Radhakrishnan,Male,55,Hyderabad,Telangana,South,2024-08-10
C03549,Mason Raj,Male,65,Coimbatore,Tamil Nadu,South,2022-04-21
C03550,Faras Kapur,Female,43,Delhi,Delhi,North,2025-02-21
C03551,Jairaj Wable,Male,21,Ranchi,Jharkhand,East,2025-12-30
C03552,Urmi Vohra,Male,33,Nagpur,Maharashtra,West,2023-04-20
C03553,Edhitha Luthra,Male,33,Ranchi,Jharkhand,East,2025-05-27
C03554,Chaaya Kohli,Male,34,Mumbai,Maharashtra,West,2023-11-26
C03555,Xavier Pathak,Male,20,Hyderabad,Telangana,South,2022-10-06
C03556,Tamanna Murty,Male,62,Pune,Maharashtra,West,2022-10-14
C03557,Wridesh Saxena,Female,22,Noida,Uttar Pradesh,North,2022-10-30
C03558,Janaki Buch,Female,47,Nagpur,Maharashtra,West,2022-06-14
C03559,Yashasvi Bose,Male,20,Kochi,Kerala,South,2023-11-23
C03560,Veda Karpe,Male,69,Delhi,Delhi,North,2025-09-23
C03561,Omya Karpe,Male,66,Delhi,Delhi,North,2023-10-23
C03562,Yash Reddy,Male,62,Noida,Uttar Pradesh,North,2022-06-16
C03563,Abha Mangat,Female,21,Chennai,Tamil Nadu,South,2024-06-18
C03564,Dipta Dalal,Male,40,Noida,Uttar Pradesh,North,2022-02-22
C03565,Nilima Sama,Female,66,Mumbai,Maharashtra,West,2024-10-29
C03566,Warda Hora,Male,56,Coimbatore,Tamil Nadu,South,2022-06-24
C03567,Sudiksha Aurora,Female,49,Noida,Uttar Pradesh,North,2024-09-03
C03568,Jai Sahota,Male,70,Mumbai,Maharashtra,West,2022-11-05
C03569,Upma Chaudhuri,Male,38,Noida,Uttar Pradesh,North,2025-06-27
C03570,Bahadurjit Sankar,Female,47,Mumbai,Maharashtra,West,2024-11-04
C03571,Ojas Bora,Male,60,Hyderabad,Telangana,South,2022-04-11
C03572,Yutika Wagle,Female,58,Coimbatore,Tamil Nadu,South,2024-02-13
C03573,Pahal Pandya,Female,51,Ahmedabad,Gujarat,West,2024-11-22
C03574,Neelima Khurana,Male,33,Bengaluru,Karnataka,South,2025-02-27
C03575,Jagat Nayar,Male,38,Ahmedabad,Gujarat,West,2024-11-13
C03576,Hritik Bath,Female,70,Mumbai,Maharashtra,West,2024-01-20
C03577,Isha Sen,Male,53,Hyderabad,Telangana,South,2024-02-08
C03578,Shivani Sarin,Female,31,Chandigarh,Chandigarh,North,2022-04-19
C03579,Vansha Desai,Female,57,Hyderabad,Telangana,South,2025-06-11
C03580,Yashodhara Chacko,Male,26,Mumbai,Maharashtra,West,2025-07-02
C03581,Abhimanyu Pingle,Male,43,Kochi,Kerala,South,2022-04-07
C03582,Ladli Nagi,Male,34,Hyderabad,Telangana,South,2022-09-12
C03583,Patrick Trivedi,Male,53,Lucknow,Uttar Pradesh,North,2025-08-11
C03584,Gunbir Kata,Male,42,Guwahati,Assam,East,2023-05-25
C03585,Wakeeta Om,Male,43,Jaipur,Rajasthan,North,2024-12-18
C03586,Zarna Vohra,Male,27,Coimbatore,Tamil Nadu,South,2025-10-10
C03587,Bhavika Naidu,Female,64,Noida,Uttar Pradesh,North,2025-10-20
C03588,Eiravati Gokhale,Female,44,Hyderabad,Telangana,South,2025-08-14
C03589,Benjamin Kade,Female,66,Chennai,Tamil Nadu,South,2023-05-13
C03590,Zilmil Mall,Female,31,Lucknow,Uttar Pradesh,North,2024-12-18
C03591,Hardik Palan,Female,20,Kochi,Kerala,South,2022-06-18
C03592,Noah Dani,Female,28,Patna,Bihar,East,2025-07-17
C03593,Anusha Sur,Male,29,Ahmedabad,Gujarat,West,2023-08-19
C03594,Udarsh Gara,Female,39,Pune,Maharashtra,West,2025-10-15
C03595,Aashi Cherian,Male,64,Pune,Maharashtra,West,2023-08-25
C03596,Arya Dhaliwal,Female,37,Chennai,Tamil Nadu,South,2024-08-20
C03597,Samuel Trivedi,Male,67,Ahmedabad,Gujarat,West,2023-08-19
C03598,Ayaan Baral,Male,53,Chennai,Tamil Nadu,South,2024-01-25
C03599,Abeer Suresh,Female,39,Noida,Uttar Pradesh,North,2023-01-01
C03600,Kala Jani,Male,61,Jaipur,Rajasthan,North,2024-08-11
C03601,Pooja Saxena,Male,36,Delhi,Delhi,North,2023-08-17
C03602,Sudiksha Merchant,Female,30,Coimbatore,Tamil Nadu,South,2023-03-04
C03603,Jagdish Saxena,Female,63,Patna,Bihar,East,2025-04-17
C03604,Wakeeta Lall,Male,23,Coimbatore,Tamil Nadu,South,2022-10-17
C03605,Laksh Mallick,Female,64,Hyderabad,Telangana,South,2024-07-20
C03606,Irya Brar,Male,56,Kolkata,West Bengal,East,2025-01-19
C03607,Falan Narain,Male,58,Bhubaneswar,Odisha,East,2025-04-30
C03608,Yashica Nayak,Male,43,Chandigarh,Chandigarh,North,2023-03-20
C03609,Sudiksha Varghese,Female,20,Jaipur,Rajasthan,North,2022-03-22
C03610,Divya Barad,Female,66,Delhi,Delhi,North,2025-06-07
C03611,Harish Verma,Female,50,Guwahati,Assam,East,2022-07-15
C03612,Ranveer Banik,Male,18,Ranchi,Jharkhand,East,2024-12-10
C03613,Yatan Devan,Male,55,Bhubaneswar,Odisha,East,2022-02-24
C03614,Thomas Hayre,Male,56,Bengaluru,Karnataka,South,2022-08-18
C03615,Upma Doshi,Female,39,Mumbai,Maharashtra,West,2023-05-16
C03616,Rachit Taneja,Female,70,Surat,Gujarat,West,2023-06-25
C03617,Karan Issac,Male,57,Kolkata,West Bengal,East,2024-04-30
C03618,Zaitra Kala,Female,26,Chandigarh,Chandigarh,North,2024-01-24
C03619,Radha Bhavsar,Male,69,Kolkata,West Bengal,East,2023-09-30
C03620,Sathvik Gokhale,Female,24,Hyderabad,Telangana,South,2025-08-02
C03621,Omya Lall,Female,51,Pune,Maharashtra,West,2023-04-19
C03622,Wahab Palla,Male,66,Mumbai,Maharashtra,West,2025-04-16
C03623,Pranit Mital,Male,31,Bhubaneswar,Odisha,East,2022-12-16
C03624,Brinda Sundaram,Male,33,Noida,Uttar Pradesh,North,2022-10-30
C03625,Manya Parikh,Female,22,Ahmedabad,Gujarat,West,2023-11-23
C03626,Chakrika Char,Female,26,Chennai,Tamil Nadu,South,2025-11-25
C03627,Isaiah Mani,Female,58,Surat,Gujarat,West,2022-03-29
C03628,Sanya Nanda,Female,43,Kochi,Kerala,South,2023-05-02
C03629,Pavani D’Alia,Male,25,Mumbai,Maharashtra,West,2024-11-29
C03630,Ucchal Nagar,Male,30,Chandigarh,Chandigarh,North,2022-02-06
C03631,Idika Rao,Male,41,Kolkata,West Bengal,East,2024-12-01
C03632,Veda Suresh,Male,42,Nagpur,Maharashtra,West,2022-07-01
C03633,Wahab Balakrishnan,Female,65,Bengaluru,Karnataka,South,2022-05-29
C03634,Amrita Tripathi,Female,39,Coimbatore,Tamil Nadu,South,2023-03-24
C03635,Nilima Bhat,Male,45,Surat,Gujarat,West,2024-11-08
C03636,Advika Nadkarni,Female,45,Surat,Gujarat,West,2025-07-06
C03637,Mahika Sathe,Male,51,Jaipur,Rajasthan,North,2025-06-26
C03638,Mohini Lad,Male,33,Patna,Bihar,East,2022-03-24
C03639,Amrita Sunder,Female,67,Nagpur,Maharashtra,West,2022-01-11
C03640,Harinakshi Bath,Female,60,Kochi,Kerala,South,2023-05-02
C03641,Sara Rout,Female,20,Ranchi,Jharkhand,East,2022-10-07
C03642,Ojas Wason,Male,21,Kochi,Kerala,South,2025-06-12
C03643,Imaran Narayan,Male,56,Kochi,Kerala,South,2024-07-13
C03644,Anmol Bail,Male,69,Ranchi,Jharkhand,East,2024-01-25
C03645,Gautam Nath,Male,63,Hyderabad,Telangana,South,2023-01-08
C03646,Dev Bawa,Male,43,Patna,Bihar,East,2025-04-08
C03647,Janaki Wason,Female,67,Noida,Uttar Pradesh,North,2025-07-01
C03648,Naksh Wason,Female,53,Chandigarh,Chandigarh,North,2025-09-07
C03649,Veer Mannan,Female,23,Noida,Uttar Pradesh,North,2025-10-16
C03650,Kashvi Narula,Female,55,Patna,Bihar,East,2022-10-25
C03651,Tanveer Kothari,Male,39,Nagpur,Maharashtra,West,2023-05-24
C03652,Balendra Bahri,Female,54,Ahmedabad,Gujarat,West,2022-02-13
C03653,Yachana Rao,Male,24,Jaipur,Rajasthan,North,2022-12-25
C03654,Brijesh Dugar,Male,67,Coimbatore,Tamil Nadu,South,2023-08-26
C03655,Charvi Bajwa,Male,44,Guwahati,Assam,East,2025-02-28
C03656,Yug Bandi,Female,27,Delhi,Delhi,North,2025-02-16
C03657,Jatin Purohit,Female,19,Mumbai,Maharashtra,West,2024-07-25
C03658,Karan Madan,Female,53,Jaipur,Rajasthan,North,2023-03-19
C03659,Faraj Borah,Male,38,Bhubaneswar,Odisha,East,2024-11-30
C03660,Anmol Aurora,Male,51,Noida,Uttar Pradesh,North,2024-01-11
C03661,Girish Raman,Female,70,Hyderabad,Telangana,South,2022-02-05
C03662,Devika Naik,Male,27,Kochi,Kerala,South,2024-04-14
C03663,Yauvani Bajaj,Female,39,Ranchi,Jharkhand,East,2025-06-03
C03664,Anusha Shanker,Female,52,Coimbatore,Tamil Nadu,South,2024-04-11
C03665,Harish Lalla,Female,23,Chandigarh,Chandigarh,North,2025-09-15
C03666,Krisha Manne,Female,40,Chandigarh,Chandigarh,North,2025-03-19
C03667,Girik Kapadia,Male,53,Mumbai,Maharashtra,West,2023-03-20
C03668,Arya Subramanian,Male,67,Surat,Gujarat,West,2022-07-21
C03669,Yashawini Konda,Female,66,Hyderabad,Telangana,South,2023-10-05
C03670,Anay Taneja,Female,52,Coimbatore,Tamil Nadu,South,2023-07-01
C03671,Kashish Chokshi,Female,58,Hyderabad,Telangana,South,2023-09-29
C03672,Udarsh Bakshi,Female,66,Kolkata,West Bengal,East,2022-12-03
C03673,Vincent Sekhon,Female,56,Chennai,Tamil Nadu,South,2025-09-29
C03674,Vansha Chopra,Male,25,Surat,Gujarat,West,2022-05-09
C03675,Gaurangi Dhawan,Male,22,Guwahati,Assam,East,2024-10-28
C03676,Girish Gara,Female,70,Coimbatore,Tamil Nadu,South,2025-06-07
C03677,Vrishti Krish,Male,42,Kolkata,West Bengal,East,2022-04-09
C03678,Lohit Rau,Female,23,Nagpur,Maharashtra,West,2025-08-20
C03679,Viraj Bhargava,Female,21,Hyderabad,Telangana,South,2022-05-30
C03680,Zayyan Sabharwal,Male,55,Pune,Maharashtra,West,2025-07-13
C03681,Geetika Dora,Male,21,Guwahati,Assam,East,2025-07-08
C03682,Ekanta Ray,Female,35,Jaipur,Rajasthan,North,2025-07-29
C03683,Amrita Kadakia,Female,56,Bengaluru,Karnataka,South,2024-06-21
C03684,Xalak Munshi,Female,26,Coimbatore,Tamil Nadu,South,2022-04-30
C03685,Ekanta Shenoy,Male,56,Chandigarh,Chandigarh,North,2025-10-07
C03686,Yoshita Bumb,Male,65,Chennai,Tamil Nadu,South,2025-02-11
C03687,Pavani Brahmbhatt,Male,28,Guwahati,Assam,East,2024-02-27
C03688,Joshua Arya,Female,19,Nagpur,Maharashtra,West,2022-05-17
C03689,Zinal Dara,Female,22,Nagpur,Maharashtra,West,2025-10-13
C03690,Rudra Sarma,Female,32,Bhubaneswar,Odisha,East,2023-02-20
C03691,Balvan Samra,Female,63,Coimbatore,Tamil Nadu,South,2023-10-06
C03692,Onkar Vohra,Female,24,Bhubaneswar,Odisha,East,2023-12-08
C03693,Logan Sahota,Male,31,Mumbai,Maharashtra,West,2024-08-08
C03694,Aditya Minhas,Male,23,Bhubaneswar,Odisha,East,2025-10-20
C03695,Radhika Menon,Male,32,Delhi,Delhi,North,2024-02-17
C03696,Ekantika Prabhu,Female,26,Jaipur,Rajasthan,North,2024-11-17
C03697,Lohit Mannan,Female,42,Nagpur,Maharashtra,West,2025-03-20
C03698,Kamya Venkataraman,Male,60,Coimbatore,Tamil Nadu,South,2024-07-05
C03699,Urmi Shere,Male,64,Ahmedabad,Gujarat,West,2023-06-26
C03700,Ganga Deshmukh,Male,27,Ranchi,Jharkhand,East,2023-10-24
C03701,Urvi Anne,Male,70,Patna,Bihar,East,2024-11-11
C03702,Omaja Gola,Male,33,Kochi,Kerala,South,2023-08-07
C03703,Upma Bhavsar,Female,48,Ahmedabad,Gujarat,West,2022-07-28
C03704,Devika Guha,Female,60,Pune,Maharashtra,West,2024-08-06
C03705,Girindra Yogi,Male,28,Pune,Maharashtra,West,2022-06-03
C03706,Ganga Chandra,Male,24,Chandigarh,Chandigarh,North,2025-04-21
C03707,Upadhriti Dugar,Female,28,Lucknow,Uttar Pradesh,North,2024-11-29
C03708,Inaya Kara,Female,32,Ahmedabad,Gujarat,West,2024-10-03
C03709,Akshay Hans,Male,25,Jaipur,Rajasthan,North,2025-01-09
C03710,Bhavani Sandhu,Female,44,Bhubaneswar,Odisha,East,2025-01-18
C03711,Jhalak Rau,Female,65,Coimbatore,Tamil Nadu,South,2025-03-18
C03712,Samaksh Brahmbhatt,Female,43,Hyderabad,Telangana,South,2025-01-20
C03713,Harshil Kalita,Female,62,Delhi,Delhi,North,2024-07-17
C03714,Pranav Lall,Female,51,Bengaluru,Karnataka,South,2023-04-29
C03715,Jonathan Vig,Female,66,Jaipur,Rajasthan,North,2022-02-01
C03716,Ganga Malhotra,Male,60,Hyderabad,Telangana,South,2022-10-22
C03717,Shaurya Ganguly,Female,38,Bhubaneswar,Odisha,East,2023-04-04
C03718,Vincent Kalita,Female,18,Delhi,Delhi,North,2024-03-16
C03719,Manan Dhar,Male,61,Noida,Uttar Pradesh,North,2024-07-05
C03720,Vaishnavi Acharya,Male,51,Hyderabad,Telangana,South,2022-11-04
C03721,Faras Ben,Male,38,Jaipur,Rajasthan,North,2022-05-29
C03722,Yasti Sarraf,Male,53,Surat,Gujarat,West,2025-05-01
C03723,Urmi Narain,Female,57,Lucknow,Uttar Pradesh,North,2023-04-27
C03724,Xiti Dalal,Male,28,Lucknow,Uttar Pradesh,North,2025-01-24
C03725,Maya Purohit,Male,56,Chennai,Tamil Nadu,South,2023-11-09
C03726,Urvi Pant,Female,64,Jaipur,Rajasthan,North,2025-09-18
C03727,Edhitha Wali,Female,59,Lucknow,Uttar Pradesh,North,2024-11-05
C03728,Tanish Ganesan,Male,59,Hyderabad,Telangana,South,2023-11-23
C03729,Luke Sarkar,Female,69,Kochi,Kerala,South,2024-07-14
C03730,Vrishti Krishna,Female,23,Delhi,Delhi,North,2025-11-24
C03731,Radhika Pall,Female,46,Pune,Maharashtra,West,2023-04-27
C03732,Aryan Pau,Male,19,Pune,Maharashtra,West,2025-01-09
C03733,Hiral Samra,Female,67,Guwahati,Assam,East,2023-07-17
C03734,Rayaan Raja,Female,49,Hyderabad,Telangana,South,2022-05-11
C03735,Praneel Anne,Male,57,Chandigarh,Chandigarh,North,2024-02-27
C03736,Riya Patel,Female,63,Surat,Gujarat,West,2024-11-01
C03737,Abdul Mukherjee,Male,49,Bhubaneswar,Odisha,East,2023-10-18
C03738,Girindra Pillay,Female,61,Kolkata,West Bengal,East,2025-08-10
C03739,Yadavi Arya,Male,61,Surat,Gujarat,West,2025-08-10
C03740,Bahadurjit Maharaj,Male,62,Jaipur,Rajasthan,North,2024-01-26
C03741,Mitali Bassi,Female,66,Chennai,Tamil Nadu,South,2025-09-20
C03742,Anusha Bhandari,Female,61,Guwahati,Assam,East,2025-06-22
C03743,Urishilla Sha,Male,28,Mumbai,Maharashtra,West,2022-03-04
C03744,Oscar Solanki,Female,41,Hyderabad,Telangana,South,2022-12-27
C03745,Balvan Pingle,Female,47,Coimbatore,Tamil Nadu,South,2024-12-08
C03746,Michael Goel,Female,70,Jaipur,Rajasthan,North,2022-10-15
C03747,Fitan Saini,Male,58,Lucknow,Uttar Pradesh,North,2023-01-16
C03748,Daksh Sawhney,Female,68,Ranchi,Jharkhand,East,2025-03-25
C03749,Dipta Chatterjee,Male,39,Pune,Maharashtra,West,2023-02-03
C03750,Rishi Badal,Female,29,Ahmedabad,Gujarat,West,2022-06-13
C03751,Edhitha Gara,Male,39,Ahmedabad,Gujarat,West,2024-09-16
C03752,Zaitra Atwal,Female,55,Nagpur,Maharashtra,West,2022-12-18
C03753,Omaja Bhat,Female,24,Coimbatore,Tamil Nadu,South,2023-12-05
C03754,Reyansh Thaker,Female,41,Hyderabad,Telangana,South,2022-08-06
C03755,Amara Chacko,Female,42,Surat,Gujarat,West,2024-11-28
C03756,Sachi Basu,Male,57,Ranchi,Jharkhand,East,2023-10-27
C03757,Rushil Tiwari,Female,70,Surat,Gujarat,West,2025-10-24
C03758,Oscar Aggarwal,Female,58,Chennai,Tamil Nadu,South,2023-02-02
C03759,Anusha Panchal,Male,25,Noida,Uttar Pradesh,North,2025-03-27
C03760,Harita Shukla,Male,21,Ranchi,Jharkhand,East,2024-09-18
C03761,Ubika Chakrabarti,Male,35,Kochi,Kerala,South,2025-04-06
C03762,Gautam Gopal,Male,43,Delhi,Delhi,North,2024-01-16
C03763,Quincy Nadkarni,Female,24,Ahmedabad,Gujarat,West,2023-08-25
C03764,Omkaar Anne,Male,31,Ahmedabad,Gujarat,West,2023-02-19
C03765,Kavya Sharma,Male,70,Lucknow,Uttar Pradesh,North,2025-06-22
C03766,Yatin Morar,Male,69,Nagpur,Maharashtra,West,2022-07-19
C03767,Kevin Mukherjee,Male,57,Ahmedabad,Gujarat,West,2022-04-04
C03768,Ladli Mangat,Male,36,Coimbatore,Tamil Nadu,South,2025-11-28
C03769,Arya Dey,Female,29,Kolkata,West Bengal,East,2022-03-14
C03770,Odika Kara,Male,62,Nagpur,Maharashtra,West,2024-12-19
C03771,Anjali Iyengar,Male,56,Chandigarh,Chandigarh,North,2025-02-23
C03772,Chakrika Lad,Male,35,Jaipur,Rajasthan,North,2024-09-05
C03773,Aishani Chanda,Female,43,Pune,Maharashtra,West,2024-11-19
C03774,Isha Patla,Female,44,Coimbatore,Tamil Nadu,South,2023-11-09
C03775,Shivani Garde,Female,68,Kochi,Kerala,South,2025-04-10
C03776,Lekha Dugal,Female,37,Noida,Uttar Pradesh,North,2024-06-24
C03777,Radha Palan,Female,50,Bhubaneswar,Odisha,East,2024-10-06
C03778,Sarthak Oommen,Female,64,Ahmedabad,Gujarat,West,2025-01-13
C03779,Gautam Varghese,Female,29,Lucknow,Uttar Pradesh,North,2023-10-12
C03780,Aarna Kamdar,Male,23,Ahmedabad,Gujarat,West,2025-06-12
C03781,Advika Balay,Male,26,Chandigarh,Chandigarh,North,2023-11-12
C03782,Zansi Grewal,Male,27,Kolkata,West Bengal,East,2022-03-22
C03783,Logan Sibal,Male,55,Lucknow,Uttar Pradesh,North,2025-08-02
C03784,Kashish Purohit,Male,26,Jaipur,Rajasthan,North,2022-05-29
C03785,Ekantika Cheema,Female,22,Delhi,Delhi,North,2023-10-30
C03786,Abhiram Dutt,Female,20,Kochi,Kerala,South,2023-11-28
C03787,Vaishnavi Natt,Male,61,Surat,Gujarat,West,2025-02-11
C03788,Harish Grover,Female,42,Kochi,Kerala,South,2023-08-06
C03789,Damini Gaba,Female,62,Chandigarh,Chandigarh,North,2022-10-23
C03790,Quincy Bains,Female,58,Bhubaneswar,Odisha,East,2024-05-16
C03791,Tanmayi Saran,Female,27,Lucknow,Uttar Pradesh,North,2025-08-10
C03792,Urvashi Kohli,Male,41,Jaipur,Rajasthan,North,2024-01-21
C03793,Kashvi Nazareth,Male,69,Chennai,Tamil Nadu,South,2024-12-12
C03794,Nandini Mital,Male,30,Noida,Uttar Pradesh,North,2022-08-05
C03795,Vivaan Tripathi,Male,59,Bhubaneswar,Odisha,East,2023-02-14
C03796,Oviya Sandhu,Male,21,Kochi,Kerala,South,2025-07-02
C03797,Nandini Balakrishnan,Male,44,Mumbai,Maharashtra,West,2022-07-04
C03798,Yauvani Ganesan,Female,40,Coimbatore,Tamil Nadu,South,2023-02-22
C03799,Rushil Dewan,Female,51,Coimbatore,Tamil Nadu,South,2024-08-23
C03800,Gauri Bhagat,Male,40,Chandigarh,Chandigarh,North,2022-12-29
C03801,Dayamai Dhaliwal,Female,53,Ahmedabad,Gujarat,West,2023-06-18
C03802,Tara Randhawa,Female,27,Chandigarh,Chandigarh,North,2022-10-05
C03803,Triveni Acharya,Male,57,Kolkata,West Bengal,East,2023-10-29
C03804,Sai Gera,Male,64,Bengaluru,Karnataka,South,2024-02-23
C03805,Damyanti Buch,Male,63,Chennai,Tamil Nadu,South,2025-01-30
C03806,Warinder Jani,Female,29,Mumbai,Maharashtra,West,2025-08-14
C03807,Gautam Konda,Female,68,Coimbatore,Tamil Nadu,South,2023-02-11
C03808,Kavya Ahluwalia,Male,19,Jaipur,Rajasthan,North,2025-03-02
C03809,Nathaniel Padmanabhan,Male,65,Pune,Maharashtra,West,2022-11-14
C03810,Urishilla Ramesh,Female,69,Pune,Maharashtra,West,2022-07-26
C03811,Urmi Puri,Female,33,Nagpur,Maharashtra,West,2022-06-04
C03812,Xavier Char,Male,38,Pune,Maharashtra,West,2023-04-30
C03813,Kabir Nadkarni,Male,38,Jaipur,Rajasthan,North,2025-03-28
C03814,Mugdha Narain,Female,25,Ahmedabad,Gujarat,West,2023-07-01
C03815,Panini Ramesh,Male,28,Surat,Gujarat,West,2024-10-06
C03816,Idika Suresh,Male,54,Lucknow,Uttar Pradesh,North,2023-05-22
C03817,Tristan Gokhale,Female,57,Ahmedabad,Gujarat,West,2025-03-28
C03818,Jyoti Pathak,Female,56,Delhi,Delhi,North,2023-01-05
C03819,Yachana Agarwal,Male,29,Ranchi,Jharkhand,East,2024-06-17
C03820,Faras Karpe,Male,21,Surat,Gujarat,West,2022-05-24
C03821,Xalak Guha,Female,64,Nagpur,Maharashtra,West,2024-08-17
C03822,Siddharth Mittal,Female,26,Bengaluru,Karnataka,South,2025-12-20
C03823,Girik Nori,Male,26,Nagpur,Maharashtra,West,2024-11-28
C03824,Pranit Sandal,Female,43,Chennai,Tamil Nadu,South,2022-10-03
C03825,Bhavani Mukhopadhyay,Male,29,Delhi,Delhi,North,2025-01-27
C03826,Vasana Banerjee,Female,56,Chennai,Tamil Nadu,South,2023-06-28
C03827,Oviya Gola,Female,40,Chandigarh,Chandigarh,North,2024-11-28
C03828,Mitali Varughese,Female,29,Lucknow,Uttar Pradesh,North,2025-09-28
C03829,Udyati Butala,Male,69,Hyderabad,Telangana,South,2024-03-18
C03830,Harrison Ravel,Male,35,Kolkata,West Bengal,East,2023-02-18
C03831,Naveen Nagar,Male,70,Bhubaneswar,Odisha,East,2024-03-05
C03832,Yashica Rajagopalan,Male,47,Nagpur,Maharashtra,West,2023-10-19
C03833,Advay Sunder,Male,19,Coimbatore,Tamil Nadu,South,2023-03-07
C03834,Pahal Bhagat,Female,60,Noida,Uttar Pradesh,North,2022-12-09
C03835,Pavani Kuruvilla,Female,35,Kochi,Kerala,South,2023-02-12
C03836,Shravya Thakkar,Male,57,Noida,Uttar Pradesh,North,2023-01-30
C03837,Urvashi Nayak,Female,48,Kolkata,West Bengal,East,2025-03-26
C03838,Isaac Gola,Male,56,Hyderabad,Telangana,South,2024-10-20
C03839,Leela Buch,Male,58,Bhubaneswar,Odisha,East,2024-03-25
C03840,Abhimanyu Nazareth,Male,28,Coimbatore,Tamil Nadu,South,2022-08-25
C03841,Rudra Varma,Female,66,Bengaluru,Karnataka,South,2024-04-19
C03842,Radhika Bava,Male,25,Delhi,Delhi,North,2022-08-24
C03843,Baghyawati Baral,Male,29,Bengaluru,Karnataka,South,2022-08-03
C03844,Vrishti Sharma,Female,26,Hyderabad,Telangana,South,2022-03-07
C03845,Chandresh Pingle,Male,30,Noida,Uttar Pradesh,North,2024-06-15
C03846,Pavani Nazareth,Female,54,Bhubaneswar,Odisha,East,2022-03-17
C03847,Arjun Loke,Male,52,Bengaluru,Karnataka,South,2023-11-22
C03848,Chaaya Parikh,Female,67,Coimbatore,Tamil Nadu,South,2024-07-21
C03849,Anay Sekhon,Male,24,Pune,Maharashtra,West,2023-08-01
C03850,Chameli Banik,Female,58,Chennai,Tamil Nadu,South,2025-02-17
C03851,Ishanvi Bansal,Female,26,Ahmedabad,Gujarat,West,2022-01-18
C03852,Yuvraj Gill,Male,19,Kochi,Kerala,South,2024-02-09
C03853,Girindra Date,Female,40,Unknown,Jharkhand,East,2023-02-01
C03854,Wakeeta Sankar,Male,69,Delhi,Delhi,North,2025-09-03
C03855,Hemani Shanker,Female,26,Ranchi,Jharkhand,East,2025-05-06
C03856,Tara Baria,Male,67,Noida,Uttar Pradesh,North,2024-10-13
C03857,Eta Pradhan,Male,35,Bengaluru,Karnataka,South,2022-08-31
C03858,Manan Chaudhuri,Female,52,Kochi,Kerala,South,2025-01-30
C03859,Yauvani Brar,Male,19,Ahmedabad,Gujarat,West,2022-09-24
C03860,Chasmum Sami,Male,27,Chennai,Tamil Nadu,South,2022-11-16
C03861,Anthony Gour,Male,41,Kolkata,West Bengal,East,2024-05-15
C03862,Fariq Sant,Female,35,Chandigarh,Chandigarh,North,2023-04-18
C03863,Rehaan Lal,Male,46,Hyderabad,Telangana,South,2025-06-22
C03864,Yoshita Zacharia,Female,55,Delhi,Delhi,North,2024-06-02
C03865,Chandran Prasad,Male,36,Coimbatore,Tamil Nadu,South,2022-09-24
C03866,Tanveer Sarkar,Female,34,Mumbai,Maharashtra,West,2023-12-03
C03867,Quincy Malhotra,Male,32,Bhubaneswar,Odisha,East,2025-11-02
C03868,Mohini Golla,Male,21,Lucknow,Uttar Pradesh,North,2022-03-08
C03869,Anjali Ahluwalia,Female,49,Hyderabad,Telangana,South,2024-01-14
C03870,Sarthak Bahl,Female,68,Surat,Gujarat,West,2024-01-25
C03871,Kai Maharaj,Female,55,Mumbai,Maharashtra,West,2024-01-30
C03872,Turvi Nadkarni,Female,45,Lucknow,Uttar Pradesh,North,2024-02-01
C03873,Timothy Kar,Female,24,Bhubaneswar,Odisha,East,2023-05-30
C03874,Ekta Kant,Female,18,Kochi,Kerala,South,2024-08-03
C03875,Bhavna Sharma,Male,69,Hyderabad,Telangana,South,2022-05-02
C03876,Falguni Ramachandran,Male,19,Delhi,Delhi,North,2022-03-21
C03877,Advik Oza,Male,24,Chandigarh,Chandigarh,North,2025-02-08
C03878,Ekaja Pal,Female,28,Ahmedabad,Gujarat,West,2022-07-04
C03879,Max Shere,Male,51,Mumbai,Maharashtra,West,2025-01-19
C03880,Shivansh Walia,Male,27,Kochi,Kerala,South,2024-07-06
C03881,Madhavi Kumer,Male,47,Delhi,Delhi,North,2023-12-03
C03882,Bachittar Brar,Female,46,Hyderabad,Telangana,South,2022-03-28
C03883,Hemani Chacko,Male,39,Chennai,Tamil Nadu,South,2024-08-04
C03884,Kala Modi,Female,51,Chennai,Tamil Nadu,South,2023-08-13
C03885,Divya Seth,Male,69,Guwahati,Assam,East,2023-09-07
C03886,Ayushman Dugal,Male,19,Mumbai,Maharashtra,West,2025-12-12
C03887,Indira Sankar,Female,52,Bengaluru,Karnataka,South,2023-01-08
C03888,Arin Mander,Female,63,Patna,Bihar,East,2024-07-04
C03889,Wahab Prashad,Male,31,Ahmedabad,Gujarat,West,2024-10-13
C03890,Kritika Dasgupta,Male,60,Chennai,Tamil Nadu,South,2023-11-15
C03891,Meghana Kamdar,Female,28,Jaipur,Rajasthan,North,2025-05-28
C03892,Indrajit Mann,Female,43,Guwahati,Assam,East,2023-06-05
C03893,Nathan Rattan,Female,55,Pune,Maharashtra,West,2022-06-11
C03894,Indira Kalla,Female,19,Coimbatore,Tamil Nadu,South,2022-10-11
C03895,Arya Nagarajan,Female,45,Kochi,Kerala,South,2024-04-05
C03896,Hitesh Nadkarni,Male,66,Kochi,Kerala,South,2025-07-07
C03897,Umang Raval,Female,55,Chennai,Tamil Nadu,South,2022-04-14
C03898,Ucchal Mangat,Female,20,Surat,Gujarat,West,2022-09-12
C03899,Naksh Goel,Male,52,Kochi,Kerala,South,2025-04-14
C03900,Bhavya Aggarwal,Female,54,Noida,Uttar Pradesh,North,2022-05-20
C03901,Ucchal Gera,Male,38,Coimbatore,Tamil Nadu,South,2025-09-29
C03902,Leela Sahota,Male,69,Delhi,Delhi,North,2023-06-08
C03903,Nirja Gulati,Female,68,Noida,Uttar Pradesh,North,2024-10-14
C03904,Udarsh Devi,Male,59,Chandigarh,Chandigarh,North,2025-08-01
C03905,Nilima Bajaj,Female,61,Bengaluru,Karnataka,South,2025-04-23
C03906,Zaid Ganesan,Female,24,Bengaluru,Karnataka,South,2024-02-22
C03907,Gavin Prabhakar,Male,31,Surat,Gujarat,West,2022-07-23
C03908,Lopa Vaidya,Female,54,Mumbai,Maharashtra,West,2024-09-20
C03909,Neel Shankar,Female,45,Coimbatore,Tamil Nadu,South,2022-12-23
C03910,Wriddhish Gill,Female,55,Hyderabad,Telangana,South,2025-10-03
C03911,Ryan Naidu,Female,69,Mumbai,Maharashtra,West,2025-06-04
C03912,Chaaya Bhattacharyya,Female,60,Kochi,Kerala,South,2022-12-05
C03913,Samuel Shenoy,Male,50,Coimbatore,Tamil Nadu,South,2024-08-14
C03914,Yash Sawhney,Male,23,Nagpur,Maharashtra,West,2022-12-18
C03915,Peter Shenoy,Male,58,Pune,Maharashtra,West,2025-09-15
C03916,Garima Dutta,Male,33,Lucknow,Uttar Pradesh,North,2022-07-14
C03917,Turvi Boase,Female,27,Nagpur,Maharashtra,West,2025-03-16
C03918,Bachittar Ray,Male,64,Kolkata,West Bengal,East,2024-06-29
C03919,Lekha Bobal,Female,60,Ranchi,Jharkhand,East,2025-07-05
C03920,Abha Yogi,Female,34,Mumbai,Maharashtra,West,2025-01-24
C03921,Arjun Sarna,Male,46,Pune,Maharashtra,West,2022-11-26
C03922,Darpan Master,Male,54,Patna,Bihar,East,2024-12-04
C03923,Balveer Patla,Female,18,Ranchi,Jharkhand,East,2024-02-05
C03924,Yasti Sarraf,Female,52,Mumbai,Maharashtra,West,2022-02-22
C03925,Jeet Chawla,Female,60,Bengaluru,Karnataka,South,2023-10-18
C03926,Adweta Choudhury,Female,54,Coimbatore,Tamil Nadu,South,2023-01-22
C03927,Jeevika Sachar,Male,66,Hyderabad,Telangana,South,2024-04-05
C03928,Lucky Kibe,Female,61,Delhi,Delhi,North,2022-11-20
C03929,Shivansh Lalla,Female,53,Lucknow,Uttar Pradesh,North,2022-12-05
C03930,Forum Borah,Female,55,Bhubaneswar,Odisha,East,2024-08-06
C03931,Vyanjana Konda,Male,35,Guwahati,Assam,East,2025-09-23
C03932,Hema Merchant,Male,34,Kochi,Kerala,South,2023-04-15
C03933,Ganga Seshadri,Female,25,Kolkata,West Bengal,East,2025-04-04
C03934,Anvi Banik,Male,29,Mumbai,Maharashtra,West,2024-10-09
C03935,Manbir Vig,Male,39,Nagpur,Maharashtra,West,2025-02-17
C03936,Atharv Kant,Female,55,Lucknow,Uttar Pradesh,North,2022-08-08
C03937,Janani Manne,Female,58,Chandigarh,Chandigarh,North,2023-01-08
C03938,Nathan Mody,Female,57,Hyderabad,Telangana,South,2024-05-13
C03939,Ria Menon,Female,57,Nagpur,Maharashtra,West,2023-05-25
C03940,Kabir Din,Female,27,Ahmedabad,Gujarat,West,2024-07-16
C03941,Leena Kurian,Female,24,Chennai,Tamil Nadu,South,2022-11-10
C03942,Ayaan Kakar,Male,70,Pune,Maharashtra,West,2023-12-30
C03943,Manbir Arora,Male,18,Lucknow,Uttar Pradesh,North,2025-01-16
C03944,Januja Trivedi,Female,52,Nagpur,Maharashtra,West,2023-03-31
C03945,Vansha Garde,Male,45,Nagpur,Maharashtra,West,2023-04-12
C03946,Nachiket Thaker,Female,27,Kochi,Kerala,South,2024-03-20
C03947,Kavya Radhakrishnan,Male,45,Ranchi,Jharkhand,East,2024-06-30
C03948,Omkaar Vohra,Female,22,Chennai,Tamil Nadu,South,2022-07-02
C03949,Parth Sule,Male,40,Chennai,Tamil Nadu,South,2025-04-16
C03950,Akshay Bhattacharyya,Male,70,Noida,Uttar Pradesh,North,2025-08-03
C03951,Umang More,Male,31,Guwahati,Assam,East,2022-08-10
C03952,Udarsh Doctor,Female,29,Surat,Gujarat,West,2022-01-01
C03953,Jagdish Hegde,Female,53,Kolkata,West Bengal,East,2023-06-06
C03954,Wishi Sharaf,Male,28,Surat,Gujarat,West,2023-11-12
C03955,Vedant Jain,Female,27,Ahmedabad,Gujarat,West,2023-09-11
C03956,Bachittar Rastogi,Female,38,Hyderabad,Telangana,South,2022-07-19
C03957,Forum Tripathi,Female,35,Jaipur,Rajasthan,North,2025-11-28
C03958,Anika Warrior,Female,22,Hyderabad,Telangana,South,2024-05-02
C03959,Daksh Sekhon,Male,62,Surat,Gujarat,West,2022-05-14
C03960,Yash Kunda,Male,52,Hyderabad,Telangana,South,2025-03-19
C03961,Yash Kari,Female,53,Mumbai,Maharashtra,West,2024-03-31
C03962,Peter Baria,Female,35,Kochi,Kerala,South,2022-06-13
C03963,Arunima Chand,Female,57,Mumbai,Maharashtra,West,2023-04-09
C03964,Devansh Deo,Female,34,Bengaluru,Karnataka,South,2025-07-07
C03965,Darsh Johal,Male,62,Nagpur,Maharashtra,West,2025-09-20
C03966,Yagnesh Sood,Female,37,Guwahati,Assam,East,2025-11-27
C03967,Guneet Yadav,Female,62,Guwahati,Assam,East,2025-03-07
C03968,Eiravati Bora,Female,55,Kolkata,West Bengal,East,2023-11-02
C03969,Vanya Dada,Male,25,Kochi,Kerala,South,2025-09-13
C03970,Fiyaz Soni,Male,21,Coimbatore,Tamil Nadu,South,2025-05-11
C03971,Harish Kale,Male,62,Guwahati,Assam,East,2024-01-10
C03972,Charita Andra,Male,22,Kolkata,West Bengal,East,2023-12-21
C03973,Isaac Savant,Male,32,Surat,Gujarat,West,2025-10-30
C03974,Tanmayi Acharya,Female,31,Ranchi,Jharkhand,East,2025-02-11
C03975,Niharika Madan,Male,24,Pune,Maharashtra,West,2024-04-21
C03976,Patrick Narasimhan,Female,56,Ahmedabad,Gujarat,West,2023-11-03
C03977,Yoshita Mander,Male,19,Bengaluru,Karnataka,South,2022-01-16
C03978,Aishani Wali,Male,37,Noida,Uttar Pradesh,North,2023-09-09
C03979,Harita Maharaj,Male,21,Nagpur,Maharashtra,West,2023-05-28
C03980,Ria Choudhury,Female,68,Bengaluru,Karnataka,South,2024-02-08
C03981,Vinaya Ahuja,Female,45,Ranchi,Jharkhand,East,2025-06-10
C03982,Yashodhara Singhal,Female,34,Mumbai,Maharashtra,West,2023-11-01
C03983,Nihal Gola,Female,41,Kochi,Kerala,South,2023-10-07
C03984,Rachana Modi,Male,54,Surat,Gujarat,West,2023-11-28
C03985,Saanvi Oommen,Male,30,Ahmedabad,Gujarat,West,2023-10-16
C03986,Rishi Chopra,Female,26,Noida,Uttar Pradesh,North,2022-03-01
C03987,Tanay Mohanty,Female,42,Kochi,Kerala,South,2023-06-13
C03988,Ekaja Wali,Female,62,Jaipur,Rajasthan,North,2024-05-07
C03989,Harshil Mital,Female,56,Chennai,Tamil Nadu,South,2024-03-23
C03990,Mohammed Naik,Male,62,Jaipur,Rajasthan,North,2022-04-20
C03991,Rehaan Randhawa,Male,25,Guwahati,Assam,East,2022-11-25
C03992,Nakul Dugar,Female,45,Kochi,Kerala,South,2023-01-06
C03993,Zaitra Som,Female,37,Guwahati,Assam,East,2025-11-22
C03994,Amruta Karnik,Male,42,Ahmedabad,Gujarat,West,2025-06-09
C03995,Urmi Mitter,Female,63,Chennai,Tamil Nadu,South,2022-12-29
C03996,Maanav Mohan,Female,52,Kolkata,West Bengal,East,2024-02-02
C03997,Irya Murty,Male,66,Chandigarh,Chandigarh,North,2022-05-03
C03998,Darika Sandal,Male,48,Ranchi,Jharkhand,East,2022-01-31
C03999,Omisha Ahluwalia,Female,53,Chandigarh,Chandigarh,North,2024-09-12
C04000,Christopher Rege,Female,46,Chennai,Tamil Nadu,South,2022-12-21
C04001,Logan Shan,Female,26,Kolkata,West Bengal,East,2023-07-14
C04002,Anirudh Jain,Male,58,Guwahati,Assam,East,2023-06-23
C04003,Aahana Menon,Male,28,Delhi,Delhi,North,2022-10-29
C04004,Arjun Nagy,Male,65,Hyderabad,Telangana,South,2023-05-30
C04005,Lavanya Nanda,Male,45,Chandigarh,Chandigarh,North,2023-12-02
C04006,Tanveer Thakur,Male,47,Nagpur,Maharashtra,West,2024-03-01
C04007,Anusha Chhabra,Female,50,Pune,Maharashtra,West,2024-01-25
C04008,Xavier Dyal,Male,50,Coimbatore,Tamil Nadu,South,2022-09-10
C04009,Varsha Singhal,Female,21,Ahmedabad,Gujarat,West,2024-01-12
C04010,Madhavi Sur,Female,59,Bengaluru,Karnataka,South,2023-06-06
C04011,Ati Prashad,Male,30,Surat,Gujarat,West,2023-11-25
C04012,Harrison Bhalla,Male,30,Kolkata,West Bengal,East,2022-08-17
C04013,Anya Yogi,Female,61,Bengaluru,Karnataka,South,2023-08-08
C04014,Raksha Mane,Female,67,Kolkata,West Bengal,East,2024-07-12
C04015,Urmi Desai,Female,59,Pune,Maharashtra,West,2023-05-13
C04016,Ekta Sachdev,Male,19,Jaipur,Rajasthan,North,2024-09-29
C04017,Matthew Mistry,Female,61,Hyderabad,Telangana,South,2025-01-08
C04018,Gaurang Sarma,Female,63,Chennai,Tamil Nadu,South,2024-08-30
C04019,Falak Lad,Male,56,Hyderabad,Telangana,South,2022-05-05
C04020,Anthony Dey,Female,39,Jaipur,Rajasthan,North,2022-03-27
C04021,Dipta Patel,Female,56,Jaipur,Rajasthan,North,2022-03-09
C04022,Tanish Gour,Male,35,Bhubaneswar,Odisha,East,2023-10-28
C04023,Upadhriti Kari,Male,37,Jaipur,Rajasthan,North,2023-11-09
C04024,Janaki Nath,Male,63,Chennai,Tamil Nadu,South,2024-11-20
C04025,Aashi Kumer,Female,50,Guwahati,Assam,East,2024-08-29
C04026,Logan Dar,Male,35,Guwahati,Assam,East,2023-12-09
C04027,Prisha Randhawa,Female,45,Kochi,Kerala,South,2023-06-20
C04028,Chanakya Wadhwa,Female,62,Hyderabad,Telangana,South,2023-03-07
C04029,Yauvani Prakash,Male,46,Hyderabad,Telangana,South,2025-06-22
C04030,Rajeshri Balay,Male,59,Noida,Uttar Pradesh,North,2022-08-08
C04031,Vyanjana Mandal,Male,27,Lucknow,Uttar Pradesh,North,2023-05-09
C04032,Ekalinga Borra,Female,52,Nagpur,Maharashtra,West,2024-11-15
C04033,Isaiah Wali,Female,55,Noida,Uttar Pradesh,North,2025-03-09
C04034,Yochana Chahal,Male,37,Pune,Maharashtra,West,2025-11-15
C04035,Rayaan Bora,Male,48,Patna,Bihar,East,2024-09-12
C04036,Aradhana Shroff,Male,34,Bengaluru,Karnataka,South,2025-10-26
C04037,Max Narayanan,Female,63,Mumbai,Maharashtra,West,2022-07-03
C04038,Qabil Nori,Male,53,Kochi,Kerala,South,2022-09-28
C04039,Rachana Bail,Male,51,Noida,Uttar Pradesh,North,2024-07-09
C04040,Chaaya Ahuja,Male,25,Hyderabad,Telangana,South,2022-07-31
C04041,Anirudh Anand,Male,43,Ranchi,Jharkhand,East,2024-10-20
C04042,Ekantika Sane,Male,29,Bhubaneswar,Odisha,East,2025-03-06
C04043,Aashi Kapoor,Male,28,Nagpur,Maharashtra,West,2022-04-12
C04044,Tanvi Iyer,Male,29,Chennai,Tamil Nadu,South,2022-08-28
C04045,Michael Gulati,Male,62,Chennai,Tamil Nadu,South,2022-02-03
C04046,Samuel Morar,Female,25,Surat,Gujarat,West,2024-06-07
C04047,Harrison Bal,Female,63,Chennai,Tamil Nadu,South,2024-11-06
C04048,Joshua Zachariah,Male,70,Mumbai,Maharashtra,West,2025-01-26
C04049,Ekapad Narang,Male,36,Kochi,Kerala,South,2024-02-25
C04050,Victor Joshi,Female,38,Coimbatore,Tamil Nadu,South,2025-02-06
C04051,Chavvi Gade,Male,68,Delhi,Delhi,North,2025-04-22
C04052,Anika Kaul,Male,30,Surat,Gujarat,West,2025-02-01
C04053,Isha Bala,Female,61,Surat,Gujarat,West,2025-04-20
C04054,Ria Dasgupta,Male,64,Delhi,Delhi,North,2022-01-08
C04055,Atharv Sawhney,Female,29,Delhi,Delhi,North,2024-07-25
C04056,Lajita Bawa,Female,46,Kochi,Kerala,South,2023-11-06
C04057,Reva Rastogi,Male,45,Patna,Bihar,East,2022-02-10
C04058,Samesh Rai,Female,23,Surat,Gujarat,West,2024-05-14
C04059,Girik Gill,Female,23,Bengaluru,Karnataka,South,2024-01-30
C04060,Nicholas Kadakia,Male,69,Jaipur,Rajasthan,North,2023-08-01
C04061,Vrinda Parmar,Female,57,Ahmedabad,Gujarat,West,2022-07-25
C04062,Ojasvi Halder,Female,20,Noida,Uttar Pradesh,North,2023-07-05
C04063,Gautam Tripathi,Male,45,Mumbai,Maharashtra,West,2024-01-23
C04064,Vanya Kumer,Male,42,Pune,Maharashtra,West,2023-08-26
C04065,Tanmayi Babu,Female,28,Nagpur,Maharashtra,West,2025-03-02
C04066,Lajita Salvi,Male,52,Surat,Gujarat,West,2022-02-01
C04067,Harish Pant,Male,48,Nagpur,Maharashtra,West,2024-12-01
C04068,Dayita Bhattacharyya,Male,41,Unknown,Gujarat,West,2025-06-12
C04069,Charita Karnik,Male,41,Hyderabad,Telangana,South,2024-05-28
C04070,Madhavi Sinha,Female,42,Mumbai,Maharashtra,West,2025-03-12
C04071,Anvi Naik,Male,19,Hyderabad,Telangana,South,2023-04-30
C04072,Lohit Kothari,Female,47,Bhubaneswar,Odisha,East,2024-06-02
C04073,Aditya Dave,Male,42,Ranchi,Jharkhand,East,2025-03-28
C04074,Logan Singhal,Male,66,Chennai,Tamil Nadu,South,2025-02-07
C04075,Darsh Kadakia,Male,22,Ranchi,Jharkhand,East,2024-01-25
C04076,Kamya Sachdeva,Female,25,Lucknow,Uttar Pradesh,North,2023-11-19
C04077,Oni Gera,Male,60,Surat,Gujarat,West,2023-08-19
C04078,Zilmil Doshi,Female,56,Chandigarh,Chandigarh,North,2023-08-31
C04079,Janya Choudhary,Male,35,Chennai,Tamil Nadu,South,2022-07-17
C04080,Ayushman Tank,Male,45,Hyderabad,Telangana,South,2024-04-04
C04081,Damini Raval,Female,39,Coimbatore,Tamil Nadu,South,2022-10-16
C04082,Alka Nagi,Male,69,Mumbai,Maharashtra,West,2024-07-09
C04083,Atharv Narula,Female,26,Lucknow,Uttar Pradesh,North,2024-01-21
C04084,Upma Banerjee,Female,41,Hyderabad,Telangana,South,2023-12-11
C04085,Nikita Batra,Female,67,Mumbai,Maharashtra,West,2023-10-16
C04086,Omkaar Dugar,Male,26,Mumbai,Maharashtra,West,2025-03-29
C04087,Alexander Palla,Male,63,Patna,Bihar,East,2024-10-14
C04088,George Saini,Female,32,Mumbai,Maharashtra,West,2022-05-10
C04089,Isaiah Soni,Female,21,Patna,Bihar,East,2024-04-19
C04090,Ojasvi Yadav,Female,48,Pune,Maharashtra,West,2022-10-06
C04091,Krish Acharya,Female,64,Ranchi,Jharkhand,East,2022-11-30
C04092,Vamakshi Singh,Male,23,Patna,Bihar,East,2022-01-11
C04093,Kabir Naidu,Male,62,Nagpur,Maharashtra,West,2023-01-10
C04094,Gopal Sridhar,Male,26,Bengaluru,Karnataka,South,2023-05-08
C04095,Rohan Dass,Female,18,Kolkata,West Bengal,East,2024-03-08
C04096,Yutika Dayal,Male,23,Mumbai,Maharashtra,West,2023-12-21
C04097,Umang Butala,Male,47,Kochi,Kerala,South,2022-01-03
C04098,Netra Mandal,Male,38,Kolkata,West Bengal,East,2025-09-07
C04099,Zaid Kara,Female,32,Chennai,Tamil Nadu,South,2022-03-31
C04100,Qasim Mitra,Male,30,Guwahati,Assam,East,2022-04-20
C04101,Turvi Venkatesh,Female,55,Bengaluru,Karnataka,South,2022-05-26
C04102,Karan Narang,Female,34,Mumbai,Maharashtra,West,2022-01-10
C04103,Kavya Dhillon,Female,53,Kolkata,West Bengal,East,2024-10-29
C04104,Lekha Bava,Male,69,Lucknow,Uttar Pradesh,North,2023-04-10
C04105,Qabil Atwal,Male,44,Surat,Gujarat,West,2024-04-26
C04106,Bahadurjit Khanna,Female,48,Nagpur,Maharashtra,West,2023-06-11
C04107,Mekhala Naidu,Male,48,Chandigarh,Chandigarh,North,2022-06-30
C04108,Vasana Sule,Male,31,Kochi,Kerala,South,2025-01-07
C04109,Raghav Ravi,Female,39,Kolkata,West Bengal,East,2022-03-14
C04110,Tanish Setty,Female,32,Kochi,Kerala,South,2025-02-23
C04111,Ria Dalal,Female,31,Delhi,Delhi,North,2024-08-17
C04112,Yoshita Nazareth,Female,51,Patna,Bihar,East,2024-06-15
C04113,Quincy Kumer,Male,44,Jaipur,Rajasthan,North,2023-11-22
C04114,Vinaya Shan,Female,20,Surat,Gujarat,West,2023-07-14
C04115,Hema Venkataraman,Male,63,Chandigarh,Chandigarh,North,2023-02-01
C04116,Dev Pau,Male,53,Patna,Bihar,East,2025-01-14
C04117,Atharv Date,Male,42,Pune,Maharashtra,West,2023-10-14
C04118,Utkarsh Shankar,Male,52,Patna,Bihar,East,2024-04-11
C04119,Jai Merchant,Female,70,Kochi,Kerala,South,2022-04-19
C04120,Idika Mohanty,Male,43,Ahmedabad,Gujarat,West,2025-12-14
C04121,Rajata Butala,Female,23,Nagpur,Maharashtra,West,2023-11-19
C04122,Mitali Vaidya,Male,54,Surat,Gujarat,West,2022-11-23
C04123,Lucky Kapadia,Male,52,Chennai,Tamil Nadu,South,2025-05-01
C04124,Rushil Pandya,Male,49,Patna,Bihar,East,2022-08-08
C04125,Champak Walia,Male,32,Lucknow,Uttar Pradesh,North,2022-02-26
C04126,Victor Wali,Female,67,Chennai,Tamil Nadu,South,2022-07-25
C04127,Kavya Dutt,Male,27,Surat,Gujarat,West,2022-07-14
C04128,Noah Kara,Female,61,Ahmedabad,Gujarat,West,2025-12-13
C04129,Panini Jain,Male,43,Pune,Maharashtra,West,2022-12-11
C04130,Chandran Rattan,Female,70,Lucknow,Uttar Pradesh,North,2023-04-24
C04131,Madhavi Vig,Male,61,Patna,Bihar,East,2025-12-01
C04132,Vamakshi Sidhu,Male,29,Chennai,Tamil Nadu,South,2022-06-19
C04133,Laban Mital,Female,21,Ahmedabad,Gujarat,West,2025-03-04
C04134,Falan Krishnamurthy,Male,23,Bengaluru,Karnataka,South,2025-12-03
C04135,Sathvik Bhavsar,Male,40,Ahmedabad,Gujarat,West,2023-03-16
C04136,Nirja Dey,Female,58,Ranchi,Jharkhand,East,2023-06-16
C04137,Vasana Dyal,Female,36,Patna,Bihar,East,2022-03-07
C04138,Mahika Dutta,Female,63,Bengaluru,Karnataka,South,2022-07-24
C04139,Mahika Hari,Male,40,Coimbatore,Tamil Nadu,South,2024-08-07
C04140,Inaya Bobal,Female,59,Noida,Uttar Pradesh,North,2025-10-12
C04141,Anya Dey,Male,21,Coimbatore,Tamil Nadu,South,2025-09-26
C04142,Jatin Doshi,Male,37,Bengaluru,Karnataka,South,2023-08-13
C04143,Sachi Dhar,Male,18,Delhi,Delhi,North,2023-02-21
C04144,Falak Apte,Male,45,Coimbatore,Tamil Nadu,South,2022-03-06
C04145,Deepa Viswanathan,Female,22,Hyderabad,Telangana,South,2025-12-01
C04146,Urishilla Kata,Male,32,Kochi,Kerala,South,2025-07-07
C04147,Chanchal Dash,Male,52,Patna,Bihar,East,2025-06-14
C04148,Mitesh Bobal,Female,27,Pune,Maharashtra,West,2024-02-05
C04149,Anita Baria,Male,21,Bengaluru,Karnataka,South,2022-05-25
C04150,Aadhya Chowdhury,Male,59,Surat,Gujarat,West,2025-03-12
C04151,Pooja Ganguly,Male,22,Hyderabad,Telangana,South,2024-05-27
C04152,Bishakha Kar,Female,20,Surat,Gujarat,West,2024-09-04
C04153,Gaurang Patil,Female,62,Jaipur,Rajasthan,North,2024-09-07
C04154,Warda Sankaran,Male,54,Jaipur,Rajasthan,North,2025-09-18
C04155,Dakshesh Cheema,Female,32,Patna,Bihar,East,2025-04-04
C04156,Anya Krishnamurthy,Female,42,Bengaluru,Karnataka,South,2024-10-02
C04157,Oni Krishnamurthy,Female,18,Jaipur,Rajasthan,North,2023-11-16
C04158,Fiyaz Arya,Male,49,Kochi,Kerala,South,2022-01-23
C04159,Vedika Kibe,Female,26,Bengaluru,Karnataka,South,2023-10-04
C04160,Timothy Saraf,Male,47,Bhubaneswar,Odisha,East,2023-08-09
C04161,Hemang Sura,Male,58,Pune,Maharashtra,West,2025-04-07
C04162,Zilmil Raja,Male,32,Hyderabad,Telangana,South,2025-12-09
C04163,Hritik Chaudhari,Male,22,Lucknow,Uttar Pradesh,North,2023-11-09
C04164,Jacob Khare,Male,59,Chennai,Tamil Nadu,South,2025-03-16
C04165,Oviya Ramesh,Male,40,Guwahati,Assam,East,2025-10-18
C04166,Idika Sarraf,Female,50,Hyderabad,Telangana,South,2025-02-12
C04167,Baljiwan Rastogi,Male,23,Chennai,Tamil Nadu,South,2022-11-07
C04168,Atharv Kalita,Male,57,Surat,Gujarat,West,2023-03-27
C04169,Arjun Narasimhan,Female,47,Patna,Bihar,East,2025-10-21
C04170,Brinda Sachar,Female,38,Nagpur,Maharashtra,West,2025-02-13
C04171,Tanmayi Kulkarni,Male,55,Bhubaneswar,Odisha,East,2022-06-29
C04172,Hemangini Pandey,Male,43,Chandigarh,Chandigarh,North,2023-10-01
C04173,Aradhana Sehgal,Male,69,Coimbatore,Tamil Nadu,South,2024-05-08
C04174,Ekta Shanker,Female,40,Coimbatore,Tamil Nadu,South,2024-07-26
C04175,Naveen Kadakia,Female,47,Mumbai,Maharashtra,West,2023-06-08
C04176,Nandini Pall,Male,46,Ranchi,Jharkhand,East,2022-09-16
C04177,Xalak Chakraborty,Male,63,Kochi,Kerala,South,2022-11-28
C04178,Indira Yohannan,Male,45,Delhi,Delhi,North,2023-01-06
C04179,Edhitha Mohan,Male,22,Jaipur,Rajasthan,North,2022-07-22
C04180,Gautam Ravi,Female,64,Nagpur,Maharashtra,West,2022-09-12
C04181,Widisha Grewal,Male,45,Kochi,Kerala,South,2025-03-04
C04182,Samaksh Lanka,Female,31,Chennai,Tamil Nadu,South,2024-10-27
C04183,Indali Nazareth,Male,64,Ahmedabad,Gujarat,West,2025-01-31
C04184,Janaki Dutta,Female,62,Lucknow,Uttar Pradesh,North,2025-03-11
C04185,Ekantika Babu,Male,42,Bhubaneswar,Odisha,East,2025-12-12
C04186,Ranveer Mukherjee,Male,66,Mumbai,Maharashtra,West,2025-12-22
C04187,Pranav Rao,Female,52,Patna,Bihar,East,2023-04-30
C04188,Rushil Chander,Male,53,Noida,Uttar Pradesh,North,2023-03-19
C04189,Nidhi Lall,Female,29,Ranchi,Jharkhand,East,2022-11-13
C04190,Harini Walia,Female,21,Lucknow,Uttar Pradesh,North,2023-11-11
C04191,Mekhala Deol,Male,64,Noida,Uttar Pradesh,North,2022-10-10
C04192,Hemang Memon,Male,29,Jaipur,Rajasthan,North,2022-01-03
C04193,Ekiya Kar,Male,58,Nagpur,Maharashtra,West,2023-08-27
C04194,Banjeet Korpal,Male,21,Bhubaneswar,Odisha,East,2022-10-05
C04195,Anusha Bal,Female,35,Kochi,Kerala,South,2023-07-25
C04196,Udarsh Kanda,Male,22,Jaipur,Rajasthan,North,2024-12-10
C04197,Upkaar Sarraf,Male,62,Ahmedabad,Gujarat,West,2025-03-28
C04198,Maanav Arora,Male,26,Coimbatore,Tamil Nadu,South,2025-07-08
C04199,Yagnesh Bail,Female,63,Coimbatore,Tamil Nadu,South,2022-04-14
C04200,Reva Sachdeva,Male,63,Jaipur,Rajasthan,North,2022-09-26
C04201,Nitara Grewal,Male,33,Ahmedabad,Gujarat,West,2022-09-18
C04202,Lila Lal,Male,50,Pune,Maharashtra,West,2022-03-26
C04203,Adya Sankar,Female,34,Kochi,Kerala,South,2022-04-07
C04204,Janya Keer,Male,40,Mumbai,Maharashtra,West,2025-10-29
C04205,Ishanvi Bose,Female,47,Noida,Uttar Pradesh,North,2023-04-18
C04206,Ekanta Koshy,Male,57,Surat,Gujarat,West,2025-04-12
C04207,Gopal Tripathi,Male,59,Pune,Maharashtra,West,2022-05-26
C04208,Dipta Cheema,Female,61,Hyderabad,Telangana,South,2022-07-03
C04209,Ijaya Kapur,Female,42,Kolkata,West Bengal,East,2024-08-19
C04210,Amruta Bera,Male,25,Kolkata,West Bengal,East,2022-11-22
C04211,Raksha Tank,Male,65,Kolkata,West Bengal,East,2023-06-24
C04212,Dhruv Garg,Female,43,Ahmedabad,Gujarat,West,2022-05-17
C04213,Saumya Bhandari,Male,25,Hyderabad,Telangana,South,2022-06-16
C04214,Vansha Divan,Male,41,Mumbai,Maharashtra,West,2024-10-23
C04215,Irya Bhattacharyya,Female,47,Ahmedabad,Gujarat,West,2024-05-05
C04216,Zayyan Bala,Male,62,Kolkata,West Bengal,East,2024-02-24
C04217,Raagini Deol,Female,41,Pune,Maharashtra,West,2022-06-22
C04218,Tanveer Seth,Female,67,Ahmedabad,Gujarat,West,2025-04-05
C04219,Daksha Narayanan,Male,46,Lucknow,Uttar Pradesh,North,2023-09-08
C04220,Yashoda Ray,Female,56,Guwahati,Assam,East,2023-02-07
C04221,Divya Ahuja,Female,40,Jaipur,Rajasthan,North,2025-03-08
C04222,Ishita Dar,Male,47,Hyderabad,Telangana,South,2024-02-11
C04223,Devansh Wagle,Male,45,Coimbatore,Tamil Nadu,South,2024-02-29
C04224,Neel Hayer,Female,27,Kolkata,West Bengal,East,2022-07-01
C04225,Praneel Golla,Male,65,Bengaluru,Karnataka,South,2025-09-24
C04226,Warda Dar,Female,35,Nagpur,Maharashtra,West,2025-11-25
C04227,Gaurav Chandra,Male,52,Delhi,Delhi,North,2025-10-22
C04228,Lila Reddy,Male,65,Noida,Uttar Pradesh,North,2025-11-08
C04229,Urvi Devi,Male,64,Chandigarh,Chandigarh,North,2022-10-30
C04230,Qadim Char,Female,34,Mumbai,Maharashtra,West,2025-09-09
C04231,Isha Goel,Male,26,Hyderabad,Telangana,South,2023-11-25
C04232,Zayyan Tata,Male,41,Lucknow,Uttar Pradesh,North,2024-08-01
C04233,Qarin Lad,Male,32,Lucknow,Uttar Pradesh,North,2024-12-24
C04234,Sai Karan,Male,22,Coimbatore,Tamil Nadu,South,2022-03-13
C04235,Finn Nori,Female,43,Kochi,Kerala,South,2025-10-01
C04236,Girindra Viswanathan,Female,67,Kochi,Kerala,South,2024-01-28
C04237,Anmol Bhat,Female,49,Noida,Uttar Pradesh,North,2025-10-14
C04238,Kashvi Chandran,Female,64,Surat,Gujarat,West,2024-04-02
C04239,Aarav Wadhwa,Female,33,Lucknow,Uttar Pradesh,North,2023-02-13
C04240,Aayush Narain,Female,43,Nagpur,Maharashtra,West,2024-08-25
C04241,Damini Bala,Female,69,Nagpur,Maharashtra,West,2024-10-26
C04242,Ekaraj Gera,Male,23,Coimbatore,Tamil Nadu,South,2023-07-29
C04243,Wishi Gopal,Male,52,Kochi,Kerala,South,2024-01-28
C04244,Hemani Chatterjee,Female,57,Delhi,Delhi,North,2025-03-18
C04245,Kavya Goel,Male,70,Patna,Bihar,East,2024-11-06
C04246,Peter Tripathi,Male,38,Surat,Gujarat,West,2025-05-05
C04247,Sai Balasubramanian,Female,43,Lucknow,Uttar Pradesh,North,2025-03-25
C04248,Jai Muni,Male,33,Surat,Gujarat,West,2023-01-08
C04249,Hritik Palla,Male,41,Kochi,Kerala,South,2022-10-07
C04250,Zarna Ganesh,Female,29,Noida,Uttar Pradesh,North,2022-09-01
C04251,Widisha Hans,Female,59,Ahmedabad,Gujarat,West,2022-04-18
C04252,Geetika Sha,Male,44,Pune,Maharashtra,West,2023-05-23
C04253,Sara Dada,Female,31,Lucknow,Uttar Pradesh,North,2023-10-11
C04254,Hamsini Koshy,Female,32,Delhi,Delhi,North,2024-07-16
C04255,Lohit Khatri,Male,61,Chandigarh,Chandigarh,North,2023-04-08
C04256,Raghav Raval,Male,49,Kolkata,West Bengal,East,2024-12-29
C04257,Ishita Bhargava,Male,25,Patna,Bihar,East,2022-12-09
C04258,Hardik Venkatesh,Male,53,Hyderabad,Telangana,South,2024-07-03
C04259,Ekani Vyas,Female,70,Coimbatore,Tamil Nadu,South,2023-03-05
C04260,Sai Mandal,Female,50,Patna,Bihar,East,2022-12-27
C04261,Krishna Sem,Female,21,Lucknow,Uttar Pradesh,North,2023-07-01
C04262,Brinda Sandhu,Male,59,Coimbatore,Tamil Nadu,South,2025-08-09
C04263,Radhika Purohit,Female,68,Kolkata,West Bengal,East,2025-11-17
C04264,Vritti Bajwa,Female,47,Pune,Maharashtra,West,2023-04-01
C04265,Hemang Nagy,Female,61,Nagpur,Maharashtra,West,2024-05-30
C04266,Lopa Mohan,Female,18,Pune,Maharashtra,West,2023-02-04
C04267,Bhavna Bhakta,Male,66,Chennai,Tamil Nadu,South,2025-08-15
C04268,Raghav Chakraborty,Female,52,Lucknow,Uttar Pradesh,North,2022-11-09
C04269,Oscar Murthy,Male,20,Kochi,Kerala,South,2023-10-29
C04270,Ayaan Batta,Male,64,Coimbatore,Tamil Nadu,South,2024-09-17
C04271,Lekha Guha,Female,47,Kochi,Kerala,South,2023-01-17
C04272,Charles Saraf,Female,19,Jaipur,Rajasthan,North,2022-09-03
C04273,Yashoda Prabhakar,Male,67,Jaipur,Rajasthan,North,2025-03-20
C04274,Tanish Chaudhary,Male,49,Guwahati,Assam,East,2024-12-19
C04275,Quincy Kant,Male,30,Kolkata,West Bengal,East,2023-02-11
C04276,Elijah Jani,Male,51,Ahmedabad,Gujarat,West,2023-12-20
C04277,Samuel Aurora,Male,54,Jaipur,Rajasthan,North,2022-02-24
C04278,Lakshmi Jha,Female,26,Chandigarh,Chandigarh,North,2023-05-20
C04279,Bina Agrawal,Male,33,Noida,Uttar Pradesh,North,2023-12-23
C04280,Ganga Goel,Female,32,Coimbatore,Tamil Nadu,South,2025-08-03
C04281,Vedant Prabhu,Male,18,Jaipur,Rajasthan,North,2024-12-05
C04282,Chaitanya Dugal,Male,68,Bengaluru,Karnataka,South,2025-11-16
C04283,Yatin Kuruvilla,Female,45,Pune,Maharashtra,West,2023-04-10
C04284,Dayita Jayaraman,Female,43,Kochi,Kerala,South,2022-03-13
C04285,Nimrat Anne,Female,20,Chennai,Tamil Nadu,South,2025-02-02
C04286,Odika Purohit,Female,68,Surat,Gujarat,West,2025-05-28
C04287,Ranveer Sura,Male,42,Ranchi,Jharkhand,East,2022-11-21
C04288,Advaith Rana,Male,27,Chennai,Tamil Nadu,South,2024-10-03
C04289,Saumya Dave,Male,53,Ahmedabad,Gujarat,West,2025-08-13
C04290,Ekavir Contractor,Male,49,Jaipur,Rajasthan,North,2025-12-17
C04291,Nathan Suresh,Female,52,Chandigarh,Chandigarh,North,2025-12-19
C04292,Qadim Yadav,Male,38,Guwahati,Assam,East,2024-09-06
C04293,Oliver Kunda,Male,31,Ahmedabad,Gujarat,West,2022-09-26
C04294,Bhavani Yadav,Male,27,Bhubaneswar,Odisha,East,2025-11-15
C04295,Bhavani Lal,Male,66,Ranchi,Jharkhand,East,2022-02-04
C04296,Jagdish Rana,Female,53,Lucknow,Uttar Pradesh,North,2022-11-12
C04297,Gabriel Tank,Male,29,Ranchi,Jharkhand,East,2022-11-12
C04298,Joshua Vasa,Male,42,Lucknow,Uttar Pradesh,North,2024-04-09
C04299,Upasna Srinivas,Male,41,Hyderabad,Telangana,South,2023-11-23
C04300,Isaac Karnik,Female,69,Chandigarh,Chandigarh,North,2023-05-12
C04301,Lipika Gour,Male,35,Chennai,Tamil Nadu,South,2024-12-24
C04302,Ekansh Khurana,Male,70,Surat,Gujarat,West,2023-07-19
C04303,Kamala Sarma,Female,32,Bengaluru,Karnataka,South,2025-10-02
C04304,Riya Barman,Female,27,Patna,Bihar,East,2022-09-07
C04305,Shivansh Nadkarni,Female,29,Chennai,Tamil Nadu,South,2023-03-27
C04306,Akshay Dua,Female,60,Mumbai,Maharashtra,West,2024-11-07
C04307,Zashil Gill,Female,42,Nagpur,Maharashtra,West,2024-08-27
C04308,Turvi Iyer,Male,41,Kochi,Kerala,South,2024-09-02
C04309,Mahika Rai,Male,58,Nagpur,Maharashtra,West,2022-05-29
C04310,Bishakha Tiwari,Female,64,Lucknow,Uttar Pradesh,North,2022-06-27
C04311,Umang Gour,Female,39,Chennai,Tamil Nadu,South,2025-03-05
C04312,Gautami Sarna,Male,54,Mumbai,Maharashtra,West,2025-03-12
C04313,Ridhi Boase,Female,46,Noida,Uttar Pradesh,North,2023-03-10
C04314,Bhavna Dyal,Male,48,Ahmedabad,Gujarat,West,2023-01-14
C04315,Eesha Bhandari,Female,28,Jaipur,Rajasthan,North,2022-02-07
C04316,Dhruv Rout,Male,22,Pune,Maharashtra,West,2025-09-27
C04317,Omkaar Nagy,Male,64,Chandigarh,Chandigarh,North,2022-07-16
C04318,Balvan Dhar,Male,30,Jaipur,Rajasthan,North,2023-09-22
C04319,Vivaan Ahuja,Female,47,Surat,Gujarat,West,2025-06-24
C04320,Aarush Bhardwaj,Male,54,Surat,Gujarat,West,2024-04-11
C04321,Jagdish Kapur,Male,28,Guwahati,Assam,East,2023-03-18
C04322,Ethan Bahri,Male,69,Surat,Gujarat,West,2023-04-19
C04323,Libni Mandal,Female,59,Jaipur,Rajasthan,North,2022-09-28
C04324,Shivani Khanna,Female,62,Mumbai,Maharashtra,West,2024-07-31
C04325,Zashil Pai,Female,59,Nagpur,Maharashtra,West,2024-12-31
C04326,Varenya Dua,Male,58,Ahmedabad,Gujarat,West,2023-05-01
C04327,Jagvi Kapur,Male,56,Lucknow,Uttar Pradesh,North,2023-02-20
C04328,Bhavini Ghosh,Female,30,Bengaluru,Karnataka,South,2023-11-05
C04329,Aarini Dyal,Female,29,Hyderabad,Telangana,South,2025-10-08
C04330,Ansh Sankaran,Male,25,Coimbatore,Tamil Nadu,South,2022-04-04
C04331,Maanas Basak,Female,49,Lucknow,Uttar Pradesh,North,2022-02-18
C04332,Nirja Karan,Female,69,Lucknow,Uttar Pradesh,North,2023-08-03
C04333,Jeremiah Pandit,Male,18,Guwahati,Assam,East,2022-01-15
C04334,Nidra Sama,Female,37,Hyderabad,Telangana,South,2024-08-08
C04335,Triveni Sethi,Female,37,Surat,Gujarat,West,2024-10-13
C04336,Lipika Sheth,Female,23,Nagpur,Maharashtra,West,2024-07-10
C04337,Geetika Nanda,Female,45,Pune,Maharashtra,West,2024-02-29
C04338,Kiaan Wagle,Female,20,Delhi,Delhi,North,2023-06-11
C04339,Yatan Kalla,Female,62,Coimbatore,Tamil Nadu,South,2023-12-24
C04340,Robert Patla,Female,35,Coimbatore,Tamil Nadu,South,2022-03-19
C04341,Nilima Prasad,Female,46,Nagpur,Maharashtra,West,2023-01-17
C04342,Tanay Ramaswamy,Female,26,Hyderabad,Telangana,South,2025-08-24
C04343,Upma Chopra,Female,31,Surat,Gujarat,West,2023-04-02
C04344,Charita Sachar,Female,64,Kochi,Kerala,South,2025-04-30
C04345,Ryan Kalla,Male,28,Kochi,Kerala,South,2023-12-18
C04346,Naksh Rajagopalan,Male,45,Surat,Gujarat,West,2024-04-26
C04347,Pranit Savant,Female,51,Chennai,Tamil Nadu,South,2023-10-06
C04348,Samuel Raju,Female,57,Noida,Uttar Pradesh,North,2025-03-13
C04349,Anjali Dugal,Female,33,Ahmedabad,Gujarat,West,2024-04-27
C04350,Rudra Dora,Female,65,Kochi,Kerala,South,2023-06-21
C04351,Edhitha Sidhu,Female,57,Kochi,Kerala,South,2022-05-30
C04352,Kalpit Sur,Male,66,Hyderabad,Telangana,South,2025-05-20
C04353,Balendra Chatterjee,Female,36,Lucknow,Uttar Pradesh,North,2023-07-19
C04354,Frederick Bail,Female,19,Kochi,Kerala,South,2024-04-19
C04355,Chatresh Narula,Male,32,Nagpur,Maharashtra,West,2022-12-17
C04356,Dhriti Parikh,Female,26,Kochi,Kerala,South,2024-10-22
C04357,Matthew Kala,Female,24,Chandigarh,Chandigarh,North,2023-03-24
C04358,Dominic Patil,Female,26,Chennai,Tamil Nadu,South,2022-01-17
C04359,Sanya Soman,Female,66,Coimbatore,Tamil Nadu,South,2022-08-24
C04360,Parth Mann,Female,30,Kochi,Kerala,South,2023-09-10
C04361,Harrison Dutta,Female,48,Bengaluru,Karnataka,South,2024-01-29
C04362,Nihal Sagar,Male,33,Jaipur,Rajasthan,North,2022-09-15
C04363,Nimrat Dutt,Female,37,Kochi,Kerala,South,2023-07-24
C04364,Avni Krish,Male,54,Mumbai,Maharashtra,West,2022-10-31
C04365,Manan Saxena,Female,24,Chennai,Tamil Nadu,South,2022-10-17
C04366,Balveer Deshmukh,Female,39,Chennai,Tamil Nadu,South,2023-02-22
C04367,Urvashi Raghavan,Female,30,Patna,Bihar,East,2024-12-18
C04368,Onkar Bahri,Female,18,Ahmedabad,Gujarat,West,2025-07-10
C04369,Ridhi Gopal,Male,22,Surat,Gujarat,West,2022-06-11
C04370,Anmol Swamy,Female,30,Kochi,Kerala,South,2025-02-05
C04371,Harinakshi Chada,Female,32,Kochi,Kerala,South,2024-03-23
C04372,Ekapad Goel,Female,21,Unknown,Tamil Nadu,South,2025-01-15
C04373,Charita Ramesh,Male,44,Patna,Bihar,East,2023-01-11
C04374,Indrajit Hegde,Male,30,Coimbatore,Tamil Nadu,South,2022-03-10
C04375,Brinda Chacko,Female,44,Ahmedabad,Gujarat,West,2023-01-11
C04376,Warda Babu,Female,32,Chennai,Tamil Nadu,South,2022-02-08
C04377,Omkaar Patla,Female,68,Noida,Uttar Pradesh,North,2024-05-01
C04378,Rehaan Varghese,Female,63,Kolkata,West Bengal,East,2022-03-08
C04379,Zinal Bajwa,Female,42,Jaipur,Rajasthan,North,2025-03-11
C04380,Eiravati Ganesan,Male,59,Delhi,Delhi,North,2022-11-10
C04381,William Mohan,Female,22,Chandigarh,Chandigarh,North,2024-06-16
C04382,Saumya Sant,Female,31,Pune,Maharashtra,West,2022-03-18
C04383,Banjeet Mahajan,Male,52,Kolkata,West Bengal,East,2022-11-14
C04384,Faris Natarajan,Male,28,Lucknow,Uttar Pradesh,North,2022-04-07
C04385,Kalpit Anne,Female,43,Noida,Uttar Pradesh,North,2023-07-29
C04386,Chasmum Rai,Male,30,Surat,Gujarat,West,2023-11-21
C04387,Upma Rai,Male,18,Hyderabad,Telangana,South,2022-11-10
C04388,Balendra Madan,Female,54,Coimbatore,Tamil Nadu,South,2023-11-08
C04389,Gautami Peri,Male,32,Bhubaneswar,Odisha,East,2023-02-23
C04390,Niharika Oommen,Female,47,Coimbatore,Tamil Nadu,South,2023-06-04
C04391,Hiral Lal,Female,68,Mumbai,Maharashtra,West,2025-10-04
C04392,Vrinda Manda,Female,27,Mumbai,Maharashtra,West,2024-06-15
C04393,Fiyaz Sengupta,Female,66,Noida,Uttar Pradesh,North,2025-06-03
C04394,Eiravati Upadhyay,Male,35,Jaipur,Rajasthan,North,2022-04-27
C04395,Arin Dave,Male,29,Jaipur,Rajasthan,North,2022-04-25
C04396,Xavier Borde,Female,70,Ranchi,Jharkhand,East,2025-02-12
C04397,Kashvi Bhattacharyya,Male,35,Pune,Maharashtra,West,2022-03-01
C04398,Warjas Chahal,Male,52,Jaipur,Rajasthan,North,2022-04-06
C04399,Aditya Arya,Male,23,Chennai,Tamil Nadu,South,2025-04-05
C04400,Ekavir Dugal,Male,36,Pune,Maharashtra,West,2022-12-01
C04401,Ganga Cherian,Female,70,Kochi,Kerala,South,2022-04-30
C04402,Daksh Dewan,Female,64,Guwahati,Assam,East,2023-06-15
C04403,Finn Grewal,Female,38,Delhi,Delhi,North,2024-09-02
C04404,Gavin Aggarwal,Male,34,Guwahati,Assam,East,2022-08-05
C04405,Viraj Kade,Male,52,Kochi,Kerala,South,2025-08-03
C04406,Fariq Ram,Female,58,Guwahati,Assam,East,2022-11-12
C04407,Reyansh Soni,Male,27,Hyderabad,Telangana,South,2022-05-12
C04408,Warhi Grewal,Female,42,Mumbai,Maharashtra,West,2025-04-12
C04409,Bhavna Bhat,Female,50,Nagpur,Maharashtra,West,2023-08-01
C04410,Qasim Tripathi,Female,33,Jaipur,Rajasthan,North,2023-05-22
C04411,Fariq Goda,Male,68,Chandigarh,Chandigarh,North,2025-03-20
C04412,Adya Dhawan,Male,21,Coimbatore,Tamil Nadu,South,2022-06-23
C04413,Jatin Borra,Male,33,Bengaluru,Karnataka,South,2024-11-17
C04414,Rachit Nagy,Male,60,Noida,Uttar Pradesh,North,2024-05-01
C04415,Nicholas Rana,Male,70,Kolkata,West Bengal,East,2024-07-19
C04416,Nitara Toor,Male,56,Mumbai,Maharashtra,West,2025-07-12
C04417,Tejas Sandhu,Female,62,Chennai,Tamil Nadu,South,2025-04-18
C04418,Hemani Khosla,Male,49,Nagpur,Maharashtra,West,2023-10-14
C04419,Zayan Manda,Female,42,Coimbatore,Tamil Nadu,South,2022-10-19
C04420,Dhruv Bhatia,Female,29,Jaipur,Rajasthan,North,2023-03-28
C04421,Wakeeta Padmanabhan,Male,27,Kochi,Kerala,South,2023-08-16
C04422,Qushi Buch,Female,61,Coimbatore,Tamil Nadu,South,2024-02-11
C04423,Advik Chakrabarti,Female,30,Noida,Uttar Pradesh,North,2025-08-16
C04424,Janaki Bhatti,Male,30,Kolkata,West Bengal,East,2025-11-18
C04425,Eiravati Seshadri,Female,19,Patna,Bihar,East,2023-09-11
C04426,Varsha Prabhakar,Female,18,Nagpur,Maharashtra,West,2024-10-19
C04427,Charita Suresh,Male,41,Chennai,Tamil Nadu,South,2022-12-07
C04428,Ranveer Kari,Female,22,Chandigarh,Chandigarh,North,2024-11-05
C04429,Brijesh Pandit,Female,49,Lucknow,Uttar Pradesh,North,2023-01-24
C04430,Udyati Shenoy,Female,58,Coimbatore,Tamil Nadu,South,2024-03-24
C04431,Neha Sheth,Female,44,Jaipur,Rajasthan,North,2025-05-09
C04432,Sneha Dua,Female,48,Coimbatore,Tamil Nadu,South,2024-07-15
C04433,Lekha Saini,Female,54,Pune,Maharashtra,West,2022-11-24
C04434,Liam Nadig,Female,40,Bengaluru,Karnataka,South,2022-06-14
C04435,Manthan Ratta,Male,19,Pune,Maharashtra,West,2025-05-23
C04436,Akshay Saraf,Male,55,Noida,Uttar Pradesh,North,2022-11-19
C04437,Matthew Gour,Female,31,Chennai,Tamil Nadu,South,2023-10-23
C04438,Girish Babu,Female,66,Hyderabad,Telangana,South,2023-10-13
C04439,Urmi Doctor,Male,45,Noida,Uttar Pradesh,North,2024-04-03
C04440,Geetika Hora,Female,29,Coimbatore,Tamil Nadu,South,2025-08-15
C04441,Widisha Ramanathan,Male,20,Patna,Bihar,East,2025-09-22
C04442,Chavvi Mall,Female,57,Mumbai,Maharashtra,West,2023-11-18
C04443,Ranveer Sur,Male,30,Nagpur,Maharashtra,West,2023-11-27
C04444,Rachita Saran,Male,20,Chennai,Tamil Nadu,South,2023-04-02
C04445,Vinaya Bhasin,Male,22,Hyderabad,Telangana,South,2023-04-05
C04446,Hitesh Bhavsar,Male,24,Delhi,Delhi,North,2022-12-29
C04447,Vansha Mann,Female,65,Bhubaneswar,Odisha,East,2022-06-06
C04448,Wahab Venkataraman,Female,52,Chennai,Tamil Nadu,South,2025-12-27
C04449,Tarak Saha,Female,52,Bengaluru,Karnataka,South,2025-01-17
C04450,Agastya Morar,Male,24,Surat,Gujarat,West,2023-09-03
C04451,Hamsini Mukhopadhyay,Female,34,Delhi,Delhi,North,2024-12-23
C04452,Jairaj Dayal,Female,37,Mumbai,Maharashtra,West,2024-03-08
C04453,Harita Prakash,Female,29,Delhi,Delhi,North,2022-03-29
C04454,Kala Solanki,Female,58,Nagpur,Maharashtra,West,2024-10-16
C04455,Andrew Sekhon,Female,67,Pune,Maharashtra,West,2023-10-05
C04456,Omisha Koshy,Female,36,Chandigarh,Chandigarh,North,2025-07-30
C04457,Eta Kaur,Male,56,Guwahati,Assam,East,2023-09-29
C04458,Vamakshi Mand,Female,60,Pune,Maharashtra,West,2023-03-22
C04459,Garima Hayer,Female,69,Hyderabad,Telangana,South,2022-10-16
C04460,Ekanta Karnik,Male,19,Chennai,Tamil Nadu,South,2023-01-31
C04461,Zaid Suresh,Female,28,Mumbai,Maharashtra,West,2022-04-04
C04462,Anirudh Munshi,Male,36,Noida,Uttar Pradesh,North,2023-03-21
C04463,Leena Divan,Male,23,Noida,Uttar Pradesh,North,2025-03-09
C04464,Finn Wadhwa,Male,70,Nagpur,Maharashtra,West,2024-07-03
C04465,Turvi Lata,Female,54,Noida,Uttar Pradesh,North,2025-06-02
C04466,Shivani Ramachandran,Male,50,Delhi,Delhi,North,2025-08-27
C04467,Anya Dhar,Male,21,Delhi,Delhi,North,2025-01-30
C04468,Daniel Som,Female,19,Bengaluru,Karnataka,South,2024-05-14
C04469,Udant Aggarwal,Male,21,Jaipur,Rajasthan,North,2025-12-17
C04470,Ishani Subramanian,Female,30,Coimbatore,Tamil Nadu,South,2022-11-27
C04471,Anjali Nagarajan,Male,38,Pune,Maharashtra,West,2022-07-17
C04472,Dipta Yadav,Female,33,Lucknow,Uttar Pradesh,North,2023-01-03
C04473,Raghav Dara,Male,40,Bhubaneswar,Odisha,East,2025-01-31
C04474,Darsh Hayer,Male,60,Pune,Maharashtra,West,2024-05-05
C04475,Yuvraj Puri,Male,46,Noida,Uttar Pradesh,North,2022-05-08
C04476,Advay Misra,Female,66,Surat,Gujarat,West,2022-12-02
C04477,Samarth Dhawan,Male,53,Pune,Maharashtra,West,2023-04-11
C04478,Aryan Balakrishnan,Female,61,Bhubaneswar,Odisha,East,2024-10-24
C04479,Farhan Pillay,Female,44,Jaipur,Rajasthan,North,2023-03-16
C04480,Manbir Sekhon,Female,58,Kolkata,West Bengal,East,2024-11-01
C04481,Naksh Sawhney,Male,43,Hyderabad,Telangana,South,2024-04-04
C04482,Hritik Mahal,Female,67,Pune,Maharashtra,West,2024-06-07
C04483,Anya Hora,Male,60,Chennai,Tamil Nadu,South,2023-01-24
C04484,Bhavani Gaba,Male,63,Pune,Maharashtra,West,2023-02-16
C04485,Ekantika Badal,Male,40,Delhi,Delhi,North,2025-10-10
C04486,Charles Narain,Male,51,Guwahati,Assam,East,2025-05-13
C04487,Jyoti Dhar,Female,49,Mumbai,Maharashtra,West,2024-04-11
C04488,Keya Bal,Female,70,Mumbai,Maharashtra,West,2024-05-15
C04489,Ekiya Randhawa,Male,59,Delhi,Delhi,North,2025-07-24
C04490,Eta Banerjee,Male,47,Jaipur,Rajasthan,North,2022-06-03
C04491,Ekiya Baral,Female,50,Chandigarh,Chandigarh,North,2022-08-28
C04492,Kevin Taneja,Female,55,Lucknow,Uttar Pradesh,North,2025-04-30
C04493,Ekansh Dey,Female,40,Bhubaneswar,Odisha,East,2025-01-13
C04494,Harsh Virk,Male,63,Jaipur,Rajasthan,North,2025-10-15
C04495,Wahab Chanda,Female,42,Bhubaneswar,Odisha,East,2025-12-07
C04496,Ishanvi Nigam,Female,66,Surat,Gujarat,West,2024-12-29
C04497,Nitara Oza,Male,26,Kochi,Kerala,South,2025-03-23
C04498,Waida Rattan,Male,39,Pune,Maharashtra,West,2023-09-23
C04499,Omaja Randhawa,Female,58,Nagpur,Maharashtra,West,2023-07-13
C04500,Gaurav Johal,Male,55,Chandigarh,Chandigarh,North,2023-09-03
C04501,Nathan D’Alia,Female,58,Kolkata,West Bengal,East,2024-06-30
C04502,Utkarsh Khatri,Female,55,Nagpur,Maharashtra,West,2024-04-23
C04503,Arjun Ben,Female,54,Patna,Bihar,East,2022-05-09
C04504,Varenya Basak,Male,53,Chandigarh,Chandigarh,North,2022-02-14
C04505,Theodore Kaul,Female,34,Chandigarh,Chandigarh,North,2023-09-21
C04506,Laksh Tella,Female,43,Nagpur,Maharashtra,West,2025-03-15
C04507,Ekantika Ram,Female,25,Hyderabad,Telangana,South,2023-02-01
C04508,Anirudh Uppal,Female,51,Pune,Maharashtra,West,2023-08-15
C04509,Waida Bajwa,Female,64,Patna,Bihar,East,2023-02-27
C04510,Ekansh Baria,Female,36,Noida,Uttar Pradesh,North,2022-08-07
C04511,Balendra Joshi,Female,36,Noida,Uttar Pradesh,North,2022-02-27
C04512,Vyanjana Amble,Female,18,Nagpur,Maharashtra,West,2022-12-08
C04513,Faris Pillai,Male,28,Pune,Maharashtra,West,2022-08-31
C04514,Mekhala Kala,Female,43,Surat,Gujarat,West,2022-03-22
C04515,Abhimanyu Manda,Male,52,Hyderabad,Telangana,South,2022-05-06
C04516,Kavya Vaidya,Female,51,Hyderabad,Telangana,South,2023-06-02
C04517,Nathaniel Jaggi,Male,60,Coimbatore,Tamil Nadu,South,2022-01-02
C04518,Gaurika Hayre,Female,60,Lucknow,Uttar Pradesh,North,2024-09-15
C04519,Abha Ramaswamy,Female,34,Noida,Uttar Pradesh,North,2023-05-01
C04520,Bhavika Seth,Female,44,Kolkata,West Bengal,East,2025-02-07
C04521,Sanaya Vala,Male,46,Bhubaneswar,Odisha,East,2022-01-30
C04522,Samarth Goyal,Male,31,Delhi,Delhi,North,2022-04-07
C04523,Benjamin Ram,Female,24,Kochi,Kerala,South,2024-03-10
C04524,Samesh Iyengar,Male,19,Noida,Uttar Pradesh,North,2023-12-30
C04525,Tanish Mitter,Female,24,Patna,Bihar,East,2024-03-04
C04526,Ubika Bhagat,Female,52,Nagpur,Maharashtra,West,2023-01-28
C04527,Zayyan Kalla,Female,54,Lucknow,Uttar Pradesh,North,2024-06-03
C04528,Dayita Arora,Male,51,Bengaluru,Karnataka,South,2022-02-09
C04529,Pratyush Nath,Male,19,Surat,Gujarat,West,2025-08-09
C04530,Xalak Rama,Female,62,Coimbatore,Tamil Nadu,South,2024-05-25
C04531,Tanvi Raman,Female,37,Coimbatore,Tamil Nadu,South,2023-07-10
C04532,Vyanjana Srinivasan,Male,43,Patna,Bihar,East,2022-09-27
C04533,Yuvraj Brahmbhatt,Female,70,Ahmedabad,Gujarat,West,2024-05-14
C04534,Aadi Balasubramanian,Male,42,Bhubaneswar,Odisha,East,2023-09-09
C04535,Advay Mahal,Female,40,Coimbatore,Tamil Nadu,South,2022-08-28
C04536,Chavvi Saxena,Male,38,Chandigarh,Chandigarh,North,2024-09-05
C04537,Nathaniel Chatterjee,Male,25,Bhubaneswar,Odisha,East,2023-01-13
C04538,Jhalak Kale,Male,58,Lucknow,Uttar Pradesh,North,2023-04-29
C04539,Pallavi Pradhan,Male,34,Lucknow,Uttar Pradesh,North,2024-06-19
C04540,Ati Sahni,Female,52,Surat,Gujarat,West,2024-03-07
C04541,Chameli Banerjee,Male,56,Kochi,Kerala,South,2024-02-02
C04542,Chasmum Dhar,Male,52,Pune,Maharashtra,West,2022-07-17
C04543,Tanmayi Jayaraman,Male,26,Chennai,Tamil Nadu,South,2024-09-28
C04544,Azaan Soni,Male,28,Kochi,Kerala,South,2023-03-23
C04545,Akshay Chowdhury,Male,65,Noida,Uttar Pradesh,North,2022-04-26
C04546,Wahab Shah,Male,23,Coimbatore,Tamil Nadu,South,2025-09-10
C04547,Anamika Bajaj,Male,67,Kolkata,West Bengal,East,2024-08-25
C04548,Dev Dua,Male,45,Chandigarh,Chandigarh,North,2024-10-10
C04549,Dhruv Rao,Male,57,Noida,Uttar Pradesh,North,2025-08-08
C04550,Ayushman Barad,Female,53,Ahmedabad,Gujarat,West,2025-12-29
C04551,Rachana Shroff,Female,28,Pune,Maharashtra,West,2025-04-11
C04552,Parth Arya,Female,24,Lucknow,Uttar Pradesh,North,2022-10-14
C04553,Dev Mand,Female,41,Nagpur,Maharashtra,West,2023-11-03
C04554,Varenya Jain,Male,39,Chandigarh,Chandigarh,North,2022-05-17
C04555,Arjun Magar,Male,41,Ranchi,Jharkhand,East,2025-07-28
C04556,Wahab Sem,Female,47,Mumbai,Maharashtra,West,2023-06-14
C04557,Chaitanya Saran,Female,58,Surat,Gujarat,West,2023-04-17
C04558,Vincent Batta,Female,51,Coimbatore,Tamil Nadu,South,2023-09-02
C04559,Januja Chakrabarti,Female,25,Lucknow,Uttar Pradesh,North,2022-08-18
C04560,Tanmayi Sodhi,Female,30,Ahmedabad,Gujarat,West,2025-12-09
C04561,Kashvi Prabhu,Male,39,Hyderabad,Telangana,South,2023-02-21
C04562,Ekani Palan,Male,32,Hyderabad,Telangana,South,2024-12-30
C04563,Owen Ratti,Female,23,Hyderabad,Telangana,South,2023-03-22
C04564,Unni Palan,Male,33,Kolkata,West Bengal,East,2025-11-10
C04565,Manbir Talwar,Male,45,Ranchi,Jharkhand,East,2025-05-15
C04566,Jagvi Sankaran,Male,69,Ranchi,Jharkhand,East,2024-08-29
C04567,Zehaan Devan,Male,48,Kolkata,West Bengal,East,2023-12-24
C04568,Jagrati Shukla,Female,70,Pune,Maharashtra,West,2022-01-20
C04569,Nitesh Basak,Male,38,Pune,Maharashtra,West,2023-10-10
C04570,Yashawini Dhillon,Female,44,Bengaluru,Karnataka,South,2025-11-17
C04571,Nathaniel Dewan,Male,48,Pune,Maharashtra,West,2023-11-02
C04572,Meghana Bumb,Male,50,Noida,Uttar Pradesh,North,2022-04-13
C04573,Isaac Thaker,Female,61,Mumbai,Maharashtra,West,2023-12-31
C04574,Zinal Chawla,Female,49,Ahmedabad,Gujarat,West,2023-07-26
C04575,Aachal Gala,Female,28,Bengaluru,Karnataka,South,2024-06-25
C04576,Gaurika Suresh,Male,37,Chandigarh,Chandigarh,North,2025-04-20
C04577,Eshana Prakash,Female,42,Bengaluru,Karnataka,South,2022-10-07
C04578,Maya Kanda,Female,21,Chandigarh,Chandigarh,North,2023-06-21
C04579,Nikita Cherian,Male,62,Noida,Uttar Pradesh,North,2025-04-14
C04580,Sudiksha Dugal,Female,48,Chennai,Tamil Nadu,South,2024-12-26
C04581,Aadi Thaman,Male,61,Chennai,Tamil Nadu,South,2024-12-24
C04582,Warhi Dhawan,Male,52,Jaipur,Rajasthan,North,2022-07-14
C04583,Damini Khurana,Female,28,Noida,Uttar Pradesh,North,2023-08-18
C04584,Chavvi Kadakia,Female,57,Chandigarh,Chandigarh,North,2023-07-22
C04585,Rayaan Bajwa,Female,46,Noida,Uttar Pradesh,North,2024-07-26
C04586,Azaan Merchant,Female,58,Kochi,Kerala,South,2024-10-01
C04587,Sarthak Grewal,Male,51,Lucknow,Uttar Pradesh,North,2024-11-30
C04588,Ekalinga Kulkarni,Male,27,Noida,Uttar Pradesh,North,2022-04-16
C04589,Jagat Sami,Male,70,Hyderabad,Telangana,South,2024-08-05
C04590,Neha Anne,Male,58,Hyderabad,Telangana,South,2025-01-11
C04591,Hemal Rama,Female,18,Chandigarh,Chandigarh,North,2022-06-17
C04592,Sathvik Modi,Female,34,Ranchi,Jharkhand,East,2024-12-19
C04593,Vanya Barman,Male,45,Kolkata,West Bengal,East,2023-06-29
C04594,Azad Tata,Female,51,Pune,Maharashtra,West,2024-12-07
C04595,Indali Balasubramanian,Male,31,Coimbatore,Tamil Nadu,South,2023-03-22
C04596,Urvashi Rajagopal,Male,67,Ahmedabad,Gujarat,West,2024-06-08
C04597,Pahal Panchal,Female,52,Coimbatore,Tamil Nadu,South,2025-06-02
C04598,Avi Rai,Male,70,Kochi,Kerala,South,2025-03-26
C04599,Vinaya Chadha,Male,24,Hyderabad,Telangana,South,2025-09-06
C04600,Zayyan Chanda,Female,38,Nagpur,Maharashtra,West,2022-04-07
C04601,Yatan Chandra,Male,32,Bengaluru,Karnataka,South,2024-05-16
C04602,Ladli Nazareth,Female,65,Patna,Bihar,East,2022-07-03
C04603,Upasna Banerjee,Male,67,Mumbai,Maharashtra,West,2024-08-09
C04604,Dayita Seth,Male,61,Patna,Bihar,East,2023-02-04
C04605,Nirja Chandran,Male,68,Mumbai,Maharashtra,West,2022-09-07
C04606,Kabir Bala,Male,54,Delhi,Delhi,North,2023-05-25
C04607,Ekapad Thakkar,Female,40,Patna,Bihar,East,2022-10-03
C04608,Ubika Maharaj,Male,62,Bengaluru,Karnataka,South,2022-03-28
C04609,Chanakya Kulkarni,Male,20,Nagpur,Maharashtra,West,2022-07-26
C04610,Zansi Swaminathan,Female,31,Chennai,Tamil Nadu,South,2022-10-05
C04611,Siya Memon,Male,39,Jaipur,Rajasthan,North,2024-03-31
C04612,Balveer Mannan,Male,42,Ranchi,Jharkhand,East,2024-10-13
C04613,Pooja Choudhary,Male,31,Jaipur,Rajasthan,North,2024-06-19
C04614,Faraj Issac,Female,54,Noida,Uttar Pradesh,North,2025-05-12
C04615,Vedika Krish,Male,63,Kochi,Kerala,South,2023-05-11
C04616,Lila Goda,Female,66,Kochi,Kerala,South,2025-01-20
C04617,Caleb Mittal,Female,58,Guwahati,Assam,East,2022-07-05
C04618,Udant Oak,Male,23,Guwahati,Assam,East,2025-09-25
C04619,Veer Saxena,Male,55,Chandigarh,Chandigarh,North,2024-02-09
C04620,Harrison Gala,Female,68,Pune,Maharashtra,West,2024-01-02
C04621,Kevin Bajwa,Female,33,Kolkata,West Bengal,East,2024-02-17
C04622,Watika Peri,Male,50,Nagpur,Maharashtra,West,2022-03-29
C04623,Ansh Vohra,Male,47,Guwahati,Assam,East,2024-09-22
C04624,Hitesh Sahota,Female,67,Coimbatore,Tamil Nadu,South,2025-01-20
C04625,Bahadurjit Mallick,Female,33,Chandigarh,Chandigarh,North,2022-01-10
C04626,Pahal Bhavsar,Female,69,Hyderabad,Telangana,South,2022-06-18
C04627,Gagan Lall,Female,22,Chennai,Tamil Nadu,South,2025-12-14
C04628,Vaishnavi Rattan,Female,38,Chennai,Tamil Nadu,South,2025-06-30
C04629,Laksh Dara,Female,44,Jaipur,Rajasthan,North,2023-11-17
C04630,Neel Chadha,Male,20,Kolkata,West Bengal,East,2024-02-04
C04631,Ronith Sehgal,Male,26,Unknown,Telangana,South,2025-01-24
C04632,Adya Sridhar,Female,27,Pune,Maharashtra,West,2022-01-17
C04633,Qasim Sachdev,Male,50,Pune,Maharashtra,West,2024-05-14
C04634,Balveer Kata,Female,61,Patna,Bihar,East,2025-07-21
C04635,Manan Mital,Male,55,Chennai,Tamil Nadu,South,2024-12-19
C04636,Mahika Apte,Female,54,Pune,Maharashtra,West,2022-02-14
C04637,Darpan Uppal,Female,34,Chandigarh,Chandigarh,North,2024-10-11
C04638,Isaiah Vohra,Male,54,Noida,Uttar Pradesh,North,2025-07-07
C04639,Aditya Mitter,Female,57,Hyderabad,Telangana,South,2025-01-03
C04640,Ekaja Kohli,Female,25,Ahmedabad,Gujarat,West,2023-10-18
C04641,Tanay Gulati,Female,26,Bhubaneswar,Odisha,East,2023-11-05
C04642,Vanya Srinivas,Female,30,Kolkata,West Bengal,East,2024-07-17
C04643,Hardik Gera,Male,68,Bengaluru,Karnataka,South,2025-02-06
C04644,Ekavir Dhingra,Male,30,Bengaluru,Karnataka,South,2023-07-09
C04645,Yashvi Dhillon,Male,50,Pune,Maharashtra,West,2025-04-24
C04646,Vanya Varghese,Female,59,Nagpur,Maharashtra,West,2024-08-20
C04647,Nitesh Koshy,Male,31,Noida,Uttar Pradesh,North,2023-04-01
C04648,Janaki Kar,Male,34,Surat,Gujarat,West,2024-07-09
C04649,Niharika Bhasin,Male,57,Chennai,Tamil Nadu,South,2025-05-24
C04650,Brijesh Nagi,Female,19,Patna,Bihar,East,2023-01-31
C04651,Ayaan Hans,Male,40,Coimbatore,Tamil Nadu,South,2024-03-21
C04652,Mahika Sengupta,Female,22,Coimbatore,Tamil Nadu,South,2022-03-22
C04653,Joshua Srinivas,Male,57,Jaipur,Rajasthan,North,2023-04-22
C04654,Nakul Khurana,Female,26,Kochi,Kerala,South,2024-07-11
C04655,Widisha Borde,Male,21,Kochi,Kerala,South,2022-05-16
C04656,Azaan Sahni,Female,24,Chandigarh,Chandigarh,North,2025-11-13
C04657,Frado Dhingra,Female,67,Pune,Maharashtra,West,2023-07-09
C04658,Kala Mall,Male,21,Hyderabad,Telangana,South,2025-08-10
C04659,Avni Shetty,Male,58,Noida,Uttar Pradesh,North,2023-09-26
C04660,Chavvi Wason,Female,19,Bhubaneswar,Odisha,East,2023-07-22
C04661,Darika Singhal,Male,65,Noida,Uttar Pradesh,North,2024-08-30
C04662,Libni Devan,Female,31,Ahmedabad,Gujarat,West,2025-03-22
C04663,Geetika Chand,Female,37,Kochi,Kerala,South,2022-06-10
C04664,Hema Walia,Male,34,Jaipur,Rajasthan,North,2023-08-17
C04665,Zayan Loyal,Female,24,Bhubaneswar,Odisha,East,2022-12-20
C04666,Bhavya Varghese,Male,30,Hyderabad,Telangana,South,2022-04-16
C04667,Dhriti Naik,Male,62,Nagpur,Maharashtra,West,2024-06-02
C04668,Rayaan Pall,Male,27,Mumbai,Maharashtra,West,2024-08-30
C04669,Rehaan Nayak,Male,21,Surat,Gujarat,West,2025-11-23
C04670,Arya Lalla,Male,56,Bhubaneswar,Odisha,East,2022-03-13
C04671,Raghav Dewan,Female,64,Pune,Maharashtra,West,2024-03-11
C04672,Ranveer Pathak,Male,44,Hyderabad,Telangana,South,2024-01-09
C04673,Samarth Shere,Male,39,Ranchi,Jharkhand,East,2022-03-05
C04674,Jacob Manne,Male,21,Nagpur,Maharashtra,West,2023-10-04
C04675,Samesh Nazareth,Female,69,Coimbatore,Tamil Nadu,South,2022-10-07
C04676,Watika Prasad,Female,31,Mumbai,Maharashtra,West,2022-02-23
C04677,Manya Sule,Male,59,Delhi,Delhi,North,2023-01-24
C04678,Tripti Yogi,Male,31,Pune,Maharashtra,West,2022-07-11
C04679,Madhav Kumar,Male,65,Surat,Gujarat,West,2025-03-05
C04680,Zayyan Dash,Female,49,Mumbai,Maharashtra,West,2025-09-03
C04681,Maya Aggarwal,Female,38,Chennai,Tamil Nadu,South,2022-02-21
C04682,Ranbir Kumar,Male,49,Patna,Bihar,East,2024-04-14
C04683,Suhani Malhotra,Male,48,Coimbatore,Tamil Nadu,South,2025-01-25
C04684,Rushil Lata,Female,33,Guwahati,Assam,East,2023-06-10
C04685,Prisha Suri,Female,36,Pune,Maharashtra,West,2023-04-07
C04686,Vamakshi Sarkar,Female,27,Bhubaneswar,Odisha,East,2023-01-12
C04687,Dhriti Dar,Male,39,Bengaluru,Karnataka,South,2022-02-01
C04688,Pratyush Das,Male,27,Hyderabad,Telangana,South,2023-07-07
C04689,Chatura Barman,Female,37,Kolkata,West Bengal,East,2025-04-09
C04690,Arunima Chokshi,Male,42,Chandigarh,Chandigarh,North,2024-08-29
C04691,Joshua Char,Male,44,Jaipur,Rajasthan,North,2025-10-13
C04692,Samarth Baral,Male,32,Lucknow,Uttar Pradesh,North,2023-10-09
C04693,Advaith Choudhury,Male,59,Guwahati,Assam,East,2024-04-17
C04694,Aradhana Mane,Male,61,Ahmedabad,Gujarat,West,2025-02-15
C04695,Wridesh Kashyap,Female,55,Kochi,Kerala,South,2025-11-18
C04696,Amara Pandya,Male,26,Mumbai,Maharashtra,West,2024-02-22
C04697,Max Bajaj,Male,38,Hyderabad,Telangana,South,2025-09-28
C04698,Thomas Garg,Male,28,Ranchi,Jharkhand,East,2025-04-05
C04699,Samar Badal,Female,64,Noida,Uttar Pradesh,North,2024-04-08
C04700,Gavin Madan,Female,48,Noida,Uttar Pradesh,North,2024-04-27
C04701,Jeet Chandran,Female,26,Nagpur,Maharashtra,West,2025-10-13
C04702,Niharika Kant,Male,50,Bengaluru,Karnataka,South,2022-05-01
C04703,Tripti Gandhi,Female,19,Ahmedabad,Gujarat,West,2024-07-23
C04704,Thomas Mammen,Male,54,Pune,Maharashtra,West,2024-06-16
C04705,Aarush Khare,Female,57,Chennai,Tamil Nadu,South,2024-10-01
C04706,Radhika Raju,Female,37,Bhubaneswar,Odisha,East,2022-06-25
C04707,Tanay Kata,Male,43,Bengaluru,Karnataka,South,2025-03-15
C04708,Finn Rege,Female,32,Jaipur,Rajasthan,North,2023-02-09
C04709,Saanvi Doctor,Female,35,Kochi,Kerala,South,2024-11-10
C04710,Lajita Bajaj,Male,25,Mumbai,Maharashtra,West,2024-10-29
C04711,Samesh Swamy,Female,35,Hyderabad,Telangana,South,2024-04-20
C04712,Hema Nagy,Male,22,Pune,Maharashtra,West,2022-01-20
C04713,Xalak Tripathi,Male,18,Bhubaneswar,Odisha,East,2024-10-03
C04714,Riya Jha,Male,66,Ahmedabad,Gujarat,West,2022-01-04
C04715,Maanas Brahmbhatt,Male,53,Chennai,Tamil Nadu,South,2022-02-12
C04716,Om Raval,Female,47,Pune,Maharashtra,West,2023-08-21
C04717,Tejas Murthy,Male,18,Chennai,Tamil Nadu,South,2025-06-07
C04718,Nidhi Mahal,Male,25,Nagpur,Maharashtra,West,2025-03-09
C04719,Bina Kashyap,Male,55,Bengaluru,Karnataka,South,2022-01-06
C04720,Upasna Bajwa,Male,70,Kolkata,West Bengal,East,2024-02-27
C04721,Dhruv Sethi,Female,65,Bengaluru,Karnataka,South,2023-02-17
C04722,Lopa Pai,Female,65,Ranchi,Jharkhand,East,2025-03-28
C04723,Lakshmi Bahri,Male,52,Delhi,Delhi,North,2024-03-06
C04724,Rajata Sehgal,Male,53,Lucknow,Uttar Pradesh,North,2023-09-07
C04725,Gaurav Sarkar,Male,20,Ahmedabad,Gujarat,West,2024-03-06
C04726,Ijaya Karnik,Female,61,Hyderabad,Telangana,South,2025-04-22
C04727,Jeevika Lad,Male,64,Bengaluru,Karnataka,South,2022-09-01
C04728,Nakul Ganguly,Male,51,Guwahati,Assam,East,2022-06-18
C04729,Zansi Wali,Female,62,Patna,Bihar,East,2022-07-09
C04730,Balhaar Raj,Female,27,Hyderabad,Telangana,South,2022-10-17
C04731,Chanakya Karnik,Female,69,Bhubaneswar,Odisha,East,2025-07-26
C04732,Nathan Chanda,Female,31,Kolkata,West Bengal,East,2022-05-21
C04733,Zashil Buch,Female,44,Pune,Maharashtra,West,2023-07-23
C04734,Sneha Dixit,Female,36,Kochi,Kerala,South,2024-02-08
C04735,Lucky Sarin,Female,46,Lucknow,Uttar Pradesh,North,2024-04-08
C04736,Quincy Karnik,Male,53,Chennai,Tamil Nadu,South,2022-07-15
C04737,Devika Ganesan,Male,62,Chennai,Tamil Nadu,South,2022-10-13
C04738,Vincent Chanda,Male,50,Pune,Maharashtra,West,2025-08-29
C04739,Patrick Mani,Male,43,Ahmedabad,Gujarat,West,2022-01-03
C04740,Pallavi Ganesh,Male,49,Hyderabad,Telangana,South,2023-12-11
C04741,Anay Hayre,Female,32,Kochi,Kerala,South,2022-10-06
C04742,Ekalinga Chaudhuri,Male,44,Lucknow,Uttar Pradesh,North,2025-07-28
C04743,Praneel Walla,Female,19,Pune,Maharashtra,West,2023-12-07
C04744,Turvi Pillay,Male,67,Chennai,Tamil Nadu,South,2022-11-23
C04745,Michael Walla,Female,24,Pune,Maharashtra,West,2025-02-03
C04746,Yatan Anand,Male,68,Surat,Gujarat,West,2022-05-23
C04747,Onveer Magar,Male,36,Lucknow,Uttar Pradesh,North,2023-12-10
C04748,Xiti Thaman,Male,21,Chandigarh,Chandigarh,North,2022-08-23
C04749,Meera Deshmukh,Male,34,Pune,Maharashtra,West,2023-03-25
C04750,Chanakya Singh,Male,26,Mumbai,Maharashtra,West,2022-04-21
C04751,Kevin Khurana,Female,23,Nagpur,Maharashtra,West,2022-10-21
C04752,Arya Shere,Male,54,Coimbatore,Tamil Nadu,South,2023-02-15
C04753,Suhani Gill,Female,23,Chandigarh,Chandigarh,North,2022-05-21
C04754,Yuvraj Edwin,Female,18,Kochi,Kerala,South,2024-12-26
C04755,Ekalinga Purohit,Female,32,Surat,Gujarat,West,2024-06-10
C04756,Aadi Mani,Female,64,Patna,Bihar,East,2023-10-02
C04757,Vrishti Rana,Male,27,Kochi,Kerala,South,2025-09-03
C04758,Unnati Venkatesh,Female,42,Guwahati,Assam,East,2023-03-25
C04759,Nidhi Krishnamurthy,Male,39,Kolkata,West Bengal,East,2022-08-08
C04760,Ojas Thakur,Male,64,Kochi,Kerala,South,2024-10-19
C04761,Jonathan Bansal,Male,40,Pune,Maharashtra,West,2023-06-16
C04762,Ethan Pillai,Female,44,Surat,Gujarat,West,2022-06-20
C04763,Jack Sachar,Male,65,Pune,Maharashtra,West,2023-10-13
C04764,Keya Mistry,Male,43,Chandigarh,Chandigarh,North,2025-09-30
C04765,Arjun Murty,Female,44,Mumbai,Maharashtra,West,2024-11-09
C04766,Rushil Babu,Female,27,Chandigarh,Chandigarh,North,2023-12-21
C04767,Radhika Din,Female,44,Patna,Bihar,East,2022-06-06
C04768,Logan Mittal,Female,68,Guwahati,Assam,East,2024-11-11
C04769,Yash Dhar,Male,60,Chandigarh,Chandigarh,North,2024-08-14
C04770,Utkarsh Sarna,Male,41,Chennai,Tamil Nadu,South,2025-08-01
C04771,Vidhi Rastogi,Female,50,Bengaluru,Karnataka,South,2022-08-11
C04772,Udyati Prabhu,Male,33,Ahmedabad,Gujarat,West,2022-10-26
C04773,Ubika De,Female,21,Ahmedabad,Gujarat,West,2023-03-06
C04774,Charan Korpal,Male,25,Surat,Gujarat,West,2024-02-14
C04775,Harrison Merchant,Female,34,Kochi,Kerala,South,2025-07-28
C04776,Chatresh Palla,Female,34,Lucknow,Uttar Pradesh,North,2022-12-02
C04777,Libni Sant,Female,60,Pune,Maharashtra,West,2022-02-05
C04778,Chaitaly Pant,Male,67,Lucknow,Uttar Pradesh,North,2025-08-09
C04779,Banjeet Srinivas,Male,52,Hyderabad,Telangana,South,2024-10-06
C04780,Indira Narula,Female,33,Nagpur,Maharashtra,West,2022-10-28
C04781,Dayita Toor,Female,32,Bengaluru,Karnataka,South,2023-04-24
C04782,Advay Chaudhuri,Male,64,Nagpur,Maharashtra,West,2023-08-12
C04783,Anamika Bhasin,Female,52,Hyderabad,Telangana,South,2023-07-22
C04784,Yashodhara Kamdar,Female,67,Bengaluru,Karnataka,South,2024-04-09
C04785,Arjun Sen,Male,29,Chennai,Tamil Nadu,South,2022-07-26
C04786,Gaurika Sharma,Male,60,Kochi,Kerala,South,2023-09-29
C04787,Eta Mane,Male,19,Delhi,Delhi,North,2023-01-17
C04788,Charan Varughese,Female,57,Bengaluru,Karnataka,South,2022-04-15
C04789,Raksha Sura,Male,70,Noida,Uttar Pradesh,North,2024-05-18
C04790,Yoshita Bansal,Male,63,Guwahati,Assam,East,2022-10-19
C04791,Mitesh Purohit,Male,21,Noida,Uttar Pradesh,North,2024-02-28
C04792,Ria Loke,Male,24,Chennai,Tamil Nadu,South,2025-12-02
C04793,Lucky Hegde,Male,23,Noida,Uttar Pradesh,North,2025-04-27
C04794,Leena Majumdar,Male,31,Kochi,Kerala,South,2022-03-08
C04795,Thomas Barman,Male,24,Bengaluru,Karnataka,South,2022-08-28
C04796,Chavvi Arora,Female,66,Chandigarh,Chandigarh,North,2022-07-22
C04797,Robert Sahota,Male,58,Chandigarh,Chandigarh,North,2022-04-04
C04798,Omisha Doshi,Male,64,Jaipur,Rajasthan,North,2023-12-28
C04799,Aadhya Kade,Female,58,Mumbai,Maharashtra,West,2025-04-06
C04800,Dominic Gade,Female,18,Nagpur,Maharashtra,West,2023-11-05
C04801,Alka Subramanian,Female,39,Delhi,Delhi,North,2023-02-26
C04802,Theodore Sidhu,Male,19,Hyderabad,Telangana,South,2022-12-06
C04803,Wakeeta Comar,Female,51,Pune,Maharashtra,West,2025-02-17
C04804,Tripti Oommen,Female,56,Chandigarh,Chandigarh,North,2022-10-09
C04805,Upasna Kuruvilla,Male,44,Jaipur,Rajasthan,North,2024-08-16
C04806,Eta Vyas,Male,67,Chennai,Tamil Nadu,South,2025-02-05
C04807,Zinal Mallick,Male,61,Jaipur,Rajasthan,North,2022-09-23
C04808,Upkaar Bains,Female,34,Noida,Uttar Pradesh,North,2025-07-21
C04809,Vasudha Magar,Male,49,Mumbai,Maharashtra,West,2025-01-01
C04810,Yashodhara Mital,Female,44,Pune,Maharashtra,West,2022-03-24
C04811,Nidhi Behl,Male,69,Mumbai,Maharashtra,West,2022-01-15
C04812,Aarini Chhabra,Female,68,Chennai,Tamil Nadu,South,2025-10-11
C04813,Udant Kanda,Male,28,Nagpur,Maharashtra,West,2022-03-06
C04814,Ucchal Dua,Male,31,Lucknow,Uttar Pradesh,North,2023-02-02
C04815,Yashasvi Patil,Male,43,Bhubaneswar,Odisha,East,2022-11-29
C04816,Mugdha Saini,Female,53,Chandigarh,Chandigarh,North,2025-05-18
C04817,Chandani Bumb,Female,60,Surat,Gujarat,West,2023-06-16
C04818,Nicholas Srivastava,Female,22,Surat,Gujarat,West,2024-06-25
C04819,Dipta Bhandari,Female,62,Mumbai,Maharashtra,West,2023-05-19
C04820,Nidra Sankaran,Female,21,Jaipur,Rajasthan,North,2022-07-03
C04821,Oeshi Solanki,Male,42,Chandigarh,Chandigarh,North,2023-09-03
C04822,Gauri Prabhakar,Male,30,Bengaluru,Karnataka,South,2022-01-20
C04823,Darika Keer,Male,36,Nagpur,Maharashtra,West,2023-06-13
C04824,Vyanjana Randhawa,Male,54,Kolkata,West Bengal,East,2025-06-23
C04825,Nidra Sani,Male,32,Hyderabad,Telangana,South,2023-08-23
C04826,Bhavini Kohli,Female,56,Kochi,Kerala,South,2022-08-08
C04827,Gayathri Dutta,Female,32,Delhi,Delhi,North,2022-02-01
C04828,Krisha Butala,Male,42,Chennai,Tamil Nadu,South,2024-01-25
C04829,Fitan Butala,Female,62,Ahmedabad,Gujarat,West,2025-01-31
C04830,Mason Zachariah,Female,32,Coimbatore,Tamil Nadu,South,2023-04-19
C04831,Waida Chanda,Male,38,Mumbai,Maharashtra,West,2022-07-11
C04832,Charan Agate,Female,44,Chennai,Tamil Nadu,South,2023-07-20
C04833,Peter Bali,Female,25,Coimbatore,Tamil Nadu,South,2024-10-01
C04834,Bishakha Peri,Female,38,Pune,Maharashtra,West,2025-02-04
C04835,Gagan Baria,Male,46,Delhi,Delhi,North,2022-10-08
C04836,Dayita Narayanan,Male,32,Patna,Bihar,East,2022-07-21
C04837,Balvan Butala,Male,39,Noida,Uttar Pradesh,North,2024-10-16
C04838,Aadi Handa,Male,66,Pune,Maharashtra,West,2024-02-10
C04839,Mahika Swaminathan,Male,32,Noida,Uttar Pradesh,North,2024-08-03
C04840,Amara Manne,Female,68,Delhi,Delhi,North,2022-11-11
C04841,Bhavani Devi,Female,67,Kochi,Kerala,South,2023-07-28
C04842,Turvi Lad,Female,22,Pune,Maharashtra,West,2022-03-17
C04843,Yutika Char,Male,21,Mumbai,Maharashtra,West,2024-08-01
C04844,Udarsh Mander,Female,42,Guwahati,Assam,East,2022-09-08
C04845,Maya Nigam,Male,48,Chandigarh,Chandigarh,North,2024-12-24
C04846,Urvashi Sethi,Male,49,Delhi,Delhi,North,2023-03-20
C04847,Yashodhara Mohan,Male,67,Pune,Maharashtra,West,2024-12-21
C04848,Nandini Sahota,Male,37,Bengaluru,Karnataka,South,2023-08-31
C04849,Dayamai Narain,Female,60,Ahmedabad,Gujarat,West,2025-12-16
C04850,Wridesh Shenoy,Male,39,Chennai,Tamil Nadu,South,2022-11-28
C04851,Mohammed Bansal,Female,27,Bengaluru,Karnataka,South,2025-11-04
C04852,Daniel Dalal,Female,20,Bhubaneswar,Odisha,East,2025-02-10
C04853,Hritik Sen,Male,18,Surat,Gujarat,West,2023-05-29
C04854,Manthan Borah,Male,27,Surat,Gujarat,West,2025-10-31
C04855,Gaurangi Nagarajan,Male,39,Mumbai,Maharashtra,West,2025-12-17
C04856,Vasatika Saran,Female,44,Hyderabad,Telangana,South,2024-04-01
C04857,Jason Mittal,Male,31,Lucknow,Uttar Pradesh,North,2025-05-21
C04858,Urvashi Bandi,Female,56,Guwahati,Assam,East,2024-10-29
C04859,Naksh Raman,Female,55,Chennai,Tamil Nadu,South,2023-06-24
C04860,Hemani Bhatti,Female,67,Jaipur,Rajasthan,North,2022-04-28
C04861,Azad Krishnan,Male,40,Pune,Maharashtra,West,2023-06-16
C04862,Rachit Tank,Male,48,Noida,Uttar Pradesh,North,2025-05-21
C04863,Mitali Naik,Female,56,Bengaluru,Karnataka,South,2022-06-21
C04864,Kiaan Narain,Male,38,Guwahati,Assam,East,2023-06-12
C04865,Divya Gour,Female,21,Kochi,Kerala,South,2024-04-22
C04866,Nitesh Krishna,Female,49,Noida,Uttar Pradesh,North,2025-05-04
C04867,Girik Sur,Male,45,Lucknow,Uttar Pradesh,North,2023-06-06
C04868,Manbir Basak,Male,33,Ranchi,Jharkhand,East,2025-12-13
C04869,Wriddhish Varghese,Male,29,Ranchi,Jharkhand,East,2023-06-16
C04870,Arunima Jain,Female,64,Surat,Gujarat,West,2022-09-24
C04871,Omisha Barad,Male,29,Chennai,Tamil Nadu,South,2025-12-17
C04872,Jalsa Oza,Male,24,Bhubaneswar,Odisha,East,2024-09-14
C04873,Geetika Agate,Female,45,Chandigarh,Chandigarh,North,2024-01-30
C04874,Vasudha Thaker,Female,28,Chandigarh,Chandigarh,North,2022-08-07
C04875,Siddharth Divan,Female,25,Kochi,Kerala,South,2022-11-19
C04876,Yashasvi Mahal,Male,20,Hyderabad,Telangana,South,2024-04-07
C04877,Ronith Saran,Male,31,Mumbai,Maharashtra,West,2024-05-20
C04878,Suhani Mannan,Male,29,Jaipur,Rajasthan,North,2023-01-19
C04879,Chaitanya Mane,Male,24,Noida,Uttar Pradesh,North,2025-01-30
C04880,Andrew Reddy,Female,35,Patna,Bihar,East,2023-01-13
C04881,Urvi Sahni,Female,52,Mumbai,Maharashtra,West,2022-05-05
C04882,Vihaan Murty,Female,66,Chennai,Tamil Nadu,South,2024-07-11
C04883,Shivani Lanka,Female,30,Coimbatore,Tamil Nadu,South,2022-06-14
C04884,Balvan Karnik,Male,20,Mumbai,Maharashtra,West,2023-12-03
C04885,Megha Lanka,Male,44,Coimbatore,Tamil Nadu,South,2023-03-04
C04886,Veer Baria,Female,42,Bhubaneswar,Odisha,East,2023-06-04
C04887,Shivani Khare,Male,54,Mumbai,Maharashtra,West,2024-06-21
C04888,Aarnav Sani,Male,53,Bengaluru,Karnataka,South,2024-06-06
C04889,Faqid Mahal,Male,65,Coimbatore,Tamil Nadu,South,2025-02-26
C04890,Amol Thaker,Male,28,Ahmedabad,Gujarat,West,2023-06-17
C04891,Charan Taneja,Female,24,Ranchi,Jharkhand,East,2025-06-08
C04892,Bhavna D’Alia,Male,26,Jaipur,Rajasthan,North,2025-05-23
C04893,Lopa Narasimhan,Male,52,Pune,Maharashtra,West,2024-10-07
C04894,Sai Atwal,Male,70,Bhubaneswar,Odisha,East,2025-03-18
C04895,Fariq Narasimhan,Male,37,Ahmedabad,Gujarat,West,2025-08-28
C04896,Varsha Bail,Male,26,Ranchi,Jharkhand,East,2024-05-29
C04897,Kai Kuruvilla,Female,59,Guwahati,Assam,East,2024-07-15
C04898,Brinda Kurian,Male,53,Pune,Maharashtra,West,2024-07-18
C04899,Neel Sandhu,Female,34,Lucknow,Uttar Pradesh,North,2023-02-25
C04900,Nihal Pathak,Male,46,Noida,Uttar Pradesh,North,2024-02-05
C04901,Bhavya More,Female,37,Noida,Uttar Pradesh,North,2025-01-23
C04902,Faraj Dugal,Female,66,Chandigarh,Chandigarh,North,2024-10-11
C04903,Aarush Khatri,Male,52,Mumbai,Maharashtra,West,2022-12-14
C04904,Anamika Gola,Male,56,Chennai,Tamil Nadu,South,2025-03-03
C04905,Siya Nazareth,Female,67,Coimbatore,Tamil Nadu,South,2022-06-09
C04906,Xiti Warrior,Male,35,Patna,Bihar,East,2023-05-03
C04907,Yasti Das,Male,29,Hyderabad,Telangana,South,2022-03-12
C04908,Arunima Chacko,Male,31,Patna,Bihar,East,2023-01-30
C04909,George Pandit,Female,22,Coimbatore,Tamil Nadu,South,2023-05-17
C04910,Lipika Gulati,Female,40,Kochi,Kerala,South,2025-08-28
C04911,Andrew Chadha,Male,39,Kolkata,West Bengal,East,2022-08-21
C04912,Nicholas Dhingra,Female,55,Chennai,Tamil Nadu,South,2023-04-08
C04913,Naveen Vig,Female,62,Nagpur,Maharashtra,West,2025-02-21
C04914,Varenya Panchal,Male,30,Noida,Uttar Pradesh,North,2023-02-01
C04915,Harini Ramachandran,Female,28,Patna,Bihar,East,2023-05-20
C04916,Hemang Vala,Male,40,Jaipur,Rajasthan,North,2022-01-15
C04917,Simon Ganesh,Male,25,Nagpur,Maharashtra,West,2025-08-14
C04918,Veda Bhavsar,Male,28,Kochi,Kerala,South,2023-07-08
C04919,Warda Shankar,Female,66,Kolkata,West Bengal,East,2024-06-28
C04920,Ekanta Pillay,Male,21,Lucknow,Uttar Pradesh,North,2025-06-06
C04921,Benjamin Bansal,Female,30,Coimbatore,Tamil Nadu,South,2024-10-13
C04922,Raghav Aggarwal,Female,35,Bengaluru,Karnataka,South,2023-09-25
C04923,Anay Pradhan,Male,56,Chennai,Tamil Nadu,South,2024-02-26
C04924,Ojasvi Amble,Male,54,Lucknow,Uttar Pradesh,North,2025-08-05
C04925,Ubika Chada,Male,55,Bengaluru,Karnataka,South,2023-12-02
C04926,Gopal Verma,Male,62,Bengaluru,Karnataka,South,2024-07-03
C04927,Laban Solanki,Male,64,Bengaluru,Karnataka,South,2024-02-02
C04928,Harini Dar,Female,38,Surat,Gujarat,West,2023-07-16
C04929,Edhitha Korpal,Female,34,Hyderabad,Telangana,South,2025-07-13
C04930,Pavani Memon,Male,57,Pune,Maharashtra,West,2025-12-07
C04931,Hredhaan Bhakta,Male,18,Surat,Gujarat,West,2023-04-14
C04932,Laksh Kuruvilla,Female,38,Pune,Maharashtra,West,2025-09-13
C04933,Michael Mand,Male,28,Patna,Bihar,East,2022-05-06
C04934,Nisha Borde,Male,39,Delhi,Delhi,North,2023-12-26
C04935,Falan Tara,Female,31,Ahmedabad,Gujarat,West,2022-07-12
C04936,Charita Ray,Male,37,Jaipur,Rajasthan,North,2022-07-25
C04937,Atharv Mane,Female,49,Chennai,Tamil Nadu,South,2024-11-25
C04938,Qasim Chander,Male,34,Guwahati,Assam,East,2025-07-30
C04939,Harish Patil,Female,26,Pune,Maharashtra,West,2024-02-06
C04940,Girish Lalla,Male,63,Chennai,Tamil Nadu,South,2024-10-24
C04941,Eesha Dasgupta,Male,55,Lucknow,Uttar Pradesh,North,2025-12-05
C04942,Simon Brar,Female,49,Chennai,Tamil Nadu,South,2023-09-12
C04943,Chandran Malhotra,Female,54,Bengaluru,Karnataka,South,2025-07-22
C04944,Fariq Mishra,Male,55,Coimbatore,Tamil Nadu,South,2023-04-26
C04945,Harish Raval,Female,24,Noida,Uttar Pradesh,North,2024-05-30
C04946,Devika Salvi,Male,39,Nagpur,Maharashtra,West,2022-04-28
C04947,Gauri Luthra,Female,45,Nagpur,Maharashtra,West,2025-09-24
C04948,Laksh Biswas,Female,65,Hyderabad,Telangana,South,2023-11-15
C04949,Aayush Chhabra,Male,67,Pune,Maharashtra,West,2025-01-13
C04950,Brijesh Singh,Female,26,Surat,Gujarat,West,2025-12-26
C04951,Nidra Chhabra,Female,43,Pune,Maharashtra,West,2022-02-06
C04952,Nathan Kota,Female,37,Nagpur,Maharashtra,West,2022-12-11
C04953,Gaurika Ganguly,Male,68,Patna,Bihar,East,2024-02-04
C04954,Hemang Badal,Male,29,Jaipur,Rajasthan,North,2025-02-11
C04955,Tejas Date,Male,52,Kochi,Kerala,South,2022-01-18
C04956,Yashodhara Khare,Female,46,Bengaluru,Karnataka,South,2022-12-11
C04957,Abdul Virk,Female,29,Bengaluru,Karnataka,South,2023-01-22
C04958,Raghav Tailor,Male,33,Delhi,Delhi,North,2022-12-14
C04959,Daniel Sani,Male,56,Kolkata,West Bengal,East,2023-08-12
C04960,Lipika Hans,Female,43,Chennai,Tamil Nadu,South,2025-05-25
C04961,Hemangini Deshpande,Male,44,Bengaluru,Karnataka,South,2022-03-23
C04962,Nisha Mani,Male,55,Ahmedabad,Gujarat,West,2023-12-03
C04963,Zaid Dash,Male,48,Pune,Maharashtra,West,2023-01-15
C04964,Aadhya Tank,Male,57,Kolkata,West Bengal,East,2022-02-08
C04965,Ishwar Ravi,Male,33,Chennai,Tamil Nadu,South,2025-03-23
C04966,Zehaan Dave,Male,26,Pune,Maharashtra,West,2025-01-08
C04967,Jagdish Kothari,Male,55,Bengaluru,Karnataka,South,2022-07-11
C04968,Banjeet Kashyap,Male,44,Chennai,Tamil Nadu,South,2025-11-24
C04969,Chakradhar Bora,Female,49,Ranchi,Jharkhand,East,2022-10-22
C04970,Kiaan Kamdar,Female,43,Lucknow,Uttar Pradesh,North,2024-03-30
C04971,Isaiah Agate,Female,45,Bengaluru,Karnataka,South,2022-04-23
C04972,Indrajit Atwal,Male,63,Guwahati,Assam,East,2023-07-31
C04973,Hredhaan Om,Male,54,Ahmedabad,Gujarat,West,2022-01-22
C04974,Sanya Dhawan,Male,35,Surat,Gujarat,West,2022-12-22
C04975,Jatin Pillay,Male,32,Surat,Gujarat,West,2024-05-21
C04976,Nirja Radhakrishnan,Female,25,Jaipur,Rajasthan,North,2023-02-10
C04977,Sachi Jaggi,Female,63,Hyderabad,Telangana,South,2023-06-15
C04978,Samuel Ramachandran,Male,30,Bengaluru,Karnataka,South,2023-09-06
C04979,Raghav Kibe,Female,70,Chandigarh,Chandigarh,North,2023-12-16
C04980,Vrinda Mahal,Male,47,Coimbatore,Tamil Nadu,South,2024-07-30
C04981,Chandran Krishnan,Female,48,Surat,Gujarat,West,2024-12-07
C04982,Rachita Sheth,Male,68,Kolkata,West Bengal,East,2024-05-14
C04983,Darsh Bhasin,Male,70,Kochi,Kerala,South,2023-01-04
C04984,Bimala Jani,Female,38,Bengaluru,Karnataka,South,2022-05-23
C04985,Indrajit Mani,Female,19,Kolkata,West Bengal,East,2024-11-13
C04986,Bhanumati Mammen,Male,29,Guwahati,Assam,East,2025-06-23
C04987,Pooja Atwal,Male,36,Coimbatore,Tamil Nadu,South,2022-03-26
C04988,Dhruv Sha,Female,67,Surat,Gujarat,West,2023-09-23
C04989,Chavvi Kapur,Male,35,Bengaluru,Karnataka,South,2022-12-11
C04990,Sai Majumdar,Female,54,Ahmedabad,Gujarat,West,2023-02-07
C04991,Madhavi Madan,Male,40,Unknown,Telangana,South,2022-01-23
C04992,Varsha Kannan,Male,42,Ranchi,Jharkhand,East,2024-01-28
C04993,Kiaan Badal,Male,35,Bhubaneswar,Odisha,East,2024-05-06
C04994,Vedika Rajagopalan,Female,64,Jaipur,Rajasthan,North,2023-02-10
C04995,Yashodhara Dhillon,Male,18,Delhi,Delhi,North,2025-08-30
C04996,Amrita Prabhakar,Female,58,Jaipur,Rajasthan,North,2024-10-22
C04997,Hardik Magar,Male,23,Guwahati,Assam,East,2023-07-03
C04998,Netra Bahri,Female,67,Ahmedabad,Gujarat,West,2023-04-26
C04999,Hredhaan Khurana,Male,48,Delhi,Delhi,North,2022-03-08
C05000,Zayyan Konda,Female,21,Ahmedabad,Gujarat,West,2025-10-08
C05001,Watika Wadhwa,Female,32,Surat,Gujarat,West,2022-07-12
C05002,Manthan Bahri,Female,31,Nagpur,Maharashtra,West,2023-06-21
C05003,Oni Om,Male,52,Surat,Gujarat,West,2024-02-08
C05004,Vasana Hari,Female,44,Lucknow,Uttar Pradesh,North,2024-05-01
C05005,Ikbal Mohan,Female,66,Bhubaneswar,Odisha,East,2025-10-23
C05006,Zayan Magar,Female,60,Hyderabad,Telangana,South,2022-05-18
C05007,Neelima Parikh,Female,70,Chennai,Tamil Nadu,South,2024-11-29
C05008,Lajita Sodhi,Male,21,Nagpur,Maharashtra,West,2025-03-15
C05009,Yash Nair,Male,54,Bengaluru,Karnataka,South,2025-11-25
C05010,Gayathri Parikh,Female,39,Kolkata,West Bengal,East,2024-11-24
C05011,Wridesh Walia,Female,19,Bengaluru,Karnataka,South,2025-08-23
C05012,Waida Kari,Female,66,Coimbatore,Tamil Nadu,South,2024-01-15
C05013,Amol Bose,Male,32,Kolkata,West Bengal,East,2023-11-23
C05014,Laksh Kashyap,Female,55,Chandigarh,Chandigarh,North,2023-07-01
C05015,Caleb Jayaraman,Female,48,Pune,Maharashtra,West,2022-02-25
C05016,Nitara Warrior,Female,48,Jaipur,Rajasthan,North,2022-02-15
C05017,Harshil Sastry,Male,29,Delhi,Delhi,North,2025-01-27
C05018,Timothy Kala,Female,54,Chandigarh,Chandigarh,North,2024-04-20
C05019,Kamala Chatterjee,Male,67,Delhi,Delhi,North,2025-06-12
C05020,Aahana Apte,Female,39,Nagpur,Maharashtra,West,2025-08-18
C05021,Jai Mand,Male,42,Kochi,Kerala,South,2025-10-16
C05022,Shaurya Chander,Female,31,Pune,Maharashtra,West,2025-03-18
C05023,Warjas Dani,Female,43,Pune,Maharashtra,West,2025-11-27
C05024,Zashil Yadav,Female,19,Kochi,Kerala,South,2025-07-29
C05025,Chaitanya Soni,Male,26,Patna,Bihar,East,2025-03-15
C05026,Oliver Ahuja,Female,59,Guwahati,Assam,East,2022-05-01
C05027,Tarak Sabharwal,Male,52,Guwahati,Assam,East,2025-12-04
C05028,Harish Chakrabarti,Female,43,Guwahati,Assam,East,2022-03-02
C05029,Arunima Acharya,Female,66,Chennai,Tamil Nadu,South,2022-05-23
C05030,Ikshita Parikh,Male,69,Chennai,Tamil Nadu,South,2024-08-29
C05031,Nitesh Bala,Male,61,Jaipur,Rajasthan,North,2024-11-08
C05032,Ansh Maharaj,Female,25,Ranchi,Jharkhand,East,2022-11-24
C05033,Orinder Dugar,Female,67,Surat,Gujarat,West,2025-12-09
C05034,Chakradev Gola,Male,47,Coimbatore,Tamil Nadu,South,2024-08-07
C05035,Shaurya Hora,Female,70,Delhi,Delhi,North,2024-12-29
C05036,Chakrika Sharma,Male,43,Ranchi,Jharkhand,East,2023-06-22
C05037,Shivani Kara,Male,63,Jaipur,Rajasthan,North,2022-03-03
C05038,Azad Dalal,Male,23,Noida,Uttar Pradesh,North,2025-11-07
C05039,Jeevika Mistry,Female,61,Jaipur,Rajasthan,North,2023-11-01
C05040,Mitesh Bhatnagar,Male,25,Ranchi,Jharkhand,East,2025-11-18
C05041,Urvi Radhakrishnan,Female,46,Hyderabad,Telangana,South,2025-06-04
C05042,Onveer Prasad,Male,22,Bengaluru,Karnataka,South,2025-05-11
C05043,Parth Salvi,Male,18,Noida,Uttar Pradesh,North,2024-06-18
C05044,Frado Dugar,Male,35,Nagpur,Maharashtra,West,2024-12-22
C05045,Elijah Dube,Male,69,Hyderabad,Telangana,South,2023-07-24
C05046,Ikbal Saran,Male,47,Coimbatore,Tamil Nadu,South,2025-11-21
C05047,Ojas Lata,Female,50,Delhi,Delhi,North,2024-04-28
C05048,Sneha Dugar,Female,59,Kolkata,West Bengal,East,2024-03-02
C05049,Saumya Sandal,Male,39,Coimbatore,Tamil Nadu,South,2025-10-20
C05050,Sai Mallick,Male,24,Ranchi,Jharkhand,East,2025-04-02
C05051,Abha Kala,Male,59,Ahmedabad,Gujarat,West,2025-04-04
C05052,Rohan Ravi,Male,46,Ahmedabad,Gujarat,West,2022-01-04
C05053,Keya Wason,Male,56,Delhi,Delhi,North,2024-09-01
C05054,Gavin D’Alia,Female,20,Guwahati,Assam,East,2025-07-15
C05055,Chatura Karpe,Male,50,Mumbai,Maharashtra,West,2023-02-21
C05056,Varenya Rana,Male,47,Delhi,Delhi,North,2024-11-26
C05057,Chatresh Vasa,Male,56,Coimbatore,Tamil Nadu,South,2024-12-18
C05058,Vincent Date,Female,37,Ranchi,Jharkhand,East,2022-12-23
C05059,Chandresh Trivedi,Male,47,Patna,Bihar,East,2022-03-03
C05060,Wyatt Yohannan,Female,54,Hyderabad,Telangana,South,2025-09-13
C05061,Harinakshi Vohra,Female,23,Bengaluru,Karnataka,South,2025-07-16
C05062,Aashi Lal,Female,55,Hyderabad,Telangana,South,2022-01-05
C05063,Laban Gokhale,Male,28,Noida,Uttar Pradesh,North,2024-02-28
C05064,Prisha Swaminathan,Male,18,Chandigarh,Chandigarh,North,2024-03-13
C05065,Logan Kannan,Male,33,Nagpur,Maharashtra,West,2022-10-01
C05066,Zarna Divan,Male,44,Chandigarh,Chandigarh,North,2022-04-27
C05067,Ekbal Sami,Female,31,Kochi,Kerala,South,2023-07-29
C05068,Ekanta Sharma,Male,59,Nagpur,Maharashtra,West,2024-02-21
C05069,Anya Nazareth,Female,18,Hyderabad,Telangana,South,2025-10-25
C05070,Bachittar Apte,Male,37,Chennai,Tamil Nadu,South,2023-08-28
C05071,Arjun Balasubramanian,Female,56,Kochi,Kerala,South,2023-03-17
C05072,Ekantika Gala,Male,47,Chennai,Tamil Nadu,South,2022-11-16
C05073,Fitan Gupta,Female,54,Mumbai,Maharashtra,West,2023-01-10
C05074,Guneet Sarna,Female,59,Mumbai,Maharashtra,West,2023-05-27
C05075,Dakshesh Bal,Female,33,Delhi,Delhi,North,2022-09-28
C05076,Ira Munshi,Female,20,Pune,Maharashtra,West,2025-11-13
C05077,Ishwar Thaman,Female,34,Pune,Maharashtra,West,2025-12-01
C05078,Brinda Lal,Female,68,Mumbai,Maharashtra,West,2025-12-04
C05079,Frederick Divan,Male,33,Ahmedabad,Gujarat,West,2025-10-23
C05080,Bhavna Swaminathan,Male,25,Patna,Bihar,East,2024-11-10
C05081,Matthew Gill,Female,33,Nagpur,Maharashtra,West,2024-07-14
C05082,Yachana Basak,Female,44,Ahmedabad,Gujarat,West,2025-12-29
C05083,Ladli Singh,Male,45,Coimbatore,Tamil Nadu,South,2022-09-18
C05084,Yashica Saran,Female,36,Bengaluru,Karnataka,South,2024-08-07
C05085,Atharv Basu,Female,54,Jaipur,Rajasthan,North,2024-02-03
C05086,Aarnav Lal,Male,34,Jaipur,Rajasthan,North,2022-10-04
C05087,Krishna Pai,Male,28,Hyderabad,Telangana,South,2024-03-03
C05088,Gaurang Pathak,Male,18,Ranchi,Jharkhand,East,2025-06-23
C05089,Mason Ravel,Female,54,Surat,Gujarat,West,2022-05-29
C05090,Jason Keer,Female,42,Jaipur,Rajasthan,North,2023-01-23
C05091,Manthan Luthra,Male,55,Noida,Uttar Pradesh,North,2025-05-15
C05092,Ekanta Pingle,Male,31,Ranchi,Jharkhand,East,2025-01-27
C05093,Jasmit Mukherjee,Female,53,Nagpur,Maharashtra,West,2024-09-04
C05094,Keya Barman,Male,41,Surat,Gujarat,West,2024-07-12
C05095,Upma Bera,Female,25,Guwahati,Assam,East,2022-01-26
C05096,Sarthak Khosla,Male,51,Hyderabad,Telangana,South,2022-12-20
C05097,Triveni Pant,Male,24,Patna,Bihar,East,2025-05-30
C05098,Qasim Dass,Male,66,Nagpur,Maharashtra,West,2024-12-17
C05099,Darsh Loyal,Female,18,Jaipur,Rajasthan,North,2022-09-16
C05100,Jason Ramanathan,Female,21,Chennai,Tamil Nadu,South,2023-08-17
C05101,Jeet Wadhwa,Male,57,Chandigarh,Chandigarh,North,2024-03-27
C05102,Advika Kuruvilla,Male,20,Delhi,Delhi,North,2023-09-17
C05103,Urvi Tara,Male,37,Ranchi,Jharkhand,East,2022-05-25
C05104,Zaitra Hari,Female,38,Coimbatore,Tamil Nadu,South,2024-11-23
C05105,Raghav Wadhwa,Male,20,Hyderabad,Telangana,South,2024-08-20
C05106,Mugdha Loyal,Female,60,Noida,Uttar Pradesh,North,2024-06-09
C05107,Mohammed Bhatti,Male,36,Pune,Maharashtra,West,2025-09-28
C05108,Mugdha Merchant,Male,21,Patna,Bihar,East,2025-06-25
C05109,Damyanti Reddy,Male,19,Pune,Maharashtra,West,2023-11-21
C05110,Nathan Bail,Female,56,Surat,Gujarat,West,2024-05-23
C05111,Oni De,Female,53,Unknown,West Bengal,East,2025-06-28
C05112,Raagini Kala,Male,59,Guwahati,Assam,East,2022-09-14
C05113,Dayita Krishnamurthy,Male,18,Patna,Bihar,East,2024-04-03
C05114,Turvi Baria,Male,46,Kochi,Kerala,South,2023-05-19
C05115,Bishakha Ramakrishnan,Female,54,Chandigarh,Chandigarh,North,2022-07-25
C05116,Isha Prakash,Female,18,Surat,Gujarat,West,2022-11-10
C05117,Brijesh Grover,Female,25,Ahmedabad,Gujarat,West,2024-10-02
C05118,Veer Pillay,Male,60,Lucknow,Uttar Pradesh,North,2023-04-07
C05119,Rachit Memon,Female,24,Hyderabad,Telangana,South,2023-10-09
C05120,Arin Chad,Female,30,Bengaluru,Karnataka,South,2024-09-30
C05121,Krishna Morar,Female,21,Delhi,Delhi,North,2024-10-13
C05122,Ati Mannan,Male,20,Chennai,Tamil Nadu,South,2025-03-24
C05123,Upkaar Chopra,Male,55,Kochi,Kerala,South,2025-06-27
C05124,Wyatt Tella,Male,47,Bengaluru,Karnataka,South,2023-02-01
C05125,Anya Narula,Female,37,Kochi,Kerala,South,2023-01-12
C05126,Udyati Bhatia,Male,67,Bengaluru,Karnataka,South,2023-08-10
C05127,Baljiwan Mann,Female,65,Bengaluru,Karnataka,South,2022-02-22
C05128,Bishakha Khare,Male,38,Guwahati,Assam,East,2022-09-21
C05129,Tarak Joshi,Female,44,Kolkata,West Bengal,East,2025-11-17
C05130,Rishi Vora,Female,58,Nagpur,Maharashtra,West,2022-05-27
C05131,Divya Das,Male,48,Hyderabad,Telangana,South,2024-01-02
C05132,Tristan Dhaliwal,Female,23,Jaipur,Rajasthan,North,2025-01-07
C05133,Gautam Chandra,Female,20,Bengaluru,Karnataka,South,2023-01-30
C05134,Unnati Dasgupta,Female,50,Delhi,Delhi,North,2025-02-17
C05135,Rushil Khosla,Male,64,Kochi,Kerala,South,2025-01-20
C05136,Rudra Tailor,Female,34,Delhi,Delhi,North,2023-10-20
C05137,Krish Ravel,Female,33,Hyderabad,Telangana,South,2024-03-14
C05138,Upkaar Baral,Male,59,Delhi,Delhi,North,2024-03-26
C05139,Bakhshi Bose,Male,36,Surat,Gujarat,West,2022-01-06
C05140,Yashasvi Taneja,Female,38,Coimbatore,Tamil Nadu,South,2022-01-26
C05141,Lopa Chandran,Female,19,Kolkata,West Bengal,East,2025-01-10
C05142,Xiti Ray,Male,29,Bhubaneswar,Odisha,East,2025-05-22
C05143,Advaith Goyal,Male,55,Hyderabad,Telangana,South,2022-02-19
C05144,Avi Balan,Male,50,Pune,Maharashtra,West,2022-03-23
C05145,Gaurika Sachdeva,Female,61,Nagpur,Maharashtra,West,2025-02-09
C05146,Joshua Viswanathan,Female,52,Kolkata,West Bengal,East,2025-09-13
C05147,Yash Purohit,Female,28,Pune,Maharashtra,West,2024-03-13
C05148,Urmi Tank,Female,36,Lucknow,Uttar Pradesh,North,2022-07-05
C05149,Bhanumati Dar,Male,64,Noida,Uttar Pradesh,North,2023-02-28
C05150,Aarush Kala,Male,21,Bengaluru,Karnataka,South,2022-09-28
C05151,Jhalak Pal,Female,34,Unknown,Jharkhand,East,2024-08-17
C05152,Dalbir Bose,Male,66,Ranchi,Jharkhand,East,2024-11-04
C05153,Ekavir Dasgupta,Male,50,Chandigarh,Chandigarh,North,2024-09-25
C05154,Ikbal Zacharia,Female,20,Noida,Uttar Pradesh,North,2025-02-17
C05155,Upkaar Kashyap,Male,56,Delhi,Delhi,North,2025-10-23
C05156,Vansha Oza,Female,32,Delhi,Delhi,North,2025-01-12
C05157,Liam Reddy,Male,69,Coimbatore,Tamil Nadu,South,2025-10-26
C05158,Onkar Dugar,Female,52,Mumbai,Maharashtra,West,2022-07-17
C05159,Yashasvi Divan,Male,39,Kochi,Kerala,South,2025-02-22
C05160,Wriddhish Seth,Male,60,Bengaluru,Karnataka,South,2023-05-09
C05161,Gautami Nazareth,Female,20,Hyderabad,Telangana,South,2025-09-05
C05162,Faraj Chanda,Male,27,Bengaluru,Karnataka,South,2025-11-01
C05163,Balhaar Menon,Female,61,Coimbatore,Tamil Nadu,South,2025-05-15
C05164,Zinal Wason,Female,63,Bengaluru,Karnataka,South,2023-07-13
C05165,Brijesh Peri,Male,52,Bengaluru,Karnataka,South,2025-11-30
C05166,Geetika Khanna,Male,23,Jaipur,Rajasthan,North,2025-08-04
C05167,Megha Sangha,Female,65,Mumbai,Maharashtra,West,2023-08-16
C05168,Chakradhar Venkataraman,Female,64,Hyderabad,Telangana,South,2025-03-18
C05169,Jackson Dave,Female,69,Kochi,Kerala,South,2024-05-12
C05170,Andrew Basak,Female,29,Surat,Gujarat,West,2022-09-28
C05171,Christopher Venkatesh,Male,41,Hyderabad,Telangana,South,2024-02-09
C05172,Jalsa Ramakrishnan,Female,22,Chennai,Tamil Nadu,South,2022-10-10
C05173,Gaurang Bala,Male,41,Lucknow,Uttar Pradesh,North,2022-02-03
C05174,Mitesh Shah,Male,31,Nagpur,Maharashtra,West,2024-07-07
C05175,Ekani Kala,Male,39,Ranchi,Jharkhand,East,2024-04-01
C05176,Parth Kamdar,Male,20,Kolkata,West Bengal,East,2024-03-16
C05177,Harini Parekh,Male,41,Pune,Maharashtra,West,2024-06-07
C05178,Qushi Upadhyay,Male,59,Hyderabad,Telangana,South,2025-08-05
C05179,Rajata Chopra,Male,18,Lucknow,Uttar Pradesh,North,2022-01-17
C05180,Vedhika Samra,Male,28,Ranchi,Jharkhand,East,2022-03-31
C05181,Shivansh Vohra,Male,27,Coimbatore,Tamil Nadu,South,2025-08-01
C05182,Bina Baria,Female,39,Mumbai,Maharashtra,West,2025-05-30
C05183,Wyatt Modi,Female,54,Coimbatore,Tamil Nadu,South,2024-07-31
C05184,Sara Hari,Male,25,Nagpur,Maharashtra,West,2024-01-21
C05185,Chanchal Khanna,Male,21,Pune,Maharashtra,West,2024-03-14
C05186,Laban Reddy,Male,26,Noida,Uttar Pradesh,North,2024-05-31
C05187,Simon Kaur,Female,36,Guwahati,Assam,East,2023-12-16
C05188,Jeet Bera,Male,20,Lucknow,Uttar Pradesh,North,2023-07-14
C05189,Kamala Seth,Female,62,Nagpur,Maharashtra,West,2025-05-23
C05190,Champak Tripathi,Male,25,Kochi,Kerala,South,2023-04-07
C05191,Dhruv Mann,Female,40,Nagpur,Maharashtra,West,2022-09-05
C05192,Qabil Babu,Female,36,Noida,Uttar Pradesh,North,2023-03-09
C05193,Aadhya Gandhi,Male,28,Chandigarh,Chandigarh,North,2024-04-11
C05194,Osha Prashad,Male,49,Lucknow,Uttar Pradesh,North,2022-11-02
C05195,Tanmayi Chakraborty,Female,42,Delhi,Delhi,North,2023-10-07
C05196,Maanav Wason,Female,26,Bengaluru,Karnataka,South,2022-07-30
C05197,Leena Kothari,Female,18,Surat,Gujarat,West,2022-03-04
C05198,Ganga Chauhan,Female,19,Coimbatore,Tamil Nadu,South,2024-05-13
C05199,Ansh Tella,Female,50,Kochi,Kerala,South,2022-05-09
C05200,Robert Gill,Male,61,Mumbai,Maharashtra,West,2024-02-06
C05201,Hritik Goyal,Male,45,Bengaluru,Karnataka,South,2023-04-17
C05202,Chaitaly Dhaliwal,Female,21,Mumbai,Maharashtra,West,2023-10-10
C05203,Netra Bhakta,Male,41,Surat,Gujarat,West,2025-03-17
C05204,Arin Solanki,Male,31,Kochi,Kerala,South,2023-09-11
C05205,Mitali Dalal,Female,54,Kochi,Kerala,South,2023-09-22
C05206,Omisha Balasubramanian,Female,31,Bengaluru,Karnataka,South,2023-06-26
C05207,Owen Kalita,Female,55,Kochi,Kerala,South,2025-11-23
C05208,Vedant Venkatesh,Male,66,Bengaluru,Karnataka,South,2022-09-10
C05209,Eshana Pathak,Female,45,Noida,Uttar Pradesh,North,2025-07-29
C05210,Zinal Devi,Male,45,Patna,Bihar,East,2024-04-08
C05211,Bhavani Aggarwal,Male,30,Mumbai,Maharashtra,West,2025-02-08
C05212,Nikita Dalal,Female,58,Ranchi,Jharkhand,East,2024-10-10
C05213,Radha Om,Male,41,Chandigarh,Chandigarh,North,2024-03-21
C05214,Manan Ravi,Male,65,Delhi,Delhi,North,2023-01-16
C05215,Manan Saraf,Female,33,Chandigarh,Chandigarh,North,2022-07-01
C05216,Girik Raja,Male,28,Kolkata,West Bengal,East,2025-02-28
C05217,Hemangini Ray,Female,33,Kochi,Kerala,South,2024-06-04
C05218,Tarak Aurora,Female,31,Coimbatore,Tamil Nadu,South,2025-11-14
C05219,Pooja Chaudhari,Female,36,Jaipur,Rajasthan,North,2023-03-07
C05220,Ranveer Wadhwa,Male,38,Coimbatore,Tamil Nadu,South,2025-02-22
C05221,Gayathri Dara,Female,42,Coimbatore,Tamil Nadu,South,2024-03-19
C05222,Rehaan Loke,Male,34,Noida,Uttar Pradesh,North,2025-08-29
C05223,Manthan Khosla,Male,32,Bengaluru,Karnataka,South,2023-04-30
C05224,Yashodhara Magar,Male,20,Lucknow,Uttar Pradesh,North,2025-08-27
C05225,Ayushman Gala,Male,34,Coimbatore,Tamil Nadu,South,2022-02-14
C05226,Udarsh Agarwal,Female,57,Delhi,Delhi,North,2022-05-14
C05227,Yoshita Saraf,Female,36,Coimbatore,Tamil Nadu,South,2024-11-23
C05228,Lopa Bhatnagar,Male,56,Kochi,Kerala,South,2024-10-10
C05229,Jackson Ram,Male,69,Jaipur,Rajasthan,North,2025-05-30
C05230,Falan Bumb,Male,39,Lucknow,Uttar Pradesh,North,2023-10-20
C05231,Gaurika Bal,Female,21,Patna,Bihar,East,2022-09-17
C05232,Dominic Prashad,Female,54,Guwahati,Assam,East,2023-10-25
C05233,Arya Buch,Male,53,Noida,Uttar Pradesh,North,2022-05-23
C05234,Elijah Nagy,Male,63,Kolkata,West Bengal,East,2022-03-02
C05235,Sudiksha Reddy,Male,61,Patna,Bihar,East,2023-05-19
C05236,Rohan Savant,Male,26,Bengaluru,Karnataka,South,2025-07-04
C05237,Maanas Bedi,Male,31,Surat,Gujarat,West,2024-08-14
C05238,Thomas Mammen,Male,43,Guwahati,Assam,East,2024-11-02
C05239,Anay Tandon,Male,69,Ahmedabad,Gujarat,West,2024-09-06
C05240,Saanvi Manda,Female,21,Pune,Maharashtra,West,2025-02-17
C05241,Nicholas Bhardwaj,Female,28,Chennai,Tamil Nadu,South,2023-11-18
C05242,Logan Rau,Female,23,Lucknow,Uttar Pradesh,North,2022-10-05
C05243,Kalpit Devan,Female,68,Delhi,Delhi,North,2025-08-04
C05244,Anirudh Chanda,Female,35,Delhi,Delhi,North,2022-09-28
C05245,Urvi Rajagopalan,Female,50,Bengaluru,Karnataka,South,2024-08-27
C05246,Naveen Bhavsar,Male,41,Bengaluru,Karnataka,South,2024-05-10
C05247,Arin Ranganathan,Male,18,Mumbai,Maharashtra,West,2024-05-30
C05248,Ekalinga Hayer,Female,30,Bhubaneswar,Odisha,East,2025-12-18
C05249,Samaksh Setty,Female,68,Lucknow,Uttar Pradesh,North,2025-07-23
C05250,Gaurav Deo,Female,54,Bengaluru,Karnataka,South,2022-05-26
C05251,Ishita Garg,Female,59,Ahmedabad,Gujarat,West,2025-05-03
C05252,Hemani Rattan,Male,55,Delhi,Delhi,North,2024-12-06
C05253,Unni Buch,Female,65,Noida,Uttar Pradesh,North,2025-10-23
C05254,Advaith Jayaraman,Female,56,Nagpur,Maharashtra,West,2025-12-21
C05255,Harsh Brar,Female,20,Lucknow,Uttar Pradesh,North,2025-05-11
C05256,Aadi Raghavan,Female,18,Noida,Uttar Pradesh,North,2023-10-08
C05257,Theodore Sami,Male,27,Ranchi,Jharkhand,East,2025-12-09
C05258,Yochana Nadkarni,Male,26,Guwahati,Assam,East,2023-08-31
C05259,Unni Tandon,Female,42,Coimbatore,Tamil Nadu,South,2025-04-24
C05260,Krisha Dara,Male,60,Chennai,Tamil Nadu,South,2022-11-18
C05261,Tejas Sem,Female,53,Kolkata,West Bengal,East,2023-11-06
C05262,Chaman Mohanty,Male,18,Bhubaneswar,Odisha,East,2023-05-31
C05263,Chandran Ganguly,Female,45,Jaipur,Rajasthan,North,2025-11-03
C05264,Champak Dhaliwal,Male,70,Jaipur,Rajasthan,North,2022-10-09
C05265,Chaitaly Uppal,Female,49,Noida,Uttar Pradesh,North,2025-12-11
C05266,Girindra Sankar,Female,63,Pune,Maharashtra,West,2023-11-30
C05267,Bhavani Bera,Female,22,Nagpur,Maharashtra,West,2025-11-26
C05268,Siya Jayaraman,Male,26,Ranchi,Jharkhand,East,2024-12-13
C05269,Harsh Rao,Female,21,Hyderabad,Telangana,South,2025-08-09
C05270,Hritik Dhar,Male,42,Nagpur,Maharashtra,West,2023-08-18
C05271,Xalak Varghese,Male,64,Surat,Gujarat,West,2025-11-29
C05272,Rachit Borde,Female,43,Kochi,Kerala,South,2025-03-24
C05273,Neel Chanda,Female,43,Nagpur,Maharashtra,West,2025-05-12
C05274,Qabil Chaudry,Female,61,Kochi,Kerala,South,2024-11-21
C05275,Advika Venkataraman,Female,30,Ahmedabad,Gujarat,West,2025-03-07
C05276,Onveer Oak,Male,57,Ranchi,Jharkhand,East,2023-05-10
C05277,Raksha Kaur,Male,43,Guwahati,Assam,East,2022-11-12
C05278,Vincent Zacharia,Male,54,Delhi,Delhi,North,2025-01-17
C05279,Ishwar Varma,Female,43,Guwahati,Assam,East,2022-06-21
C05280,Eiravati Rege,Female,40,Chennai,Tamil Nadu,South,2024-05-07
C05281,Hamsini Karnik,Female,35,Guwahati,Assam,East,2025-11-02
C05282,Arin Tailor,Female,38,Nagpur,Maharashtra,West,2024-03-27
C05283,Neha Dani,Female,24,Lucknow,Uttar Pradesh,North,2024-10-07
C05284,Vanya Bhat,Female,45,Bhubaneswar,Odisha,East,2023-06-06
C05285,Watika Keer,Female,51,Chennai,Tamil Nadu,South,2022-04-18
C05286,Zarna Din,Male,36,Nagpur,Maharashtra,West,2024-04-29
C05287,Janya Agate,Female,42,Lucknow,Uttar Pradesh,North,2022-05-27
C05288,Maanas Chad,Male,29,Ahmedabad,Gujarat,West,2022-08-07
C05289,Pranit Kapur,Male,67,Patna,Bihar,East,2023-06-17
C05290,Falak Dutta,Female,18,Nagpur,Maharashtra,West,2024-08-25
C05291,Maya Pau,Female,52,Coimbatore,Tamil Nadu,South,2023-02-17
C05292,Gautami Zacharia,Male,38,Kolkata,West Bengal,East,2024-11-15
C05293,Henry Lanka,Female,19,Kolkata,West Bengal,East,2022-05-11
C05294,Mason Bora,Male,57,Guwahati,Assam,East,2023-02-02
C05295,Elijah Dewan,Male,50,Kochi,Kerala,South,2022-11-12
C05296,Mitali Shan,Male,69,Delhi,Delhi,North,2022-12-22
C05297,Amrita Keer,Male,19,Delhi,Delhi,North,2025-01-12
C05298,Bhavya Babu,Male,35,Patna,Bihar,East,2022-05-22
C05299,Jonathan Barad,Female,58,Delhi,Delhi,North,2025-04-10
C05300,Bahadurjit Karpe,Female,70,Hyderabad,Telangana,South,2024-09-01
C05301,Zashil Tripathi,Female,39,Guwahati,Assam,East,2022-10-04
C05302,Kalpit Misra,Male,31,Ranchi,Jharkhand,East,2023-07-05
C05303,Yauvani Bhatti,Male,37,Nagpur,Maharashtra,West,2023-07-08
C05304,Bhanumati Palan,Male,40,Mumbai,Maharashtra,West,2024-08-08
C05305,Yashica Shankar,Female,37,Chandigarh,Chandigarh,North,2025-11-16
C05306,Ridhi Chand,Female,49,Kolkata,West Bengal,East,2025-03-19
C05307,Praneel Keer,Female,61,Jaipur,Rajasthan,North,2025-03-19
C05308,Sara Ramakrishnan,Male,26,Kochi,Kerala,South,2025-04-12
C05309,Rohan Zacharia,Male,63,Chandigarh,Chandigarh,North,2022-01-03
C05310,Atharv Seth,Male,69,Lucknow,Uttar Pradesh,North,2022-10-29
C05311,Lajita Brahmbhatt,Male,39,Chennai,Tamil Nadu,South,2023-12-26
C05312,Triya Talwar,Female,30,Nagpur,Maharashtra,West,2022-02-05
C05313,Leena Doctor,Male,24,Bhubaneswar,Odisha,East,2022-03-25
C05314,Yashasvi Tank,Female,48,Surat,Gujarat,West,2025-09-23
C05315,Kai Nagarajan,Female,57,Bengaluru,Karnataka,South,2024-07-31
C05316,Wakeeta Barad,Female,22,Mumbai,Maharashtra,West,2025-09-06
C05317,Aadi Rastogi,Male,30,Surat,Gujarat,West,2023-07-02
C05318,Wazir Pillay,Female,68,Hyderabad,Telangana,South,2022-09-22
C05319,Amruta Balan,Female,24,Chandigarh,Chandigarh,North,2025-11-27
C05320,Madhavi Raj,Male,28,Pune,Maharashtra,West,2023-05-17
C05321,Tanmayi Barad,Female,64,Guwahati,Assam,East,2022-03-05
C05322,Jeet Ganesh,Male,47,Nagpur,Maharashtra,West,2023-07-28
C05323,Patrick Oommen,Male,24,Surat,Gujarat,West,2023-08-23
C05324,Amrita Krishnamurthy,Male,42,Guwahati,Assam,East,2023-01-30
C05325,Maya Sharma,Male,41,Nagpur,Maharashtra,West,2023-03-14
C05326,Rohan Dey,Female,52,Unknown,Telangana,South,2022-07-04
C05327,Chaitaly Grewal,Female,70,Ahmedabad,Gujarat,West,2022-10-28
C05328,Kiaan Walia,Female,44,Ahmedabad,Gujarat,West,2025-02-27
C05329,Mahika Kapadia,Female,27,Noida,Uttar Pradesh,North,2022-02-17
C05330,Harshil Oak,Male,59,Bengaluru,Karnataka,South,2022-10-23
C05331,Nitesh Lad,Male,27,Surat,Gujarat,West,2025-07-03
C05332,Falak Grover,Male,20,Bhubaneswar,Odisha,East,2024-08-23
C05333,Vasudha Gokhale,Female,69,Chandigarh,Chandigarh,North,2023-10-10
C05334,Lopa Ganesh,Female,69,Chandigarh,Chandigarh,North,2022-04-24
C05335,Netra Kant,Female,63,Surat,Gujarat,West,2025-04-04
C05336,Hemal Wagle,Female,38,Bengaluru,Karnataka,South,2024-05-11
C05337,Harsh Kapoor,Male,70,Nagpur,Maharashtra,West,2024-12-10
C05338,Mahika Pingle,Male,46,Ranchi,Jharkhand,East,2025-01-12
C05339,Atharv Suri,Male,40,Chandigarh,Chandigarh,North,2024-11-19
C05340,Libni Nair,Male,53,Lucknow,Uttar Pradesh,North,2024-10-08
C05341,Ekani Sura,Female,28,Lucknow,Uttar Pradesh,North,2024-11-10
C05342,Advika Kapur,Female,53,Nagpur,Maharashtra,West,2023-03-07
C05343,Rishi Mohan,Male,27,Surat,Gujarat,West,2023-02-25
C05344,Yauvani Borde,Male,27,Guwahati,Assam,East,2024-03-27
C05345,Vasana Sule,Male,29,Bengaluru,Karnataka,South,2025-10-27
C05346,Champak Issac,Female,65,Hyderabad,Telangana,South,2022-02-27
C05347,Warinder Luthra,Male,54,Hyderabad,Telangana,South,2022-07-24
C05348,Gabriel Patla,Female,59,Noida,Uttar Pradesh,North,2024-12-07
C05349,Meera Mohanty,Male,70,Delhi,Delhi,North,2024-11-12
C05350,Eshana Memon,Female,42,Chandigarh,Chandigarh,North,2022-01-15
C05351,Hritik Narain,Male,21,Noida,Uttar Pradesh,North,2022-03-17
C05352,Samaksh Chhabra,Female,67,Pune,Maharashtra,West,2023-03-26
C05353,Oscar Pau,Female,53,Hyderabad,Telangana,South,2022-10-22
C05354,Oni Soni,Female,63,Jaipur,Rajasthan,North,2023-04-04
C05355,Wazir Sandhu,Female,56,Surat,Gujarat,West,2025-09-16
C05356,Edhitha Bath,Female,20,Kolkata,West Bengal,East,2023-05-12
C05357,Amaira Doctor,Female,51,Ahmedabad,Gujarat,West,2024-07-31
C05358,Bhanumati Chahal,Female,40,Jaipur,Rajasthan,North,2023-01-27
C05359,Irya Goel,Female,33,Delhi,Delhi,North,2024-09-24
C05360,Leela Wadhwa,Male,24,Jaipur,Rajasthan,North,2025-09-09
C05361,Urvashi Bhasin,Male,61,Ahmedabad,Gujarat,West,2025-07-18
C05362,Vanya Ahuja,Male,40,Patna,Bihar,East,2024-06-20
C05363,Jalsa Dayal,Female,57,Chennai,Tamil Nadu,South,2024-12-10
C05364,Yoshita Vyas,Female,63,Jaipur,Rajasthan,North,2024-11-23
C05365,Neelima Gaba,Female,41,Patna,Bihar,East,2022-04-02
C05366,Ganga Sangha,Male,22,Ranchi,Jharkhand,East,2023-03-05
C05367,Dalbir Nair,Male,59,Ahmedabad,Gujarat,West,2024-09-16
C05368,Shivani Yohannan,Male,59,Kolkata,West Bengal,East,2022-11-09
C05369,Ati Misra,Female,52,Delhi,Delhi,North,2023-02-11
C05370,Lakshit Tailor,Female,70,Kolkata,West Bengal,East,2023-10-27
C05371,Yashvi Nazareth,Male,65,Ranchi,Jharkhand,East,2025-05-17
C05372,Harinakshi Sami,Female,52,Bengaluru,Karnataka,South,2024-07-11
C05373,Edhitha Mani,Female,69,Coimbatore,Tamil Nadu,South,2023-04-21
C05374,Yadavi Dave,Female,50,Lucknow,Uttar Pradesh,North,2024-01-02
C05375,Jagat Butala,Female,19,Bengaluru,Karnataka,South,2024-08-26
C05376,Gaurangi Bal,Female,37,Bhubaneswar,Odisha,East,2024-05-16
C05377,Abeer Baral,Male,26,Delhi,Delhi,North,2024-06-03
C05378,Nachiket Mohanty,Female,50,Chandigarh,Chandigarh,North,2023-03-24
C05379,Victor Kata,Female,41,Delhi,Delhi,North,2023-12-29
C05380,Warjas Deep,Male,60,Pune,Maharashtra,West,2025-05-16
C05381,Eshana Nadig,Female,53,Mumbai,Maharashtra,West,2024-11-08
C05382,Sathvik Ahluwalia,Male,26,Jaipur,Rajasthan,North,2025-12-26
C05383,Harini Srivastava,Female,63,Mumbai,Maharashtra,West,2023-11-10
C05384,Samar Sandal,Male,29,Jaipur,Rajasthan,North,2023-04-10
C05385,Harish Mander,Male,53,Surat,Gujarat,West,2024-02-03
C05386,Bhavani Venkatesh,Male,55,Ahmedabad,Gujarat,West,2025-01-05
C05387,Libni Swaminathan,Female,31,Surat,Gujarat,West,2022-02-19
C05388,Xalak Kapadia,Female,42,Bengaluru,Karnataka,South,2024-08-22
C05389,Saumya Sastry,Female,52,Chennai,Tamil Nadu,South,2023-12-09
C05390,Odika Doctor,Female,35,Chennai,Tamil Nadu,South,2025-07-08
C05391,Kai Peri,Female,22,Noida,Uttar Pradesh,North,2022-08-24
C05392,Jyoti Mani,Male,28,Ahmedabad,Gujarat,West,2022-01-27
C05393,Ekaraj Vora,Male,59,Chennai,Tamil Nadu,South,2024-04-08
C05394,Oscar Cherian,Male,68,Patna,Bihar,East,2022-07-22
C05395,Ranveer Bhatnagar,Female,42,Lucknow,Uttar Pradesh,North,2025-09-29
C05396,Ryan Dhar,Female,70,Delhi,Delhi,North,2025-12-15
C05397,Dalaja Chanda,Female,19,Surat,Gujarat,West,2024-07-10
C05398,Krishna Anand,Male,52,Jaipur,Rajasthan,North,2025-04-26
C05399,Zinal Konda,Male,69,Pune,Maharashtra,West,2023-02-17
C05400,Adweta Suri,Female,63,Kochi,Kerala,South,2022-03-02
C05401,Samar Sheth,Male,44,Delhi,Delhi,North,2025-02-16
C05402,Arjun Walia,Female,44,Surat,Gujarat,West,2022-09-10
C05403,Urishilla Raval,Male,38,Mumbai,Maharashtra,West,2022-01-04
C05404,Tamanna Goel,Male,69,Jaipur,Rajasthan,North,2023-07-24
C05405,Inaya Srinivasan,Male,26,Kolkata,West Bengal,East,2022-10-03
C05406,Ekani Lad,Male,22,Jaipur,Rajasthan,North,2023-07-05
C05407,Amaira Sule,Female,53,Bhubaneswar,Odisha,East,2024-06-15
C05408,Ladli Dubey,Female,57,Bengaluru,Karnataka,South,2024-09-26
C05409,Eshana Dhar,Female,57,Delhi,Delhi,North,2024-08-29
C05410,Yasti Setty,Female,35,Coimbatore,Tamil Nadu,South,2025-07-25
C05411,Wridesh Chaudry,Female,19,Delhi,Delhi,North,2023-07-16
C05412,Chatresh Gopal,Female,22,Jaipur,Rajasthan,North,2023-05-18
C05413,Jai Singh,Female,37,Surat,Gujarat,West,2024-01-09
C05414,Dev Shankar,Male,53,Bengaluru,Karnataka,South,2022-04-18
C05415,Rushil Savant,Female,31,Surat,Gujarat,West,2022-09-20
C05416,Quincy Balakrishnan,Female,57,Hyderabad,Telangana,South,2024-01-01
C05417,Qabil Gera,Male,58,Lucknow,Uttar Pradesh,North,2025-04-08
C05418,Tanish Sabharwal,Female,69,Bengaluru,Karnataka,South,2024-02-09
C05419,Harrison Sane,Male,31,Hyderabad,Telangana,South,2022-04-03
C05420,Faqid Mitter,Male,29,Ranchi,Jharkhand,East,2023-10-25
C05421,Maanas Khalsa,Male,64,Lucknow,Uttar Pradesh,North,2023-12-05
C05422,Ekta Patla,Female,61,Jaipur,Rajasthan,North,2023-07-10
C05423,Samar Nagarajan,Female,27,Hyderabad,Telangana,South,2024-03-28
C05424,Amara Sahni,Male,37,Hyderabad,Telangana,South,2023-04-14
C05425,Vrinda Sheth,Male,34,Pune,Maharashtra,West,2023-04-24
C05426,Theodore Edwin,Male,41,Patna,Bihar,East,2024-02-14
C05427,Bimala Kota,Male,27,Lucknow,Uttar Pradesh,North,2025-04-03
C05428,Gaurangi Lal,Female,51,Mumbai,Maharashtra,West,2023-06-18
C05429,Wishi Dada,Male,22,Nagpur,Maharashtra,West,2023-10-11
C05430,Sanya Sarna,Male,55,Chennai,Tamil Nadu,South,2023-08-16
C05431,Rachit Ghosh,Female,59,Pune,Maharashtra,West,2024-06-21
C05432,Ekaraj Edwin,Male,21,Mumbai,Maharashtra,West,2024-11-18
C05433,Garima Koshy,Male,21,Lucknow,Uttar Pradesh,North,2024-10-25
C05434,Widisha Chowdhury,Male,23,Hyderabad,Telangana,South,2024-09-10
C05435,Vritti Narain,Female,23,Nagpur,Maharashtra,West,2022-06-22
C05436,Zilmil Kibe,Female,48,Patna,Bihar,East,2023-04-14
C05437,Manthan Bala,Male,69,Pune,Maharashtra,West,2025-07-16
C05438,Krish Patla,Female,24,Hyderabad,Telangana,South,2022-06-08
C05439,Chatura Guha,Female,45,Bengaluru,Karnataka,South,2025-07-16
C05440,Baljiwan Basu,Male,44,Ahmedabad,Gujarat,West,2024-07-19
C05441,Vrinda Shroff,Female,70,Delhi,Delhi,North,2022-10-20
C05442,Ikshita Kade,Male,41,Pune,Maharashtra,West,2023-05-16
C05443,Yoshita Parikh,Male,18,Bhubaneswar,Odisha,East,2025-12-18
C05444,Warjas Warrior,Male,21,Mumbai,Maharashtra,West,2023-01-14
C05445,Darsh Baria,Female,59,Hyderabad,Telangana,South,2024-06-03
C05446,Anay Mall,Male,61,Lucknow,Uttar Pradesh,North,2025-11-25
C05447,Warinder Rama,Female,65,Pune,Maharashtra,West,2022-12-11
C05448,Ekani Choudhary,Male,43,Kochi,Kerala,South,2022-11-11
C05449,Ekalinga Palan,Female,22,Mumbai,Maharashtra,West,2022-07-31
C05450,Shivansh Chander,Male,19,Hyderabad,Telangana,South,2025-03-05
C05451,Manthan Ganesh,Male,31,Bengaluru,Karnataka,South,2024-05-19
C05452,Arjun Chanda,Male,26,Ranchi,Jharkhand,East,2022-10-16
C05453,Rushil Sridhar,Male,38,Patna,Bihar,East,2022-03-18
C05454,Yasti Hans,Male,60,Hyderabad,Telangana,South,2022-09-25
C05455,Ronith Ahluwalia,Male,59,Kochi,Kerala,South,2024-02-13
C05456,Upma Butala,Male,25,Hyderabad,Telangana,South,2022-04-05
C05457,Xalak Chander,Female,31,Lucknow,Uttar Pradesh,North,2024-12-30
C05458,Maanav Rao,Male,59,Chennai,Tamil Nadu,South,2023-01-30
C05459,Matthew Doshi,Female,25,Coimbatore,Tamil Nadu,South,2024-11-24
C05460,Sarthak Dugar,Female,39,Jaipur,Rajasthan,North,2023-05-14
C05461,Triveni Rout,Female,39,Guwahati,Assam,East,2025-10-23
C05462,Liam Bera,Female,37,Kochi,Kerala,South,2023-01-16
C05463,Gaurav D’Alia,Female,45,Lucknow,Uttar Pradesh,North,2025-06-02
C05464,Lavanya Rau,Female,45,Jaipur,Rajasthan,North,2023-06-25
C05465,Kai Golla,Female,33,Coimbatore,Tamil Nadu,South,2022-04-22
C05466,Jai Balay,Female,58,Surat,Gujarat,West,2025-07-27
C05467,Laban Oza,Female,29,Bhubaneswar,Odisha,East,2023-07-21
C05468,Yuvraj Hora,Female,67,Jaipur,Rajasthan,North,2023-12-31
C05469,Balhaar Memon,Female,41,Coimbatore,Tamil Nadu,South,2024-02-25
C05470,Raagini Rai,Female,49,Noida,Uttar Pradesh,North,2022-05-16
C05471,Sathvik Yadav,Female,68,Chandigarh,Chandigarh,North,2022-11-19
C05472,Praneel Shah,Female,44,Hyderabad,Telangana,South,2022-05-05
C05473,Hemang Doctor,Female,32,Ahmedabad,Gujarat,West,2024-08-26
C05474,Patrick Chaudhry,Female,28,Hyderabad,Telangana,South,2025-11-30
C05475,Bhavani Bajaj,Female,45,Bengaluru,Karnataka,South,2023-07-09
C05476,Logan Nazareth,Male,53,Jaipur,Rajasthan,North,2023-11-24
C05477,Eta Desai,Female,65,Chandigarh,Chandigarh,North,2022-09-18
C05478,Bhavini Prashad,Female,49,Kochi,Kerala,South,2023-02-19
C05479,Anay Hari,Male,39,Bhubaneswar,Odisha,East,2023-09-02
C05480,Inaya Rai,Female,59,Pune,Maharashtra,West,2025-08-05
C05481,Aarav Kala,Male,38,Chandigarh,Chandigarh,North,2023-02-07
C05482,Kabir Taneja,Female,50,Kochi,Kerala,South,2024-04-21
C05483,Gunbir Karnik,Male,44,Jaipur,Rajasthan,North,2025-10-01
C05484,Jagat Dhar,Male,36,Chandigarh,Chandigarh,North,2025-01-07
C05485,Rayaan Samra,Male,57,Nagpur,Maharashtra,West,2025-08-01
C05486,Eta Zacharia,Male,44,Noida,Uttar Pradesh,North,2025-09-08
C05487,Lila Mohanty,Male,24,Coimbatore,Tamil Nadu,South,2025-10-11
C05488,Simon Bala,Male,62,Nagpur,Maharashtra,West,2025-09-05
C05489,Falan Dugal,Male,49,Mumbai,Maharashtra,West,2023-05-17
C05490,Lohit Subramaniam,Female,21,Chandigarh,Chandigarh,North,2022-09-25
C05491,Pahal Dasgupta,Male,35,Pune,Maharashtra,West,2022-01-09
C05492,Neel Srinivas,Male,53,Surat,Gujarat,West,2024-09-14
C05493,Warda Mall,Male,25,Guwahati,Assam,East,2023-07-18
C05494,Ojas Bhat,Female,68,Chennai,Tamil Nadu,South,2023-08-08
C05495,Frederick Sankar,Female,29,Kochi,Kerala,South,2024-06-24
C05496,Anthony Sachar,Male,42,Ahmedabad,Gujarat,West,2022-10-23
C05497,Kalpit Date,Female,31,Patna,Bihar,East,2023-12-07
C05498,Hredhaan Oommen,Male,47,Bhubaneswar,Odisha,East,2025-05-09
C05499,Advika Dutt,Female,18,Hyderabad,Telangana,South,2025-04-20
C05500,Tristan Mangal,Male,60,Hyderabad,Telangana,South,2023-06-22
C05501,Zaid Bhargava,Female,63,Bengaluru,Karnataka,South,2025-12-09
C05502,Anay Patil,Female,46,Bengaluru,Karnataka,South,2022-07-01
C05503,Watika Seth,Male,31,Kolkata,West Bengal,East,2024-04-23
C05504,Pallavi Morar,Male,24,Nagpur,Maharashtra,West,2022-08-16
C05505,Kamala Savant,Female,68,Kolkata,West Bengal,East,2022-12-14
C05506,Kamya Mane,Female,67,Delhi,Delhi,North,2022-08-21
C05507,Orinder Koshy,Female,64,Noida,Uttar Pradesh,North,2025-05-17
C05508,Varsha Cherian,Male,32,Delhi,Delhi,North,2023-02-03
C05509,Zayan Shenoy,Female,60,Kochi,Kerala,South,2023-03-18
C05510,Aarnav Choudhry,Male,61,Surat,Gujarat,West,2025-09-07
C05511,Daniel Dani,Male,70,Chennai,Tamil Nadu,South,2023-07-31
C05512,Balvan Johal,Male,22,Ahmedabad,Gujarat,West,2022-07-01
C05513,Nitara Karpe,Male,20,Guwahati,Assam,East,2025-05-14
C05514,Shivani Rastogi,Male,24,Kochi,Kerala,South,2025-01-19
C05515,Gautam Suresh,Male,67,Ahmedabad,Gujarat,West,2025-03-30
C05516,Pallavi Varty,Male,20,Kochi,Kerala,South,2025-09-05
C05517,Agastya Varughese,Female,25,Hyderabad,Telangana,South,2024-05-04
C05518,Jeevika Sem,Male,57,Nagpur,Maharashtra,West,2022-03-09
C05519,Manbir Balasubramanian,Male,25,Jaipur,Rajasthan,North,2023-08-21
C05520,Hema Bhat,Female,37,Bhubaneswar,Odisha,East,2023-06-13
C05521,Frado Hayre,Male,38,Pune,Maharashtra,West,2022-05-03
C05522,Nilima Sethi,Female,54,Bengaluru,Karnataka,South,2022-05-06
C05523,Yatin Bhagat,Male,31,Kolkata,West Bengal,East,2024-09-21
C05524,Veer Natarajan,Male,38,Guwahati,Assam,East,2022-05-01
C05525,Champak Mani,Male,68,Delhi,Delhi,North,2025-12-08
C05526,Anya Swamy,Male,55,Pune,Maharashtra,West,2022-10-04
C05527,Ryan Rattan,Female,47,Delhi,Delhi,North,2022-10-05
C05528,Ishaan Hegde,Male,36,Delhi,Delhi,North,2022-11-27
C05529,Anay Saran,Female,58,Coimbatore,Tamil Nadu,South,2024-12-28
C05530,Ikshita Wali,Male,67,Coimbatore,Tamil Nadu,South,2024-09-19
C05531,Sanya Sandhu,Female,50,Bhubaneswar,Odisha,East,2024-06-12
C05532,Zehaan Taneja,Female,30,Surat,Gujarat,West,2023-08-27
C05533,Samarth Dara,Male,20,Jaipur,Rajasthan,North,2025-02-08
C05534,Gauri Issac,Male,60,Guwahati,Assam,East,2023-09-10
C05535,Neha Dugar,Female,28,Kolkata,West Bengal,East,2025-03-28
C05536,Aachal Sarkar,Female,36,Coimbatore,Tamil Nadu,South,2022-09-01
C05537,Rajeshri Dixit,Male,23,Kolkata,West Bengal,East,2025-12-25
C05538,Ira Bhatt,Male,44,Bhubaneswar,Odisha,East,2023-11-10
C05539,Lakshit Soman,Male,42,Chandigarh,Chandigarh,North,2025-09-17
C05540,Azad Bhandari,Female,39,Hyderabad,Telangana,South,2023-06-03
C05541,Neha Sachdeva,Female,65,Kochi,Kerala,South,2022-12-26
C05542,Harish Mukhopadhyay,Male,58,Mumbai,Maharashtra,West,2022-01-05
C05543,Aryan Bir,Female,55,Surat,Gujarat,West,2022-05-14
C05544,Chandresh Sekhon,Female,45,Nagpur,Maharashtra,West,2023-07-20
C05545,Unni Dash,Male,21,Ahmedabad,Gujarat,West,2024-11-03
C05546,Baljiwan Bahri,Female,45,Chennai,Tamil Nadu,South,2025-04-25
C05547,Warinder Bir,Female,41,Surat,Gujarat,West,2023-03-03
C05548,Aarush Murty,Male,46,Lucknow,Uttar Pradesh,North,2022-10-26
C05549,Dominic Nadig,Male,42,Delhi,Delhi,North,2024-07-22
C05550,Brijesh Kumer,Female,19,Ahmedabad,Gujarat,West,2024-04-09
C05551,Chameli Taneja,Male,60,Chennai,Tamil Nadu,South,2024-09-02
C05552,Waida Kapur,Female,25,Kochi,Kerala,South,2025-09-01
C05553,Rushil Sheth,Female,29,Kolkata,West Bengal,East,2024-02-14
C05554,Jai Sachdeva,Male,18,Hyderabad,Telangana,South,2024-06-30
C05555,Brinda Chaudry,Male,61,Bengaluru,Karnataka,South,2024-04-17
C05556,Lavanya Chaudhary,Male,52,Chennai,Tamil Nadu,South,2024-09-22
C05557,Tarak Sundaram,Male,30,Bengaluru,Karnataka,South,2024-04-14
C05558,Chandran Sundaram,Female,68,Mumbai,Maharashtra,West,2022-09-07
C05559,Amaira Kothari,Male,53,Jaipur,Rajasthan,North,2023-04-15
C05560,Owen Naidu,Male,36,Coimbatore,Tamil Nadu,South,2025-02-12
C05561,Qadim Kade,Female,27,Kochi,Kerala,South,2024-08-22
C05562,Ishaan Sehgal,Female,20,Ahmedabad,Gujarat,West,2025-05-26
C05563,Ekalinga Lalla,Female,46,Chennai,Tamil Nadu,South,2022-03-21
C05564,Raagini Dewan,Female,68,Delhi,Delhi,North,2023-04-13
C05565,Tanish Sibal,Female,60,Chennai,Tamil Nadu,South,2023-05-20
C05566,Yutika Sharma,Female,67,Kochi,Kerala,South,2023-02-02
C05567,Hitesh Chakraborty,Male,70,Bhubaneswar,Odisha,East,2022-12-04
C05568,Christopher Dutt,Male,58,Bengaluru,Karnataka,South,2023-08-16
C05569,Aashi Chandran,Male,56,Lucknow,Uttar Pradesh,North,2024-09-29
C05570,Wahab Pingle,Male,26,Noida,Uttar Pradesh,North,2023-05-08
C05571,Manan Choudhury,Male,37,Kolkata,West Bengal,East,2022-05-30
C05572,Sai Bains,Female,33,Kochi,Kerala,South,2025-12-29
C05573,Yashoda Balasubramanian,Male,68,Nagpur,Maharashtra,West,2023-11-13
C05574,Mohini Lad,Female,36,Delhi,Delhi,North,2025-09-05
C05575,Lakshit Dyal,Female,64,Surat,Gujarat,West,2024-07-19
C05576,Siya Parekh,Male,29,Bhubaneswar,Odisha,East,2025-02-01
C05577,Ria Tripathi,Male,19,Hyderabad,Telangana,South,2025-10-12
C05578,Raksha Apte,Male,61,Ahmedabad,Gujarat,West,2024-10-16
C05579,David Bal,Male,60,Guwahati,Assam,East,2025-02-17
C05580,Chakradhar Sahota,Female,34,Coimbatore,Tamil Nadu,South,2025-09-15
C05581,Ekaja Solanki,Male,38,Bhubaneswar,Odisha,East,2024-04-04
C05582,Pranit Gulati,Female,49,Noida,Uttar Pradesh,North,2023-10-24
C05583,Frederick Mistry,Female,62,Noida,Uttar Pradesh,North,2025-03-17
C05584,Gavin Chad,Male,54,Noida,Uttar Pradesh,North,2023-07-24
C05585,Yasti Tata,Female,54,Kolkata,West Bengal,East,2024-05-08
C05586,Noah Sampath,Male,51,Lucknow,Uttar Pradesh,North,2024-01-06
C05587,Ubika Ramanathan,Male,42,Noida,Uttar Pradesh,North,2024-05-28
C05588,Chandresh Loke,Female,44,Chennai,Tamil Nadu,South,2024-03-06
C05589,Isha Karnik,Female,41,Pune,Maharashtra,West,2024-07-15
C05590,Aarna Chakrabarti,Female,38,Mumbai,Maharashtra,West,2022-06-19
C05591,Isaiah Pant,Male,44,Bengaluru,Karnataka,South,2022-07-10
C05592,Chaitanya Talwar,Male,26,Delhi,Delhi,North,2023-09-05
C05593,Peter Sura,Female,30,Mumbai,Maharashtra,West,2024-11-14
C05594,Udarsh Nath,Male,58,Surat,Gujarat,West,2025-06-15
C05595,Irya Chhabra,Female,37,Chandigarh,Chandigarh,North,2023-08-29
C05596,Mitali Gopal,Female,69,Surat,Gujarat,West,2023-01-05
C05597,Chakradev Sama,Female,61,Kolkata,West Bengal,East,2024-12-24
C05598,Krisha Rajagopal,Male,31,Unknown,Tamil Nadu,South,2023-05-29
C05599,Alka Sanghvi,Female,23,Mumbai,Maharashtra,West,2022-03-07
C05600,Amaira Sethi,Male,64,Pune,Maharashtra,West,2023-09-23
C05601,Max Bhattacharyya,Male,38,Pune,Maharashtra,West,2024-03-26
C05602,Advay Dua,Female,55,Ahmedabad,Gujarat,West,2024-07-28
C05603,Harsh Raju,Female,54,Guwahati,Assam,East,2022-12-23
C05604,Nathaniel Parekh,Female,28,Delhi,Delhi,North,2022-11-29
C05605,Niharika Maharaj,Male,32,Mumbai,Maharashtra,West,2023-05-05
C05606,Aadi Thakkar,Female,40,Noida,Uttar Pradesh,North,2023-11-24
C05607,Amaira Warrior,Female,58,Coimbatore,Tamil Nadu,South,2022-06-19
C05608,Yachana Kari,Female,32,Pune,Maharashtra,West,2024-12-11
C05609,Rajata Devan,Female,43,Chennai,Tamil Nadu,South,2022-10-14
C05610,Megha Srinivasan,Male,46,Hyderabad,Telangana,South,2025-05-13
C05611,Sai Bir,Male,56,Bengaluru,Karnataka,South,2023-08-29
C05612,Anthony Bhatnagar,Female,23,Coimbatore,Tamil Nadu,South,2022-02-24
C05613,Charita Borah,Male,40,Nagpur,Maharashtra,West,2022-12-29
C05614,Isaiah Kothari,Female,42,Noida,Uttar Pradesh,North,2022-12-27
C05615,Nihal Jayaraman,Female,32,Chandigarh,Chandigarh,North,2022-01-11
C05616,Hritik Kaul,Male,25,Patna,Bihar,East,2022-03-09
C05617,Vaishnavi Reddy,Male,37,Ranchi,Jharkhand,East,2022-11-18
C05618,Harita Grover,Male,27,Ahmedabad,Gujarat,West,2022-01-16
C05619,Caleb Kumar,Male,24,Chennai,Tamil Nadu,South,2025-10-07
C05620,Yasti Chandra,Female,57,Pune,Maharashtra,West,2023-03-10
C05621,Gaurangi Bains,Male,56,Hyderabad,Telangana,South,2024-09-24
C05622,Jagvi Mallick,Male,29,Chennai,Tamil Nadu,South,2025-08-16
C05623,Warhi Dhillon,Male,42,Lucknow,Uttar Pradesh,North,2024-05-31
C05624,Jeet Chatterjee,Female,62,Kochi,Kerala,South,2024-02-11
C05625,Eesha Balay,Female,56,Nagpur,Maharashtra,West,2024-01-25
C05626,Bimala Mahal,Male,32,Surat,Gujarat,West,2025-04-01
C05627,Omaja Ratti,Male,65,Kochi,Kerala,South,2023-03-21
C05628,Upma Sule,Female,47,Bengaluru,Karnataka,South,2025-08-26
C05629,Zaitra Date,Female,39,Ranchi,Jharkhand,East,2022-06-04
C05630,Benjamin Agate,Male,46,Surat,Gujarat,West,2023-08-13
C05631,Triya Dhillon,Female,66,Chennai,Tamil Nadu,South,2025-06-13
C05632,Anita Buch,Male,23,Nagpur,Maharashtra,West,2025-12-03
C05633,Anika Sachdev,Female,63,Chandigarh,Chandigarh,North,2024-05-26
C05634,Upkaar Narain,Male,60,Mumbai,Maharashtra,West,2023-12-07
C05635,Meera Puri,Male,19,Surat,Gujarat,West,2022-05-18
C05636,Pahal Yohannan,Male,70,Jaipur,Rajasthan,North,2025-02-08
C05637,Meghana Sarraf,Male,44,Lucknow,Uttar Pradesh,North,2024-09-03
C05638,Yashawini Raj,Male,26,Noida,Uttar Pradesh,North,2022-05-03
C05639,Gautam Narang,Female,58,Chennai,Tamil Nadu,South,2024-03-11
C05640,Advika Murthy,Female,58,Surat,Gujarat,West,2022-02-19
C05641,Indrajit Dash,Female,33,Guwahati,Assam,East,2023-02-23
C05642,Pranit Bhardwaj,Female,25,Coimbatore,Tamil Nadu,South,2025-11-01
C05643,Jalsa Koshy,Male,26,Nagpur,Maharashtra,West,2022-11-15
C05644,Chaitanya Panchal,Female,44,Nagpur,Maharashtra,West,2023-08-06
C05645,Ekavir Som,Male,36,Bengaluru,Karnataka,South,2022-06-21
C05646,Pahal Bhatia,Male,19,Ranchi,Jharkhand,East,2023-10-01
C05647,Megha Johal,Female,67,Coimbatore,Tamil Nadu,South,2024-07-17
C05648,Dipta Kothari,Male,33,Ranchi,Jharkhand,East,2025-01-06
C05649,Jeremiah Chaudhry,Male,34,Delhi,Delhi,North,2023-03-01
C05650,Falak Pradhan,Female,42,Nagpur,Maharashtra,West,2025-09-11
C05651,Ladli Sunder,Female,24,Jaipur,Rajasthan,North,2024-09-07
C05652,Chandran Bakshi,Female,44,Nagpur,Maharashtra,West,2023-02-18
C05653,Laban Misra,Male,51,Mumbai,Maharashtra,West,2023-11-30
C05654,Praneel Batta,Female,60,Chennai,Tamil Nadu,South,2022-07-21
C05655,Krisha Prashad,Male,62,Guwahati,Assam,East,2023-12-25
C05656,Radhika Sankar,Female,46,Ahmedabad,Gujarat,West,2023-01-12
C05657,Nirja Bedi,Male,69,Bhubaneswar,Odisha,East,2024-01-26
C05658,Rajata Lala,Female,40,Coimbatore,Tamil Nadu,South,2023-07-27
C05659,Akshay Mukhopadhyay,Female,61,Coimbatore,Tamil Nadu,South,2024-09-28
C05660,Pallavi Patla,Female,44,Surat,Gujarat,West,2025-06-10
C05661,Saanvi Oak,Female,55,Bengaluru,Karnataka,South,2024-11-13
C05662,Shravya Morar,Female,63,Pune,Maharashtra,West,2023-07-25
C05663,Timothy Handa,Female,44,Mumbai,Maharashtra,West,2022-02-14
C05664,Pavani De,Female,55,Lucknow,Uttar Pradesh,North,2022-01-12
C05665,Kala Kuruvilla,Female,42,Hyderabad,Telangana,South,2024-05-07
C05666,Lakshmi De,Male,70,Ahmedabad,Gujarat,West,2022-08-13
C05667,Omya Nayar,Female,44,Chandigarh,Chandigarh,North,2022-09-16
C05668,Chatura Chopra,Male,65,Jaipur,Rajasthan,North,2025-05-08
C05669,Gaurika Palan,Female,55,Mumbai,Maharashtra,West,2025-06-11
C05670,Chatresh Andra,Female,26,Lucknow,Uttar Pradesh,North,2025-11-03
C05671,Naveen Grover,Female,45,Hyderabad,Telangana,South,2022-08-14
C05672,Parth Doshi,Male,27,Patna,Bihar,East,2022-01-09
C05673,Pratyush Seth,Female,53,Lucknow,Uttar Pradesh,North,2024-10-07
C05674,Vanya Som,Female,49,Kolkata,West Bengal,East,2023-08-11
C05675,Nandini Desai,Female,25,Chandigarh,Chandigarh,North,2022-10-08
C05676,Ekalinga Ramakrishnan,Male,47,Patna,Bihar,East,2025-11-30
C05677,Hemang Brar,Male,23,Coimbatore,Tamil Nadu,South,2025-08-23
C05678,Avni Chaudhry,Male,67,Hyderabad,Telangana,South,2025-10-25
C05679,Kashish Thakur,Male,62,Bengaluru,Karnataka,South,2025-08-14
C05680,Zansi Rama,Female,38,Hyderabad,Telangana,South,2025-12-01
C05681,Abeer Yadav,Female,67,Bengaluru,Karnataka,South,2024-09-26
C05682,Hritik Som,Male,44,Delhi,Delhi,North,2024-03-20
C05683,Vasana Talwar,Female,30,Jaipur,Rajasthan,North,2024-12-01
C05684,Rohan Buch,Male,19,Chennai,Tamil Nadu,South,2022-10-11
C05685,Ishita Sawhney,Female,50,Kolkata,West Bengal,East,2025-10-16
C05686,Anjali Sehgal,Female,67,Bhubaneswar,Odisha,East,2024-03-05
C05687,Nilima Lall,Male,66,Ranchi,Jharkhand,East,2023-02-21
C05688,Pavani Borra,Female,19,Bengaluru,Karnataka,South,2025-10-15
C05689,Indrajit Gala,Female,49,Ranchi,Jharkhand,East,2022-12-07
C05690,Samar Wadhwa,Male,42,Delhi,Delhi,North,2025-11-29
C05691,Veer Srinivas,Female,56,Kochi,Kerala,South,2025-08-03
C05692,Vedant Sani,Male,19,Guwahati,Assam,East,2025-05-12
C05693,Libni Walia,Female,54,Ahmedabad,Gujarat,West,2024-05-08
C05694,Triya Palla,Male,27,Delhi,Delhi,North,2022-08-21
C05695,Jyoti Lanka,Male,41,Kochi,Kerala,South,2022-07-11
C05696,Dayita Datta,Male,39,Chennai,Tamil Nadu,South,2022-06-08
C05697,Viraj Thakur,Female,68,Chennai,Tamil Nadu,South,2024-08-31
C05698,Zehaan Pathak,Male,31,Kolkata,West Bengal,East,2025-01-12
C05699,Champak Balay,Male,36,Ranchi,Jharkhand,East,2025-03-27
C05700,Aachal Mody,Female,21,Chennai,Tamil Nadu,South,2022-05-06
C05701,Bhavika Sibal,Female,42,Chennai,Tamil Nadu,South,2023-12-15
C05702,Madhav Hegde,Male,39,Patna,Bihar,East,2022-06-05
C05703,Isaac Dey,Male,48,Chennai,Tamil Nadu,South,2023-07-17
C05704,Mitesh Sem,Male,30,Ahmedabad,Gujarat,West,2023-12-23
C05705,Vyanjana Chad,Female,51,Unknown,Tamil Nadu,South,2022-07-31
C05706,Raksha Rao,Female,25,Guwahati,Assam,East,2023-08-01
C05707,Xavier Memon,Female,20,Surat,Gujarat,West,2025-01-29
C05708,Vrishti Gara,Male,47,Hyderabad,Telangana,South,2022-03-18
C05709,Rehaan Yohannan,Male,48,Delhi,Delhi,North,2024-04-09
C05710,Omkaar Bora,Male,41,Chandigarh,Chandigarh,North,2022-07-11
C05711,Irya Arora,Female,25,Surat,Gujarat,West,2024-05-18
C05712,Ekalinga Ram,Female,46,Hyderabad,Telangana,South,2024-08-20
C05713,Benjamin Kumer,Male,28,Nagpur,Maharashtra,West,2023-02-18
C05714,Robert Bali,Female,19,Surat,Gujarat,West,2022-03-27
C05715,Victor Nair,Female,30,Nagpur,Maharashtra,West,2023-03-01
C05716,Amara Karnik,Female,45,Hyderabad,Telangana,South,2022-05-18
C05717,Victor Mody,Female,33,Pune,Maharashtra,West,2025-01-22
C05718,Balendra Chawla,Male,36,Pune,Maharashtra,West,2023-05-22
C05719,Meghana Sastry,Male,24,Bengaluru,Karnataka,South,2025-09-12
C05720,Yashasvi Mangat,Male,22,Surat,Gujarat,West,2023-11-18
C05721,Pavani Pai,Female,45,Noida,Uttar Pradesh,North,2023-07-03
C05722,Arya Kumar,Male,70,Nagpur,Maharashtra,West,2023-03-03
C05723,Jagvi Lal,Male,68,Bhubaneswar,Odisha,East,2022-01-14
C05724,Prisha Bera,Female,29,Pune,Maharashtra,West,2022-11-19
C05725,Janaki Bhatti,Male,34,Surat,Gujarat,West,2024-05-30
C05726,Teerth Seshadri,Male,28,Ahmedabad,Gujarat,West,2025-12-25
C05727,Alexander Nagi,Female,45,Nagpur,Maharashtra,West,2024-01-30
C05728,Jatin Din,Female,70,Coimbatore,Tamil Nadu,South,2022-01-10
C05729,Yadavi Vala,Female,26,Chennai,Tamil Nadu,South,2025-01-01
C05730,Libni Sandal,Female,66,Kolkata,West Bengal,East,2025-08-01
C05731,Darsh Mohan,Female,68,Ranchi,Jharkhand,East,2022-12-08
C05732,Vasana Deol,Male,66,Surat,Gujarat,West,2022-08-26
C05733,Henry Mahal,Male,62,Pune,Maharashtra,West,2023-10-16
C05734,Laksh Kulkarni,Male,18,Noida,Uttar Pradesh,North,2024-03-09
C05735,Viraj Bansal,Female,23,Delhi,Delhi,North,2022-01-18
C05736,Lakshmi Krishnan,Female,27,Chennai,Tamil Nadu,South,2022-10-17
C05737,Amrita Deo,Male,61,Kochi,Kerala,South,2024-09-28
C05738,Upkaar Sengupta,Female,70,Patna,Bihar,East,2025-09-10
C05739,Warinder Khanna,Male,66,Chandigarh,Chandigarh,North,2024-08-19
C05740,Matthew Chowdhury,Female,24,Chandigarh,Chandigarh,North,2022-09-04
C05741,Ayushman Ramanathan,Female,67,Nagpur,Maharashtra,West,2024-06-08
C05742,Shivansh Gera,Female,20,Surat,Gujarat,West,2024-04-12
C05743,Simon Ganesh,Male,30,Chandigarh,Chandigarh,North,2024-12-09
C05744,Jairaj Basu,Male,57,Kochi,Kerala,South,2022-02-02
C05745,Alexander Goyal,Female,26,Jaipur,Rajasthan,North,2022-11-27
C05746,Parth Agate,Female,30,Guwahati,Assam,East,2025-10-29
C05747,Dev Vig,Male,26,Noida,Uttar Pradesh,North,2023-02-15
C05748,Triya Saraf,Female,33,Unknown,Jharkhand,East,2022-06-05
C05749,Ishwar Bath,Male,41,Kolkata,West Bengal,East,2024-07-28
C05750,Yashoda Srivastava,Male,44,Chandigarh,Chandigarh,North,2025-10-07
C05751,Jairaj Apte,Female,68,Chennai,Tamil Nadu,South,2023-11-17
C05752,Chakrika Gulati,Female,20,Delhi,Delhi,North,2022-06-19
C05753,Leela Chander,Male,43,Delhi,Delhi,North,2022-03-31
C05754,David Keer,Male,19,Jaipur,Rajasthan,North,2024-05-08
C05755,Eiravati Kohli,Female,53,Pune,Maharashtra,West,2024-04-01
C05756,Yashvi Batta,Female,47,Pune,Maharashtra,West,2025-10-02
C05757,Anya Sama,Male,32,Ranchi,Jharkhand,East,2024-07-22
C05758,Robert Murty,Male,40,Nagpur,Maharashtra,West,2024-10-21
C05759,Nilima Mutti,Male,24,Mumbai,Maharashtra,West,2025-05-14
C05760,Bakhshi Aggarwal,Male,70,Bengaluru,Karnataka,South,2024-08-24
C05761,Anay Shankar,Female,58,Coimbatore,Tamil Nadu,South,2025-12-26
C05762,Qabil Aggarwal,Male,69,Ahmedabad,Gujarat,West,2025-10-22
C05763,Arya Narayan,Female,62,Coimbatore,Tamil Nadu,South,2022-07-07
C05764,Raksha Borde,Female,27,Bengaluru,Karnataka,South,2024-05-16
C05765,Anmol Batra,Female,52,Jaipur,Rajasthan,North,2023-09-28
C05766,Rachita Ramakrishnan,Female,60,Nagpur,Maharashtra,West,2022-12-07
C05767,Amruta Chanda,Male,62,Chennai,Tamil Nadu,South,2022-03-22
C05768,Agastya Ramaswamy,Female,60,Bhubaneswar,Odisha,East,2022-02-12
C05769,Chandani Chadha,Female,68,Kochi,Kerala,South,2025-09-27
C05770,Umang Manda,Male,53,Chennai,Tamil Nadu,South,2025-04-21
C05771,Sanya Naik,Male,49,Lucknow,Uttar Pradesh,North,2023-03-03
C05772,Mohini Luthra,Male,64,Guwahati,Assam,East,2025-08-27
C05773,Benjamin Virk,Female,44,Coimbatore,Tamil Nadu,South,2023-04-26
C05774,Jhalak Hayer,Male,69,Bhubaneswar,Odisha,East,2024-02-21
C05775,Oni Jain,Male,55,Chennai,Tamil Nadu,South,2022-04-27
C05776,Lohit Purohit,Male,22,Hyderabad,Telangana,South,2025-04-20
C05777,Nathaniel Rama,Male,69,Nagpur,Maharashtra,West,2022-08-22
C05778,Alexander Wable,Male,51,Ranchi,Jharkhand,East,2022-04-02
C05779,Rachita Venkatesh,Female,22,Jaipur,Rajasthan,North,2023-11-19
C05780,Urmi Wadhwa,Male,57,Nagpur,Maharashtra,West,2023-01-04
C05781,Elijah Patla,Male,58,Delhi,Delhi,North,2023-06-22
C05782,Kamala Sanghvi,Male,67,Surat,Gujarat,West,2022-07-01
C05783,Janani Setty,Male,50,Pune,Maharashtra,West,2024-12-29
C05784,Suhani Purohit,Male,61,Delhi,Delhi,North,2022-10-15
C05785,Warjas Date,Female,66,Noida,Uttar Pradesh,North,2022-05-17
C05786,Gagan Deo,Female,67,Surat,Gujarat,West,2025-11-29
C05787,Jagrati Sha,Male,22,Mumbai,Maharashtra,West,2023-12-13
C05788,Lajita Aurora,Female,61,Kolkata,West Bengal,East,2022-03-16
C05789,Farhan Ahluwalia,Male,18,Pune,Maharashtra,West,2025-10-13
C05790,Liam Bora,Male,56,Guwahati,Assam,East,2024-10-15
C05791,Jalsa Nayak,Male,24,Nagpur,Maharashtra,West,2023-08-18
C05792,Jacob Sharma,Male,60,Mumbai,Maharashtra,West,2023-09-24
C05793,Tanmayi Mannan,Female,64,Pune,Maharashtra,West,2024-08-29
C05794,Lakshit Sura,Female,69,Kolkata,West Bengal,East,2022-08-01
C05795,Lekha Goyal,Male,50,Surat,Gujarat,West,2025-11-14
C05796,Gopal Dhillon,Male,44,Surat,Gujarat,West,2022-09-14
C05797,George Rau,Female,19,Guwahati,Assam,East,2025-01-20
C05798,Rajata Lata,Male,47,Bengaluru,Karnataka,South,2025-08-03
C05799,Nicholas Dhaliwal,Male,29,Bhubaneswar,Odisha,East,2025-04-27
C05800,Gaurika Vala,Male,54,Surat,Gujarat,West,2024-06-28
C05801,Shivani Bera,Female,23,Jaipur,Rajasthan,North,2024-07-05
C05802,Jeevika Lata,Male,53,Patna,Bihar,East,2022-12-13
C05803,Henry Pal,Male,47,Ranchi,Jharkhand,East,2025-10-16
C05804,Kashish Sunder,Female,54,Hyderabad,Telangana,South,2023-05-11
C05805,Eiravati Saran,Female,57,Pune,Maharashtra,West,2023-10-25
C05806,Aarnav Dhaliwal,Female,38,Surat,Gujarat,West,2022-11-08
C05807,Jeevika Taneja,Female,19,Guwahati,Assam,East,2024-02-18
C05808,Andrew Bawa,Female,65,Unknown,Maharashtra,West,2025-02-14
C05809,Mohini Kanda,Male,63,Ahmedabad,Gujarat,West,2022-03-02
C05810,Nimrat Maharaj,Female,24,Patna,Bihar,East,2022-09-13
C05811,Tripti Garg,Female,53,Guwahati,Assam,East,2023-11-07
C05812,Laban Mallick,Male,55,Noida,Uttar Pradesh,North,2022-05-24
C05813,Peter Thakur,Female,69,Patna,Bihar,East,2024-03-22
C05814,Falak Mammen,Male,59,Hyderabad,Telangana,South,2024-06-22
C05815,Dalbir Chakraborty,Female,20,Kochi,Kerala,South,2024-12-12
C05816,Zinal Varughese,Male,63,Kochi,Kerala,South,2022-03-31
C05817,Naveen Lala,Male,51,Lucknow,Uttar Pradesh,North,2023-07-07
C05818,Wridesh Chana,Female,58,Ranchi,Jharkhand,East,2024-10-03
C05819,Oni Bora,Male,59,Mumbai,Maharashtra,West,2025-07-06
C05820,Kashvi Ahuja,Male,19,Coimbatore,Tamil Nadu,South,2025-04-22
C05821,Dominic Bhargava,Male,22,Coimbatore,Tamil Nadu,South,2023-11-28
C05822,Daniel Chand,Male,49,Chandigarh,Chandigarh,North,2025-07-05
C05823,Kamya Agarwal,Female,60,Hyderabad,Telangana,South,2022-02-17
C05824,Ubika Chopra,Male,28,Lucknow,Uttar Pradesh,North,2022-11-02
C05825,Divya Grewal,Male,70,Coimbatore,Tamil Nadu,South,2024-04-15
C05826,Faris Bassi,Female,28,Hyderabad,Telangana,South,2022-02-02
C05827,Utkarsh Sastry,Male,19,Kolkata,West Bengal,East,2024-10-17
C05828,Laban Iyengar,Female,59,Patna,Bihar,East,2022-12-20
C05829,Bachittar Shere,Female,41,Jaipur,Rajasthan,North,2023-06-16
C05830,Qushi Murthy,Female,49,Kochi,Kerala,South,2022-02-20
C05831,Aayush Sule,Female,37,Kolkata,West Bengal,East,2025-08-07
C05832,Gabriel Thaman,Female,61,Nagpur,Maharashtra,West,2024-01-23
C05833,Falak Memon,Male,64,Chandigarh,Chandigarh,North,2023-06-08
C05834,Lohit Vig,Female,59,Surat,Gujarat,West,2023-03-03
C05835,Odika Kala,Female,39,Ahmedabad,Gujarat,West,2023-03-25
C05836,Hemangini Deep,Female,53,Lucknow,Uttar Pradesh,North,2024-02-19
C05837,Arya Sodhi,Male,60,Guwahati,Assam,East,2023-12-26
C05838,Odika Chakrabarti,Male,68,Lucknow,Uttar Pradesh,North,2024-11-03
C05839,Urvi Jain,Female,59,Coimbatore,Tamil Nadu,South,2025-09-16
C05840,Fitan Kala,Male,44,Surat,Gujarat,West,2025-07-14
C05841,Balendra Kuruvilla,Female,37,Bhubaneswar,Odisha,East,2024-06-08
C05842,Chakradev Dube,Male,60,Pune,Maharashtra,West,2022-11-12
C05843,Neha Kapadia,Female,18,Chandigarh,Chandigarh,North,2024-01-18
C05844,Ekapad Sidhu,Male,28,Ranchi,Jharkhand,East,2023-08-19
C05845,Tanay Parsa,Male,60,Chandigarh,Chandigarh,North,2025-06-03
C05846,Aahana Viswanathan,Male,64,Patna,Bihar,East,2023-09-08
C05847,Geetika Doshi,Female,52,Nagpur,Maharashtra,West,2025-11-15
C05848,Darpan Ravi,Female,69,Chennai,Tamil Nadu,South,2023-09-18
C05849,Radhika Barad,Male,52,Chennai,Tamil Nadu,South,2025-05-05
C05850,Sara Hari,Male,21,Bengaluru,Karnataka,South,2022-12-05
C05851,Zayan Mistry,Male,54,Ahmedabad,Gujarat,West,2022-12-19
C05852,Chavvi Goel,Male,65,Bengaluru,Karnataka,South,2024-07-04
C05853,Vedant Raja,Female,35,Pune,Maharashtra,West,2025-04-23
C05854,Nidra Devi,Male,33,Unknown,Uttar Pradesh,North,2025-09-27
C05855,Ganga Natt,Female,26,Mumbai,Maharashtra,West,2022-05-10
C05856,Sanaya Sawhney,Female,20,Ahmedabad,Gujarat,West,2022-08-14
C05857,Chandresh Ramaswamy,Female,19,Delhi,Delhi,North,2023-09-07
C05858,Saumya Nayak,Female,31,Noida,Uttar Pradesh,North,2022-07-12
C05859,Fariq Patla,Female,56,Mumbai,Maharashtra,West,2022-10-13
C05860,Nathaniel Jha,Female,57,Coimbatore,Tamil Nadu,South,2023-04-04
C05861,Aditya Bandi,Male,69,Patna,Bihar,East,2023-01-21
C05862,Ekta Chhabra,Male,33,Delhi,Delhi,North,2022-08-17
C05863,Wakeeta More,Female,28,Noida,Uttar Pradesh,North,2022-03-01
C05864,Harsh Kaur,Female,27,Pune,Maharashtra,West,2024-08-01
C05865,Fiyaz Chaudhry,Female,25,Surat,Gujarat,West,2023-01-11
C05866,Yashica Rama,Female,32,Noida,Uttar Pradesh,North,2024-01-15
C05867,Anirudh Dhar,Female,40,Nagpur,Maharashtra,West,2025-10-18
C05868,Chakrika Saxena,Female,20,Chennai,Tamil Nadu,South,2023-06-16
C05869,Chatura Goel,Male,38,Delhi,Delhi,North,2025-04-12
C05870,Arjun Ravi,Female,40,Bengaluru,Karnataka,South,2025-09-25
C05871,Vivaan Murty,Male,62,Patna,Bihar,East,2025-11-02
C05872,Fiyaz Goel,Male,48,Mumbai,Maharashtra,West,2024-05-05
C05873,Fitan Deshmukh,Female,30,Chennai,Tamil Nadu,South,2024-05-01
C05874,Raksha Murthy,Male,26,Kochi,Kerala,South,2024-02-29
C05875,Daniel Anne,Female,45,Patna,Bihar,East,2024-09-01
C05876,Omisha Bedi,Female,24,Jaipur,Rajasthan,North,2024-05-21
C05877,Ekaja Choudhry,Female,51,Bengaluru,Karnataka,South,2022-02-28
C05878,Tanish Goswami,Male,18,Bengaluru,Karnataka,South,2024-03-14
C05879,Aashi Sarraf,Male,23,Delhi,Delhi,North,2024-05-18
C05880,Azad Sarma,Male,68,Chandigarh,Chandigarh,North,2023-05-08
C05881,Caleb Tailor,Female,22,Ranchi,Jharkhand,East,2025-05-09
C05882,Saanvi Halder,Female,39,Surat,Gujarat,West,2022-05-02
C05883,Ubika Bawa,Male,70,Kochi,Kerala,South,2025-06-14
C05884,Jasmit Bala,Male,61,Bengaluru,Karnataka,South,2024-06-21
C05885,Dominic Bava,Female,68,Jaipur,Rajasthan,North,2023-03-17
C05886,Maya Mani,Male,37,Hyderabad,Telangana,South,2025-02-12
C05887,Daksha Arora,Female,59,Mumbai,Maharashtra,West,2025-09-08
C05888,Jagat Aggarwal,Male,43,Coimbatore,Tamil Nadu,South,2024-01-27
C05889,Ijaya Date,Male,53,Chennai,Tamil Nadu,South,2025-10-23
C05890,Tanish Sangha,Male,34,Coimbatore,Tamil Nadu,South,2022-08-08
C05891,Yashawini Mane,Female,42,Kochi,Kerala,South,2024-01-30
C05892,Ekbal Mital,Male,25,Nagpur,Maharashtra,West,2025-06-02
C05893,Timothy Nayar,Male,65,Lucknow,Uttar Pradesh,North,2025-04-24
C05894,Jagrati Pal,Male,51,Kochi,Kerala,South,2023-02-02
C05895,Kashvi Oak,Female,33,Bhubaneswar,Odisha,East,2025-08-17
C05896,Chakradev Pathak,Male,68,Nagpur,Maharashtra,West,2024-02-02
C05897,Ekavir Bandi,Male,60,Chennai,Tamil Nadu,South,2025-11-05
C05898,Nikita Sur,Male,61,Guwahati,Assam,East,2024-09-17
C05899,Anirudh Rao,Female,27,Lucknow,Uttar Pradesh,North,2022-02-02
C05900,Daniel Borah,Female,56,Delhi,Delhi,North,2025-10-10
C05901,Reva Sood,Female,31,Kochi,Kerala,South,2022-05-12
C05902,Chaitanya Khurana,Female,27,Ranchi,Jharkhand,East,2022-08-17
C05903,Xiti Loke,Female,32,Delhi,Delhi,North,2022-04-20
C05904,Tejas Hari,Male,55,Bhubaneswar,Odisha,East,2022-11-17
C05905,Damyanti Prasad,Male,68,Surat,Gujarat,West,2025-03-07
C05906,Ansh Agate,Female,45,Pune,Maharashtra,West,2025-10-23
C05907,Vritti Shanker,Female,26,Delhi,Delhi,North,2022-02-25
C05908,Naksh Natt,Male,46,Surat,Gujarat,West,2024-09-25
C05909,Abhiram Kamdar,Male,41,Lucknow,Uttar Pradesh,North,2025-05-03
C05910,Ijaya Apte,Female,38,Kolkata,West Bengal,East,2023-06-05
C05911,Wakeeta Kala,Male,67,Coimbatore,Tamil Nadu,South,2022-01-13
C05912,Dhriti Kumer,Female,53,Noida,Uttar Pradesh,North,2023-05-15
C05913,Mahika Gour,Female,21,Jaipur,Rajasthan,North,2023-09-27
C05914,Hitesh Sharaf,Female,46,Kochi,Kerala,South,2024-10-27
C05915,Qarin Bhat,Male,35,Delhi,Delhi,North,2023-05-02
C05916,Mason Kanda,Female,61,Coimbatore,Tamil Nadu,South,2023-07-14
C05917,Darika Narayanan,Male,52,Lucknow,Uttar Pradesh,North,2023-09-02
C05918,Ekaraj Aurora,Female,52,Jaipur,Rajasthan,North,2023-05-07
C05919,Balveer Sama,Male,53,Mumbai,Maharashtra,West,2022-06-04
C05920,Ishani Konda,Male,21,Chandigarh,Chandigarh,North,2022-12-20
C05921,Odika Uppal,Male,33,Patna,Bihar,East,2022-07-25
C05922,Xavier Atwal,Female,28,Chennai,Tamil Nadu,South,2022-07-25
C05923,Jackson Chakrabarti,Male,41,Chennai,Tamil Nadu,South,2023-04-27
C05924,Maya Sawhney,Male,61,Jaipur,Rajasthan,North,2022-03-06
C05925,Laban Ahuja,Male,64,Chandigarh,Chandigarh,North,2024-12-07
C05926,Gaurika Shan,Female,18,Chandigarh,Chandigarh,North,2023-04-01
C05927,Shravya Naik,Male,59,Hyderabad,Telangana,South,2025-10-17
C05928,Gagan Garg,Female,56,Guwahati,Assam,East,2023-05-18
C05929,Devika Ganesh,Female,59,Hyderabad,Telangana,South,2025-04-28
C05930,Chakradhar Kashyap,Male,20,Surat,Gujarat,West,2023-01-13
C05931,Oni Gola,Female,62,Coimbatore,Tamil Nadu,South,2022-06-15
C05932,Lohit Shankar,Male,47,Delhi,Delhi,North,2024-08-28
C05933,Irya Verma,Female,68,Coimbatore,Tamil Nadu,South,2023-07-05
C05934,Faras Kumer,Female,24,Hyderabad,Telangana,South,2025-05-27
C05935,Ubika Bakshi,Female,23,Bengaluru,Karnataka,South,2022-01-14
C05936,Aarav Saxena,Female,69,Noida,Uttar Pradesh,North,2022-06-14
C05937,Gavin Padmanabhan,Female,44,Lucknow,Uttar Pradesh,North,2023-06-16
C05938,Upkaar Ahuja,Female,40,Jaipur,Rajasthan,North,2025-06-17
C05939,Ranbir Sankar,Male,47,Mumbai,Maharashtra,West,2025-05-13
C05940,Hardik Garg,Female,46,Mumbai,Maharashtra,West,2023-04-29
C05941,Ira Vohra,Female,66,Delhi,Delhi,North,2025-11-10
C05942,Vrinda Agrawal,Female,43,Bengaluru,Karnataka,South,2023-05-08
C05943,Girindra Saraf,Female,52,Bengaluru,Karnataka,South,2024-02-21
C05944,Isaac Thakur,Female,49,Chennai,Tamil Nadu,South,2024-02-02
C05945,Siddharth Wason,Female,65,Chennai,Tamil Nadu,South,2023-02-05
C05946,Gaurangi Bumb,Male,31,Chennai,Tamil Nadu,South,2022-12-06
C05947,Ubika Singhal,Female,22,Lucknow,Uttar Pradesh,North,2025-09-28
C05948,Girindra Raj,Male,49,Surat,Gujarat,West,2024-02-20
C05949,Chandresh Nori,Female,61,Pune,Maharashtra,West,2022-01-02
C05950,Varenya Warrior,Male,61,Bengaluru,Karnataka,South,2024-05-02
C05951,Ekalinga Prashad,Male,36,Chennai,Tamil Nadu,South,2024-02-07
C05952,Yashoda Srinivasan,Female,52,Mumbai,Maharashtra,West,2025-05-15
C05953,Yashodhara Majumdar,Female,48,Jaipur,Rajasthan,North,2024-05-01
C05954,Deepa Bera,Female,42,Kochi,Kerala,South,2024-03-06
C05955,Yoshita Devi,Female,19,Nagpur,Maharashtra,West,2024-03-04
C05956,Vansha Gaba,Male,18,Hyderabad,Telangana,South,2025-02-18
C05957,Chatura Goel,Female,61,Hyderabad,Telangana,South,2023-03-27
C05958,Chaitaly Yadav,Male,62,Jaipur,Rajasthan,North,2024-04-02
C05959,Veer Deshmukh,Male,65,Patna,Bihar,East,2025-03-26
C05960,Daniel Krishnan,Male,48,Ranchi,Jharkhand,East,2022-08-21
C05961,Arunima Mallick,Male,35,Guwahati,Assam,East,2023-11-07
C05962,Arya Kakar,Female,65,Kochi,Kerala,South,2022-04-13
C05963,Imaran Bhatti,Male,23,Bhubaneswar,Odisha,East,2025-03-31
C05964,Jagvi Hayre,Male,35,Pune,Maharashtra,West,2022-09-20
C05965,Jonathan Arya,Male,23,Nagpur,Maharashtra,West,2023-01-30
C05966,Balendra Johal,Female,59,Surat,Gujarat,West,2025-11-27
C05967,Aradhana Dixit,Female,51,Bengaluru,Karnataka,South,2023-11-17
C05968,Karan De,Female,54,Noida,Uttar Pradesh,North,2025-09-05
C05969,Widisha Parmer,Female,57,Ahmedabad,Gujarat,West,2025-04-06
C05970,Harshil Kohli,Male,24,Lucknow,Uttar Pradesh,North,2022-11-27
C05971,Rishi Barman,Female,68,Mumbai,Maharashtra,West,2023-07-26
C05972,Yahvi Chander,Male,53,Surat,Gujarat,West,2023-12-30
C05973,Gautami Batta,Female,22,Delhi,Delhi,North,2022-01-20
C05974,Zehaan Randhawa,Male,24,Ahmedabad,Gujarat,West,2024-04-12
C05975,Aarnav Bhandari,Male,56,Bhubaneswar,Odisha,East,2022-07-12
C05976,Vihaan Sarraf,Female,70,Ahmedabad,Gujarat,West,2023-12-23
C05977,Tripti Parekh,Female,56,Bengaluru,Karnataka,South,2022-07-31
C05978,Gopal Yogi,Female,53,Surat,Gujarat,West,2023-03-23
C05979,Kevin Bobal,Male,51,Mumbai,Maharashtra,West,2025-03-21
C05980,Neel Chakraborty,Male,43,Ranchi,Jharkhand,East,2025-08-20
C05981,Ethan Singh,Male,25,Pune,Maharashtra,West,2025-11-29
C05982,Kritika Baria,Male,45,Delhi,Delhi,North,2024-10-20
C05983,Tejas Dar,Male,25,Patna,Bihar,East,2023-01-22
C05984,Adya Kota,Male,69,Pune,Maharashtra,West,2024-05-13
C05985,Ekalinga Ram,Female,35,Kolkata,West Bengal,East,2024-08-20
C05986,Nicholas Dora,Male,33,Mumbai,Maharashtra,West,2023-09-28
C05987,Samaksh Dani,Female,65,Pune,Maharashtra,West,2025-05-16
C05988,Vidhi Atwal,Male,39,Hyderabad,Telangana,South,2023-11-13
C05989,Jeevika Ravi,Male,27,Jaipur,Rajasthan,North,2025-10-24
C05990,Omisha Ramaswamy,Male,27,Ahmedabad,Gujarat,West,2023-03-23
C05991,Banjeet Rajagopal,Female,69,Patna,Bihar,East,2022-08-05
C05992,Meera Dua,Male,38,Hyderabad,Telangana,South,2025-12-05
C05993,Yauvani Ramesh,Female,49,Mumbai,Maharashtra,West,2025-07-12
C05994,Janaki Bhasin,Male,63,Bhubaneswar,Odisha,East,2022-08-06
C05995,Bhavini Kumar,Female,32,Chennai,Tamil Nadu,South,2022-09-06
C05996,Balhaar Sastry,Female,24,Ahmedabad,Gujarat,West,2024-01-04
C05997,Mahika Hegde,Female,32,Ranchi,Jharkhand,East,2023-05-31
C05998,Ranbir Kar,Male,56,Bengaluru,Karnataka,South,2023-03-22
C05999,Hemangini Anand,Female,51,Bengaluru,Karnataka,South,2025-05-09
C06000,Krisha Ganesh,Male,59,Lucknow,Uttar Pradesh,North,2025-06-27
C06001,Ranveer Dayal,Female,26,Lucknow,Uttar Pradesh,North,2024-01-13
C06002,Lekha Desai,Male,62,Delhi,Delhi,North,2025-02-25
C06003,Jacob Chakrabarti,Male,39,Bengaluru,Karnataka,South,2025-07-26
C06004,Manan Kumer,Female,50,Delhi,Delhi,North,2024-05-07
C06005,Nirja Devan,Female,30,Coimbatore,Tamil Nadu,South,2023-03-18
C06006,Ekani Lata,Female,62,Guwahati,Assam,East,2022-02-28
C06007,Harrison Varma,Male,63,Bengaluru,Karnataka,South,2025-09-07
C06008,Waida Chaudhari,Male,37,Chennai,Tamil Nadu,South,2025-12-17
C06009,Manbir Khatri,Male,65,Coimbatore,Tamil Nadu,South,2025-08-16
C06010,Frado Rai,Male,69,Patna,Bihar,East,2022-07-12
C06011,Thomas Iyer,Male,29,Chandigarh,Chandigarh,North,2025-10-11
C06012,Wriddhish Desai,Female,18,Chandigarh,Chandigarh,North,2023-10-03
C06013,Triveni Grover,Female,36,Hyderabad,Telangana,South,2022-07-24
C06014,Dakshesh Patla,Female,27,Kochi,Kerala,South,2025-02-06
C06015,Umang Korpal,Female,33,Delhi,Delhi,North,2022-11-19
C06016,Samaksh Banerjee,Female,46,Lucknow,Uttar Pradesh,North,2022-01-15
C06017,Faras Brar,Female,60,Mumbai,Maharashtra,West,2022-08-30
C06018,Xalak Ravi,Female,18,Kochi,Kerala,South,2024-05-03
C06019,Kashvi Loke,Male,37,Noida,Uttar Pradesh,North,2023-08-07
C06020,Unni Ramakrishnan,Male,30,Pune,Maharashtra,West,2025-06-25
C06021,Xalak Narayanan,Male,37,Ahmedabad,Gujarat,West,2023-09-30
C06022,Neelima Loyal,Male,50,Kolkata,West Bengal,East,2025-11-02
C06023,Ryan Patel,Male,60,Bhubaneswar,Odisha,East,2024-02-29
C06024,Rajeshri Prabhakar,Male,38,Kolkata,West Bengal,East,2022-02-25
C06025,Anika Ramaswamy,Male,65,Nagpur,Maharashtra,West,2023-07-02
C06026,Yadavi Raja,Male,33,Pune,Maharashtra,West,2022-03-14
C06027,Raagini Joshi,Female,56,Surat,Gujarat,West,2024-06-05
C06028,Jonathan Brar,Female,32,Coimbatore,Tamil Nadu,South,2025-03-13
C06029,Hemal Mangal,Female,23,Bengaluru,Karnataka,South,2022-07-11
C06030,Anthony Wason,Male,57,Ranchi,Jharkhand,East,2023-01-28
C06031,Gaurangi Mohan,Female,59,Lucknow,Uttar Pradesh,North,2022-09-17
C06032,Harita Goyal,Male,42,Jaipur,Rajasthan,North,2023-08-26
C06033,Luke Naidu,Male,35,Pune,Maharashtra,West,2024-11-15
C06034,Lakshmi Ranganathan,Male,33,Pune,Maharashtra,West,2023-09-07
C06035,Sanya Gopal,Male,65,Bengaluru,Karnataka,South,2024-01-30
C06036,Wriddhish Arya,Female,64,Surat,Gujarat,West,2025-06-07
C06037,Anya Deshpande,Female,29,Bengaluru,Karnataka,South,2024-01-12
C06038,Jhalak Dani,Female,57,Hyderabad,Telangana,South,2022-12-28
C06039,Pratyush Rajan,Female,19,Ranchi,Jharkhand,East,2023-11-07
C06040,Bhavika Ben,Male,54,Pune,Maharashtra,West,2023-11-28
C06041,Rohan Kota,Female,56,Bhubaneswar,Odisha,East,2025-02-19
C06042,Ojasvi Dada,Male,33,Bengaluru,Karnataka,South,2025-07-17
C06043,Edhitha More,Female,38,Nagpur,Maharashtra,West,2024-05-14
C06044,Daksh Sethi,Female,43,Hyderabad,Telangana,South,2022-07-16
C06045,Thomas Shankar,Male,69,Ahmedabad,Gujarat,West,2024-07-26
C06046,Hemang Badami,Male,66,Pune,Maharashtra,West,2022-01-10
C06047,Jairaj Tandon,Female,26,Noida,Uttar Pradesh,North,2023-11-28
C06048,Oliver Dhar,Female,36,Surat,Gujarat,West,2023-03-11
C06049,Fariq Pillay,Female,60,Noida,Uttar Pradesh,North,2025-08-14
C06050,George Mand,Female,55,Surat,Gujarat,West,2024-05-30
C06051,Naksh Kadakia,Female,19,Nagpur,Maharashtra,West,2023-06-13
C06052,Ati Goda,Male,45,Mumbai,Maharashtra,West,2024-07-26
C06053,Yashasvi Sharma,Female,23,Delhi,Delhi,North,2023-06-19
C06054,Amara Tara,Female,68,Coimbatore,Tamil Nadu,South,2024-12-08
C06055,Isaiah Tank,Female,43,Guwahati,Assam,East,2022-07-30
C06056,Nihal Bakshi,Female,64,Ahmedabad,Gujarat,West,2024-05-07
C06057,Harita Divan,Female,19,Ahmedabad,Gujarat,West,2022-06-06
C06058,Sai Shere,Female,34,Chandigarh,Chandigarh,North,2024-10-03
C06059,Kevin Sani,Female,62,Pune,Maharashtra,West,2023-02-23
C06060,Ekiya Ray,Female,54,Kochi,Kerala,South,2025-06-04
C06061,Robert Sidhu,Female,66,Mumbai,Maharashtra,West,2023-07-24
C06062,Isaac Mallick,Female,63,Patna,Bihar,East,2024-04-17
C06063,Chakradhar Parikh,Female,37,Pune,Maharashtra,West,2024-09-19
C06064,Reva Yadav,Female,22,Kochi,Kerala,South,2022-12-31
C06065,Aryan Pillai,Male,39,Nagpur,Maharashtra,West,2025-04-18
C06066,Zilmil Bath,Male,26,Delhi,Delhi,North,2023-09-08
C06067,Aryan Doshi,Female,63,Pune,Maharashtra,West,2025-01-08
C06068,Pranav Dave,Female,37,Guwahati,Assam,East,2022-12-20
C06069,Dayamai Grewal,Female,66,Mumbai,Maharashtra,West,2025-07-12
C06070,Ubika Hayer,Female,54,Noida,Uttar Pradesh,North,2025-08-17
C06071,Pavani Bala,Male,60,Bengaluru,Karnataka,South,2025-02-19
C06072,Utkarsh Dasgupta,Female,32,Ahmedabad,Gujarat,West,2024-11-14
C06073,Mitali Wadhwa,Male,66,Chennai,Tamil Nadu,South,2022-02-14
C06074,Warda Gala,Female,56,Hyderabad,Telangana,South,2025-03-29
C06075,Rushil Dara,Male,18,Nagpur,Maharashtra,West,2025-08-21
C06076,Kritika Pal,Male,63,Noida,Uttar Pradesh,North,2024-01-26
C06077,Mitesh Vasa,Female,66,Ahmedabad,Gujarat,West,2024-12-09
C06078,Patrick Bala,Female,44,Pune,Maharashtra,West,2024-03-04
C06079,Vedhika Koshy,Male,34,Coimbatore,Tamil Nadu,South,2024-05-15
C06080,Joshua Prakash,Female,43,Ahmedabad,Gujarat,West,2023-03-09
C06081,Tanay Keer,Male,32,Nagpur,Maharashtra,West,2024-02-13
C06082,Omkaar Dora,Male,30,Chennai,Tamil Nadu,South,2025-10-12
C06083,Utkarsh Gupta,Female,23,Bengaluru,Karnataka,South,2025-10-23
C06084,Aarav Mani,Male,25,Mumbai,Maharashtra,West,2024-07-07
C06085,Urvi Kapadia,Female,47,Patna,Bihar,East,2023-07-28
C06086,Umang Dayal,Female,26,Surat,Gujarat,West,2022-12-21
C06087,Pallavi Sane,Female,62,Surat,Gujarat,West,2024-06-29
C06088,Yashica Palla,Female,70,Hyderabad,Telangana,South,2025-02-09
C06089,Upasna Ranganathan,Female,61,Surat,Gujarat,West,2024-02-06
C06090,Chandran Sharaf,Female,26,Coimbatore,Tamil Nadu,South,2023-08-08
C06091,Yasti Grover,Female,68,Jaipur,Rajasthan,North,2024-07-02
C06092,Widisha Dara,Female,42,Chennai,Tamil Nadu,South,2023-05-07
C06093,Ryan Raj,Female,19,Nagpur,Maharashtra,West,2024-08-31
C06094,Hardik Atwal,Female,44,Coimbatore,Tamil Nadu,South,2022-02-16
C06095,Jeet Dugal,Female,40,Mumbai,Maharashtra,West,2023-09-24
C06096,Harish Pandya,Female,66,Chennai,Tamil Nadu,South,2022-06-05
C06097,Qadim Chakraborty,Male,21,Pune,Maharashtra,West,2025-08-27
C06098,Radhika Lala,Male,54,Delhi,Delhi,North,2022-03-08
C06099,Neha Sridhar,Female,43,Kolkata,West Bengal,East,2024-04-17
C06100,Ekta Savant,Male,65,Nagpur,Maharashtra,West,2022-11-04
C06101,Karan Dhillon,Male,51,Kochi,Kerala,South,2023-12-05
C06102,Tarak Dua,Female,41,Patna,Bihar,East,2025-09-02
C06103,Neel Trivedi,Male,44,Coimbatore,Tamil Nadu,South,2023-02-15
C06104,Hitesh Master,Male,20,Mumbai,Maharashtra,West,2025-07-16
C06105,Mitesh Pal,Male,22,Chennai,Tamil Nadu,South,2025-03-14
C06106,Qarin Gokhale,Female,70,Coimbatore,Tamil Nadu,South,2023-09-23
C06107,Nidhi Bhandari,Female,38,Mumbai,Maharashtra,West,2025-05-13
C06108,Qadim Nazareth,Male,61,Kolkata,West Bengal,East,2025-01-26
C06109,Kamya Bawa,Female,68,Ranchi,Jharkhand,East,2023-03-17
C06110,Xavier Srinivas,Male,37,Guwahati,Assam,East,2024-05-23
C06111,Ekalinga Contractor,Female,23,Chandigarh,Chandigarh,North,2024-07-07
C06112,Anita Ranganathan,Female,60,Surat,Gujarat,West,2024-11-12
C06113,Anya Cheema,Female,43,Bengaluru,Karnataka,South,2025-04-10
C06114,Abeer Sunder,Male,63,Chandigarh,Chandigarh,North,2025-01-26
C06115,Veer Mody,Male,41,Lucknow,Uttar Pradesh,North,2025-12-29
C06116,Ekiya Dixit,Female,19,Nagpur,Maharashtra,West,2025-04-15
C06117,Ekbal Kannan,Female,63,Nagpur,Maharashtra,West,2022-05-19
C06118,Owen Rattan,Male,18,Coimbatore,Tamil Nadu,South,2025-11-17
C06119,Yashoda Mangat,Male,49,Noida,Uttar Pradesh,North,2025-12-13
C06120,Veer Solanki,Female,35,Ahmedabad,Gujarat,West,2022-02-05
C06121,Libni Bhatnagar,Female,29,Bhubaneswar,Odisha,East,2025-06-30
C06122,Aradhana Soni,Male,40,Kolkata,West Bengal,East,2023-06-03
C06123,Janaki Nagar,Female,42,Chennai,Tamil Nadu,South,2024-12-25
C06124,Elijah Ghosh,Female,33,Bengaluru,Karnataka,South,2023-09-22
C06125,Jyoti Chadha,Female,47,Hyderabad,Telangana,South,2022-07-04
C06126,Amrita Bora,Male,34,Noida,Uttar Pradesh,North,2023-11-27
C06127,Hema Narayan,Male,30,Ahmedabad,Gujarat,West,2022-09-20
C06128,Anita Badal,Male,19,Ahmedabad,Gujarat,West,2023-08-01
C06129,Keya Kakar,Female,59,Bhubaneswar,Odisha,East,2023-04-08
C06130,Shravya Taneja,Female,44,Kochi,Kerala,South,2022-06-18
C06131,Qasim Bhasin,Female,24,Surat,Gujarat,West,2024-09-08
C06132,Aadi Devan,Male,50,Coimbatore,Tamil Nadu,South,2024-01-21
C06133,Zehaan Ganguly,Female,50,Delhi,Delhi,North,2022-10-17
C06134,Nathan Aurora,Female,52,Ahmedabad,Gujarat,West,2024-05-06
C06135,Watika Char,Female,58,Lucknow,Uttar Pradesh,North,2023-03-07
C06136,Gaurav Doctor,Female,39,Chennai,Tamil Nadu,South,2024-09-28
C06137,Ethan Jaggi,Female,63,Ranchi,Jharkhand,East,2022-04-29
C06138,Qushi Raval,Female,39,Kolkata,West Bengal,East,2022-12-16
C06139,Sudiksha Ravi,Female,47,Nagpur,Maharashtra,West,2022-08-15
C06140,Urvi Kale,Male,52,Nagpur,Maharashtra,West,2022-12-31
C06141,Nitesh Sandhu,Male,37,Chennai,Tamil Nadu,South,2025-04-18
C06142,Veda Kashyap,Male,64,Nagpur,Maharashtra,West,2022-07-07
C06143,Qasim Deo,Male,70,Coimbatore,Tamil Nadu,South,2024-12-27
C06144,Lopa Bala,Female,26,Bengaluru,Karnataka,South,2023-01-23
C06145,Harinakshi Wali,Male,24,Jaipur,Rajasthan,North,2023-10-01
C06146,Osha Pandey,Female,65,Lucknow,Uttar Pradesh,North,2025-03-22
C06147,Sarthak More,Male,29,Kolkata,West Bengal,East,2025-04-18
C06148,Jack Chand,Female,30,Kochi,Kerala,South,2022-11-13
C06149,Falguni More,Female,23,Chennai,Tamil Nadu,South,2023-08-29
C06150,Azaan Vala,Female,41,Chennai,Tamil Nadu,South,2023-11-12
C06151,Qabil Kaul,Female,32,Chennai,Tamil Nadu,South,2022-05-09
C06152,Maanav Bath,Female,18,Chennai,Tamil Nadu,South,2023-09-22
C06153,Jai Biswas,Male,21,Nagpur,Maharashtra,West,2022-06-30
C06154,Arjun Palla,Female,60,Chandigarh,Chandigarh,North,2024-01-09
C06155,Kritika Magar,Female,65,Lucknow,Uttar Pradesh,North,2024-07-24
C06156,Tanmayi Mander,Female,38,Guwahati,Assam,East,2023-05-02
C06157,Abhimanyu Bedi,Male,56,Patna,Bihar,East,2022-09-03
C06158,Logan Salvi,Female,39,Jaipur,Rajasthan,North,2024-04-12
C06159,Meghana Mohan,Male,57,Bengaluru,Karnataka,South,2023-09-21
C06160,Radhika Taneja,Female,24,Kolkata,West Bengal,East,2022-02-16
C06161,Chameli Sem,Female,62,Guwahati,Assam,East,2025-08-05
C06162,Dayamai Chakraborty,Male,28,Delhi,Delhi,North,2022-05-01
C06163,Saksham Rajan,Female,52,Jaipur,Rajasthan,North,2022-09-10
C06164,Pooja Bandi,Male,61,Hyderabad,Telangana,South,2022-09-15
C06165,Ganga Bali,Female,28,Bengaluru,Karnataka,South,2023-12-30
C06166,Niharika Konda,Female,27,Chandigarh,Chandigarh,North,2025-06-20
C06167,Divya Kannan,Female,49,Coimbatore,Tamil Nadu,South,2025-07-17
C06168,Rushil Barad,Male,40,Mumbai,Maharashtra,West,2022-01-08
C06169,Anita Sandhu,Female,49,Pune,Maharashtra,West,2025-09-17
C06170,Ucchal Sastry,Female,21,Coimbatore,Tamil Nadu,South,2025-02-02
C06171,Imaran Parmar,Male,20,Jaipur,Rajasthan,North,2022-10-26
C06172,Lajita Kapoor,Female,57,Guwahati,Assam,East,2023-07-02
C06173,Samesh Bawa,Male,53,Pune,Maharashtra,West,2023-06-05
C06174,Unnati Anand,Female,23,Mumbai,Maharashtra,West,2022-10-24
C06175,Jhalak Palla,Female,61,Coimbatore,Tamil Nadu,South,2022-04-02
C06176,Neel Wadhwa,Male,58,Kolkata,West Bengal,East,2025-12-17
C06177,Turvi Sachdev,Female,20,Guwahati,Assam,East,2022-02-02
C06178,Pooja Mistry,Male,34,Chennai,Tamil Nadu,South,2022-12-22
C06179,Farhan Murthy,Female,34,Kochi,Kerala,South,2023-09-08
C06180,Gautami Ramaswamy,Female,20,Surat,Gujarat,West,2025-11-19
C06181,Baghyawati Sachdev,Male,58,Delhi,Delhi,North,2023-06-11
C06182,Yug Misra,Female,45,Nagpur,Maharashtra,West,2024-10-31
C06183,Adweta Master,Male,24,Ahmedabad,Gujarat,West,2023-02-23
C06184,Damyanti Kurian,Female,45,Patna,Bihar,East,2025-07-08
C06185,Dalaja Dara,Female,51,Jaipur,Rajasthan,North,2024-11-20
C06186,Yash Kibe,Female,40,Nagpur,Maharashtra,West,2024-06-25
C06187,Anya Seshadri,Male,22,Nagpur,Maharashtra,West,2025-06-30
C06188,Upkaar Madan,Male,26,Chennai,Tamil Nadu,South,2024-05-03
C06189,Aishani Badal,Male,69,Kolkata,West Bengal,East,2022-06-30
C06190,Madhav Kapur,Female,18,Jaipur,Rajasthan,North,2025-02-12
C06191,Falguni Tella,Female,60,Guwahati,Assam,East,2025-04-21
C06192,Kabir Sood,Male,31,Delhi,Delhi,North,2025-03-28
C06193,Anamika Chaudhry,Male,66,Pune,Maharashtra,West,2023-11-06
C06194,Nakul Chawla,Female,64,Lucknow,Uttar Pradesh,North,2024-12-03
C06195,Sanaya Dayal,Female,37,Coimbatore,Tamil Nadu,South,2025-03-12
C06196,Oscar Contractor,Female,69,Chennai,Tamil Nadu,South,2023-06-16
C06197,Caleb Srinivas,Male,37,Mumbai,Maharashtra,West,2024-01-11
C06198,Charvi Venkataraman,Female,23,Nagpur,Maharashtra,West,2023-05-06
C06199,Reyansh Mangat,Male,58,Guwahati,Assam,East,2024-08-29
C06200,Kamala Nayar,Male,26,Hyderabad,Telangana,South,2023-11-10
C06201,Kevin Dass,Male,69,Chandigarh,Chandigarh,North,2024-10-07
C06202,Yash Anne,Female,70,Nagpur,Maharashtra,West,2024-11-24
C06203,Chasmum Mall,Female,62,Chandigarh,Chandigarh,North,2023-11-11
C06204,Daksha Raj,Female,67,Noida,Uttar Pradesh,North,2022-12-08
C06205,Manbir Kapoor,Male,28,Noida,Uttar Pradesh,North,2025-09-20
C06206,Ayaan Dhaliwal,Male,66,Pune,Maharashtra,West,2025-01-03
C06207,Hredhaan Deshpande,Male,33,Noida,Uttar Pradesh,North,2023-03-24
C06208,Samar Shenoy,Female,45,Mumbai,Maharashtra,West,2024-06-13
C06209,Maya Parekh,Female,49,Ahmedabad,Gujarat,West,2025-10-27
C06210,Ranveer Narayanan,Male,57,Guwahati,Assam,East,2024-10-25
C06211,Urishilla Agate,Male,48,Patna,Bihar,East,2023-10-26
C06212,Farhan Kamdar,Female,54,Patna,Bihar,East,2025-03-22
C06213,Advika Patel,Male,40,Pune,Maharashtra,West,2022-06-12
C06214,Ranbir Lad,Female,40,Delhi,Delhi,North,2024-09-05
C06215,Mekhala Rama,Male,50,Lucknow,Uttar Pradesh,North,2025-05-13
C06216,Frado Bora,Female,35,Chandigarh,Chandigarh,North,2023-07-17
C06217,Kamala Bava,Female,51,Chennai,Tamil Nadu,South,2025-12-16
C06218,Chaman Goswami,Female,38,Pune,Maharashtra,West,2024-05-27
C06219,Nikita Dugar,Female,45,Delhi,Delhi,North,2025-06-17
C06220,Bahadurjit Kothari,Female,40,Coimbatore,Tamil Nadu,South,2023-07-04
C06221,Dayita Shankar,Female,37,Delhi,Delhi,North,2024-01-04
C06222,Qadim Lanka,Female,51,Ranchi,Jharkhand,East,2024-04-05
C06223,Sarthak Chokshi,Male,54,Jaipur,Rajasthan,North,2022-01-17
C06224,Charvi Kata,Male,21,Patna,Bihar,East,2024-10-29
C06225,Ojasvi Thaman,Male,23,Guwahati,Assam,East,2023-01-28
C06226,Ayaan Bali,Female,59,Lucknow,Uttar Pradesh,North,2025-03-24
C06227,Lohit Mand,Male,26,Jaipur,Rajasthan,North,2023-07-30
C06228,Chandresh Dua,Female,67,Nagpur,Maharashtra,West,2023-03-17
C06229,Vidhi Sarma,Female,44,Jaipur,Rajasthan,North,2024-09-09
C06230,Devansh Shroff,Female,45,Nagpur,Maharashtra,West,2025-07-11
C06231,Raghav Barad,Male,35,Delhi,Delhi,North,2022-06-19
C06232,Sarthak Nagar,Female,53,Coimbatore,Tamil Nadu,South,2023-02-07
C06233,Mohammed Kari,Female,65,Kochi,Kerala,South,2023-03-25
C06234,Champak Gade,Female,65,Hyderabad,Telangana,South,2024-03-28
C06235,Avni Sami,Female,35,Ahmedabad,Gujarat,West,2023-10-31
C06236,Hamsini Golla,Male,55,Mumbai,Maharashtra,West,2023-12-08
C06237,Gayathri Dutta,Female,49,Bengaluru,Karnataka,South,2022-03-25
C06238,Sai Deol,Male,49,Guwahati,Assam,East,2025-07-20
C06239,Vivaan Andra,Female,62,Kochi,Kerala,South,2023-02-27
C06240,Amol Desai,Male,24,Patna,Bihar,East,2025-07-02
C06241,Nandini Chokshi,Female,44,Jaipur,Rajasthan,North,2025-12-26
C06242,Samarth Anne,Female,65,Pune,Maharashtra,West,2024-10-23
C06243,Anthony Kanda,Female,64,Chennai,Tamil Nadu,South,2024-01-02
C06244,Zehaan Rege,Male,19,Bhubaneswar,Odisha,East,2025-02-14
C06245,Ridhi Bir,Female,53,Chandigarh,Chandigarh,North,2023-11-28
C06246,Priya Shan,Male,44,Coimbatore,Tamil Nadu,South,2024-03-02
C06247,Advaith Sarma,Female,48,Hyderabad,Telangana,South,2024-01-30
C06248,Lucky Sridhar,Female,18,Lucknow,Uttar Pradesh,North,2023-08-14
C06249,Divya Krish,Female,39,Nagpur,Maharashtra,West,2022-02-15
C06250,Oscar Mall,Male,56,Hyderabad,Telangana,South,2025-11-28
C06251,Shivansh Bhalla,Female,41,Surat,Gujarat,West,2024-09-16
C06252,Oscar Kashyap,Female,37,Hyderabad,Telangana,South,2025-10-19
C06253,Vinaya Garde,Male,39,Kochi,Kerala,South,2025-05-22
C06254,Ayush Kalita,Female,57,Chennai,Tamil Nadu,South,2024-05-29
C06255,Karan Batra,Male,51,Nagpur,Maharashtra,West,2025-10-10
C06256,Chaman Shanker,Female,35,Lucknow,Uttar Pradesh,North,2025-09-19
C06257,Amol Chand,Female,67,Surat,Gujarat,West,2023-12-19
C06258,Nicholas Gade,Male,41,Mumbai,Maharashtra,West,2024-09-12
C06259,Brinda Ben,Male,58,Nagpur,Maharashtra,West,2023-06-24
C06260,Dalbir Sarna,Female,60,Bhubaneswar,Odisha,East,2024-06-03
C06261,Aashi Shere,Male,27,Ahmedabad,Gujarat,West,2024-04-20
C06262,Vamakshi Tandon,Male,49,Noida,Uttar Pradesh,North,2023-06-29
C06263,Abha Sachdev,Male,40,Pune,Maharashtra,West,2023-09-04
C06264,Qadim Lalla,Female,25,Hyderabad,Telangana,South,2024-08-07
C06265,Libni Parsa,Male,39,Kolkata,West Bengal,East,2022-08-13
C06266,Ridhi Dube,Male,67,Chandigarh,Chandigarh,North,2024-07-20
C06267,Manbir Nori,Male,70,Kochi,Kerala,South,2023-05-08
C06268,Pranit Dugal,Female,26,Patna,Bihar,East,2025-11-22
C06269,Banjeet Oza,Female,43,Kochi,Kerala,South,2024-08-17
C06270,Meera Walla,Female,59,Coimbatore,Tamil Nadu,South,2023-12-03
C06271,Aachal Tripathi,Male,43,Guwahati,Assam,East,2023-09-25
C06272,Yug Sunder,Male,57,Ahmedabad,Gujarat,West,2024-08-15
C06273,Raghav Seth,Male,52,Jaipur,Rajasthan,North,2023-05-02
C06274,Quincy Chaudhry,Male,67,Ahmedabad,Gujarat,West,2023-12-17
C06275,Frado Chadha,Female,65,Noida,Uttar Pradesh,North,2023-12-06
C06276,Jagdish Wali,Male,59,Chandigarh,Chandigarh,North,2024-01-12
C06277,Yochana Barman,Female,58,Mumbai,Maharashtra,West,2022-11-15
C06278,Hiral Sagar,Male,33,Jaipur,Rajasthan,North,2024-04-20
C06279,Ethan Sha,Male,37,Kochi,Kerala,South,2024-06-28
C06280,Vedhika Manne,Female,69,Chennai,Tamil Nadu,South,2023-05-31
C06281,Umang Dora,Male,34,Chandigarh,Chandigarh,North,2025-07-21
C06282,Hemang Krishnamurthy,Female,64,Chandigarh,Chandigarh,North,2025-10-03
C06283,Pranav Nadkarni,Male,53,Jaipur,Rajasthan,North,2023-08-19
C06284,Wakeeta Chaudry,Female,20,Ahmedabad,Gujarat,West,2025-03-17
C06285,Parth Dhar,Female,41,Pune,Maharashtra,West,2024-10-19
C06286,Lipika Kumar,Male,47,Chandigarh,Chandigarh,North,2022-03-17
C06287,Thomas Sha,Male,19,Hyderabad,Telangana,South,2024-03-06
C06288,Nihal Bail,Male,60,Kochi,Kerala,South,2025-06-15
C06289,Bimala Doctor,Male,42,Kolkata,West Bengal,East,2024-06-16
C06290,Isaiah Prashad,Male,49,Ahmedabad,Gujarat,West,2025-03-22
C06291,Krisha Nagi,Female,38,Nagpur,Maharashtra,West,2022-12-31
C06292,Lavanya Handa,Male,25,Chandigarh,Chandigarh,North,2025-12-12
C06293,Aarav Zacharia,Male,60,Lucknow,Uttar Pradesh,North,2025-03-30
C06294,Samaksh Mann,Female,43,Nagpur,Maharashtra,West,2024-05-18
C06295,Chasmum Savant,Female,49,Lucknow,Uttar Pradesh,North,2023-02-10
C06296,Dalaja Thakkar,Female,63,Patna,Bihar,East,2025-10-11
C06297,Yashoda Narayanan,Female,21,Surat,Gujarat,West,2022-04-04
C06298,Anika Shetty,Male,35,Pune,Maharashtra,West,2024-12-29
C06299,Ojas Anne,Female,70,Jaipur,Rajasthan,North,2023-04-18
C06300,Krishna Tripathi,Male,22,Coimbatore,Tamil Nadu,South,2025-06-07
C06301,Ekbal Munshi,Female,37,Chennai,Tamil Nadu,South,2025-05-21
C06302,Sara Taneja,Male,45,Kochi,Kerala,South,2025-06-12
C06303,Qabil Ranganathan,Female,63,Pune,Maharashtra,West,2023-10-05
C06304,Shaurya Dutta,Female,67,Noida,Uttar Pradesh,North,2024-04-27
C06305,Oeshi Kaul,Female,51,Kolkata,West Bengal,East,2025-11-23
C06306,Qasim Sethi,Male,60,Bhubaneswar,Odisha,East,2025-12-11
C06307,Urvi Nagar,Male,69,Bengaluru,Karnataka,South,2025-10-11
C06308,Nathaniel Parmer,Male,42,Surat,Gujarat,West,2024-01-18
C06309,Anay Sahota,Female,29,Ranchi,Jharkhand,East,2022-12-23
C06310,Mohini Palla,Female,69,Guwahati,Assam,East,2023-05-01
C06311,Lucky Desai,Male,27,Lucknow,Uttar Pradesh,North,2025-12-20
C06312,Jyoti Dugar,Female,55,Ranchi,Jharkhand,East,2024-03-10
C06313,Bhavika Dada,Male,30,Coimbatore,Tamil Nadu,South,2025-10-08
C06314,Ekantika Roy,Female,58,Jaipur,Rajasthan,North,2022-06-04
C06315,Brijesh Doshi,Female,23,Lucknow,Uttar Pradesh,North,2022-11-22
C06316,Diya Ratti,Male,39,Ranchi,Jharkhand,East,2024-09-28
C06317,Rajata Konda,Female,46,Lucknow,Uttar Pradesh,North,2024-03-18
C06318,Mitesh Rege,Female,62,Patna,Bihar,East,2024-02-13
C06319,Chaman Gole,Female,35,Kochi,Kerala,South,2025-11-06
C06320,Raagini Purohit,Male,69,Chennai,Tamil Nadu,South,2022-08-13
C06321,Gautami Lad,Female,23,Noida,Uttar Pradesh,North,2025-09-25
C06322,Harinakshi Chatterjee,Male,61,Bengaluru,Karnataka,South,2023-01-20
C06323,Samarth Chhabra,Male,62,Mumbai,Maharashtra,West,2023-02-27
C06324,Banjeet Bassi,Female,67,Chandigarh,Chandigarh,North,2024-05-28
C06325,Udarsh Dugar,Male,34,Kochi,Kerala,South,2024-10-14
C06326,Fiyaz Goel,Male,22,Pune,Maharashtra,West,2022-12-06
C06327,Girindra Ghose,Male,33,Hyderabad,Telangana,South,2023-05-15
C06328,Kashish Minhas,Male,29,Mumbai,Maharashtra,West,2022-07-19
C06329,Kashish Yohannan,Female,18,Nagpur,Maharashtra,West,2023-03-01
C06330,Radhika Sahni,Female,36,Hyderabad,Telangana,South,2024-09-13
C06331,Neelima Misra,Male,44,Surat,Gujarat,West,2022-04-05
C06332,Hemang Choudhary,Male,52,Chandigarh,Chandigarh,North,2024-06-10
C06333,Adweta Yogi,Male,65,Bengaluru,Karnataka,South,2024-02-12
C06334,Lopa More,Female,59,Delhi,Delhi,North,2024-09-16
C06335,Kiaan Acharya,Female,29,Mumbai,Maharashtra,West,2025-07-27
C06336,Lipika Goel,Male,36,Guwahati,Assam,East,2022-10-29
C06337,Riya Vohra,Male,60,Nagpur,Maharashtra,West,2024-03-19
C06338,Yash Murthy,Male,20,Hyderabad,Telangana,South,2024-03-09
C06339,Lipika Ratti,Female,59,Coimbatore,Tamil Nadu,South,2024-03-03
C06340,Mohini Mukhopadhyay,Female,47,Surat,Gujarat,West,2023-06-10
C06341,Radhika Dayal,Male,43,Hyderabad,Telangana,South,2025-06-09
C06342,Chaman Gole,Male,42,Coimbatore,Tamil Nadu,South,2025-06-01
C06343,Lohit Sarin,Male,54,Lucknow,Uttar Pradesh,North,2025-03-11
C06344,Praneel Borde,Male,32,Chandigarh,Chandigarh,North,2025-08-14
C06345,Qadim Badal,Male,63,Kochi,Kerala,South,2025-09-17
C06346,Devansh Bath,Male,25,Guwahati,Assam,East,2025-10-30
C06347,Nihal Kulkarni,Male,30,Ahmedabad,Gujarat,West,2025-02-18
C06348,Isaiah Manda,Female,47,Nagpur,Maharashtra,West,2022-10-19
C06349,Yasti Choudhury,Male,25,Guwahati,Assam,East,2023-07-22
C06350,Urishilla Sekhon,Male,58,Bhubaneswar,Odisha,East,2022-05-18
C06351,Niharika Mall,Male,43,Bhubaneswar,Odisha,East,2023-11-30
C06352,Naveen Varkey,Male,45,Jaipur,Rajasthan,North,2022-12-23
C06353,Indrajit Bahri,Female,41,Mumbai,Maharashtra,West,2025-02-01
C06354,Theodore Sankaran,Male,56,Noida,Uttar Pradesh,North,2022-01-22
C06355,Nimrat Bail,Male,66,Kochi,Kerala,South,2025-01-21
C06356,Aarnav Bhatia,Male,18,Ahmedabad,Gujarat,West,2023-01-29
C06357,Ijaya Hegde,Female,23,Surat,Gujarat,West,2023-05-06
C06358,Gayathri Hari,Female,54,Ahmedabad,Gujarat,West,2023-06-04
C06359,Ranbir Char,Male,28,Kochi,Kerala,South,2022-09-08
C06360,Ekanta Batra,Male,27,Lucknow,Uttar Pradesh,North,2022-04-07
C06361,Praneel Madan,Male,54,Bhubaneswar,Odisha,East,2023-01-23
C06362,Wahab Agarwal,Female,54,Nagpur,Maharashtra,West,2025-07-24
C06363,Neel Sahni,Female,24,Pune,Maharashtra,West,2023-11-26
C06364,David Bhasin,Female,62,Surat,Gujarat,West,2022-06-16
C06365,Mitali Walla,Female,50,Chennai,Tamil Nadu,South,2023-12-09
C06366,Nihal Shankar,Female,22,Mumbai,Maharashtra,West,2025-03-19
C06367,Yagnesh Karan,Female,23,Bengaluru,Karnataka,South,2022-01-10
C06368,Samuel Thaker,Male,66,Patna,Bihar,East,2025-01-12
C06369,Samar Kala,Female,31,Noida,Uttar Pradesh,North,2025-04-24
C06370,Nikita Chacko,Female,25,Bengaluru,Karnataka,South,2025-02-18
C06371,Ishaan Rau,Female,47,Chandigarh,Chandigarh,North,2024-04-06
C06372,Mitali Sha,Male,42,Guwahati,Assam,East,2022-05-05
C06373,Yug Saraf,Female,61,Kochi,Kerala,South,2023-10-27
C06374,Ikbal Acharya,Female,66,Jaipur,Rajasthan,North,2022-06-13
C06375,Ranveer Dubey,Male,34,Coimbatore,Tamil Nadu,South,2023-04-08
C06376,Sai Kara,Female,66,Chandigarh,Chandigarh,North,2024-07-13
C06377,Hardik Zachariah,Male,67,Patna,Bihar,East,2023-11-28
C06378,Ikshita Grover,Male,55,Hyderabad,Telangana,South,2023-07-30
C06379,Dev Wadhwa,Male,52,Surat,Gujarat,West,2023-03-21
C06380,Eshana Bahri,Male,39,Kochi,Kerala,South,2024-03-03
C06381,Vasatika Tailor,Male,47,Bhubaneswar,Odisha,East,2024-09-17
C06382,Girish Bassi,Female,69,Noida,Uttar Pradesh,North,2024-01-08
C06383,Kamala Ganesh,Male,21,Mumbai,Maharashtra,West,2022-08-04
C06384,Harish Lata,Female,37,Nagpur,Maharashtra,West,2024-08-26
C06385,Falan Datta,Female,44,Patna,Bihar,East,2023-08-17
C06386,Sai Rout,Female,27,Pune,Maharashtra,West,2024-11-14
C06387,Triveni Thakur,Female,50,Hyderabad,Telangana,South,2023-03-07
C06388,Indira Saini,Male,56,Mumbai,Maharashtra,West,2023-02-21
C06389,Chandani Palla,Female,65,Surat,Gujarat,West,2024-12-18
C06390,Pranav Badal,Male,59,Surat,Gujarat,West,2024-02-16
C06391,Mahika Puri,Male,51,Chandigarh,Chandigarh,North,2022-05-19
C06392,Mohini Walla,Female,20,Bengaluru,Karnataka,South,2025-01-27
C06393,Onkar Pandya,Female,46,Chandigarh,Chandigarh,North,2024-06-21
C06394,Lakshit Naik,Male,54,Chandigarh,Chandigarh,North,2022-03-25
C06395,Samarth Morar,Female,32,Surat,Gujarat,West,2022-10-23
C06396,Hemal Nanda,Female,22,Nagpur,Maharashtra,West,2023-01-12
C06397,Anjali Saran,Female,66,Delhi,Delhi,North,2022-04-23
C06398,Sai Misra,Male,53,Kochi,Kerala,South,2022-09-10
C06399,Arin Saxena,Male,44,Jaipur,Rajasthan,North,2023-01-19
C06400,Vaishnavi Dhar,Male,28,Pune,Maharashtra,West,2023-08-12
C06401,Pallavi Modi,Male,31,Coimbatore,Tamil Nadu,South,2022-04-17
C06402,Raksha Randhawa,Female,42,Jaipur,Rajasthan,North,2023-06-01
C06403,Anthony Aggarwal,Male,42,Bengaluru,Karnataka,South,2025-12-21
C06404,Damyanti Tank,Male,61,Ahmedabad,Gujarat,West,2025-12-20
C06405,Indira Mane,Female,59,Guwahati,Assam,East,2025-06-07
C06406,Anya Borra,Female,38,Kochi,Kerala,South,2024-06-15
C06407,Yamini Mittal,Male,26,Noida,Uttar Pradesh,North,2023-09-18
C06408,Nirja Shere,Male,20,Pune,Maharashtra,West,2024-09-14
C06409,Bhavya Shanker,Female,36,Lucknow,Uttar Pradesh,North,2023-06-04
C06410,Samuel Rastogi,Male,25,Ahmedabad,Gujarat,West,2023-05-18
C06411,Lajita Master,Female,28,Ranchi,Jharkhand,East,2022-01-21
C06412,Alka Mann,Male,38,Ahmedabad,Gujarat,West,2022-10-21
C06413,Advaith Ganesan,Female,26,Bengaluru,Karnataka,South,2024-04-20
C06414,Advaith Narain,Female,53,Mumbai,Maharashtra,West,2024-09-09
C06415,Jagat Balay,Female,19,Surat,Gujarat,West,2025-01-19
C06416,Mohini Dewan,Male,28,Delhi,Delhi,North,2023-04-14
C06417,Balveer Ranganathan,Male,23,Chennai,Tamil Nadu,South,2024-09-11
C06418,Bimala Bhat,Female,44,Lucknow,Uttar Pradesh,North,2025-02-21
C06419,Praneel Madan,Male,52,Ranchi,Jharkhand,East,2025-03-27
C06420,Jagrati Venkatesh,Female,28,Noida,Uttar Pradesh,North,2024-12-10
C06421,Timothy Acharya,Male,70,Ranchi,Jharkhand,East,2024-10-14
C06422,Benjamin Narayan,Male,69,Delhi,Delhi,North,2023-05-31
C06423,Dalaja Zachariah,Male,54,Ahmedabad,Gujarat,West,2024-04-17
C06424,Urvi Lala,Female,37,Chandigarh,Chandigarh,North,2025-09-27
C06425,Idika Sagar,Male,30,Surat,Gujarat,West,2022-01-18
C06426,Akshay Dixit,Male,48,Noida,Uttar Pradesh,North,2025-02-14
C06427,Kamala Arya,Male,29,Kochi,Kerala,South,2022-06-10
C06428,Aadi Kala,Male,27,Ahmedabad,Gujarat,West,2023-11-25
C06429,Hemani Ramakrishnan,Male,64,Bhubaneswar,Odisha,East,2025-10-26
C06430,Harsh Parekh,Female,41,Delhi,Delhi,North,2022-06-18
C06431,Anay Parmar,Female,35,Kochi,Kerala,South,2022-05-17
C06432,Brinda Chatterjee,Male,21,Nagpur,Maharashtra,West,2022-10-09
C06433,Rehaan Sarma,Female,26,Patna,Bihar,East,2024-04-11
C06434,Rachana Sen,Male,67,Patna,Bihar,East,2025-08-24
C06435,Yadavi Srinivasan,Female,34,Coimbatore,Tamil Nadu,South,2024-04-10
C06436,Jagat Wali,Female,21,Chennai,Tamil Nadu,South,2023-04-16
C06437,Neel Sachdeva,Male,30,Ahmedabad,Gujarat,West,2023-08-22
C06438,Azaan Chowdhury,Female,27,Kochi,Kerala,South,2024-11-05
C06439,Prisha Pradhan,Female,52,Ranchi,Jharkhand,East,2023-03-19
C06440,Champak Kashyap,Male,68,Delhi,Delhi,North,2024-05-22
C06441,Chakrika Mitter,Female,56,Kochi,Kerala,South,2023-11-19
C06442,Karan Bassi,Female,22,Coimbatore,Tamil Nadu,South,2024-04-01
C06443,Veda Mahal,Male,57,Hyderabad,Telangana,South,2023-12-02
C06444,Pahal Rattan,Female,20,Delhi,Delhi,North,2022-07-15
C06445,Nitesh Mitra,Female,56,Noida,Uttar Pradesh,North,2024-06-04
C06446,Krishna Dhar,Male,19,Guwahati,Assam,East,2025-10-02
C06447,Jackson Naik,Male,20,Lucknow,Uttar Pradesh,North,2022-05-31
C06448,Rajata Sridhar,Female,26,Hyderabad,Telangana,South,2022-11-13
C06449,Divya Sandal,Female,18,Coimbatore,Tamil Nadu,South,2025-03-03
C06450,Qarin Golla,Male,66,Ranchi,Jharkhand,East,2025-08-18
C06451,Abhiram Narula,Male,55,Ahmedabad,Gujarat,West,2024-11-01
C06452,Tanveer Menon,Female,38,Patna,Bihar,East,2025-01-01
C06453,Ayushman Kuruvilla,Male,69,Delhi,Delhi,North,2024-05-29
C06454,Damyanti Srinivasan,Female,56,Chandigarh,Chandigarh,North,2022-06-20
C06455,Chavvi Mani,Female,47,Chennai,Tamil Nadu,South,2024-08-13
C06456,Kashish Kapoor,Male,37,Mumbai,Maharashtra,West,2023-09-27
C06457,Eta Garde,Female,28,Surat,Gujarat,West,2023-05-03
C06458,Vincent Warrior,Male,51,Ahmedabad,Gujarat,West,2025-05-16
C06459,Dhriti Ahuja,Male,29,Bhubaneswar,Odisha,East,2025-11-20
C06460,Finn Devan,Female,33,Nagpur,Maharashtra,West,2024-08-20
C06461,Gauri Pall,Female,48,Chandigarh,Chandigarh,North,2025-12-21
C06462,Harsh Ganesan,Male,58,Kochi,Kerala,South,2023-09-01
C06463,Aarush Krish,Female,51,Ahmedabad,Gujarat,West,2023-09-16
C06464,Joshua Goyal,Female,48,Nagpur,Maharashtra,West,2024-02-10
C06465,Ekansh Sodhi,Female,32,Bengaluru,Karnataka,South,2025-12-27
C06466,Luke Sheth,Male,66,Kolkata,West Bengal,East,2022-11-17
C06467,Naksh Sandal,Male,59,Lucknow,Uttar Pradesh,North,2024-12-29
C06468,Yatin Pal,Female,21,Kochi,Kerala,South,2024-08-22
C06469,Ekani Nair,Female,18,Delhi,Delhi,North,2025-03-08
C06470,Pratyush Mody,Female,48,Chandigarh,Chandigarh,North,2025-12-02
C06471,Hiral Dey,Female,28,Bengaluru,Karnataka,South,2022-09-19
C06472,Harrison Ravi,Female,34,Pune,Maharashtra,West,2022-09-15
C06473,Yadavi Narang,Female,68,Delhi,Delhi,North,2023-03-29
C06474,Jyoti Chad,Male,63,Delhi,Delhi,North,2025-05-04
C06475,Ekalinga Bhakta,Female,27,Kolkata,West Bengal,East,2022-07-25
C06476,Charles Wadhwa,Male,66,Mumbai,Maharashtra,West,2025-12-26
C06477,Janani Morar,Female,22,Pune,Maharashtra,West,2024-03-22
C06478,Aarna Sem,Male,18,Kochi,Kerala,South,2024-05-12
C06479,Damyanti Luthra,Male,57,Noida,Uttar Pradesh,North,2023-06-29
C06480,Victor Pau,Female,46,Jaipur,Rajasthan,North,2023-11-07
C06481,Ishanvi Dhaliwal,Male,68,Jaipur,Rajasthan,North,2022-11-20
C06482,Raksha Wadhwa,Female,61,Patna,Bihar,East,2025-06-16
C06483,Isaac Shenoy,Male,40,Surat,Gujarat,West,2024-09-03
C06484,Ishani Mital,Male,28,Hyderabad,Telangana,South,2022-02-10
C06485,Ryan Lad,Female,64,Pune,Maharashtra,West,2023-09-09
C06486,Samar Bansal,Male,20,Chandigarh,Chandigarh,North,2023-10-27
C06487,Vihaan Suresh,Male,54,Jaipur,Rajasthan,North,2025-05-24
C06488,Tristan Hayer,Female,47,Chennai,Tamil Nadu,South,2024-06-04
C06489,Teerth Sama,Male,46,Ahmedabad,Gujarat,West,2023-09-09
C06490,Ekapad Iyer,Female,38,Pune,Maharashtra,West,2025-12-16
C06491,Qabil Sane,Male,59,Chennai,Tamil Nadu,South,2023-08-05
C06492,Yochana Som,Female,56,Bengaluru,Karnataka,South,2025-06-22
C06493,Ekansh Pandit,Female,41,Chennai,Tamil Nadu,South,2024-06-05
C06494,Varsha Soman,Male,57,Lucknow,Uttar Pradesh,North,2025-03-15
C06495,Aditya Mangal,Female,55,Coimbatore,Tamil Nadu,South,2025-11-01
C06496,Qarin Mutti,Male,68,Kochi,Kerala,South,2023-03-11
C06497,Dhriti Golla,Female,53,Patna,Bihar,East,2022-12-24
C06498,Sai Mohan,Male,33,Lucknow,Uttar Pradesh,North,2024-07-24
C06499,Eta Kala,Male,33,Ranchi,Jharkhand,East,2022-07-21
C06500,Upkaar Subramanian,Female,39,Bengaluru,Karnataka,South,2023-04-22
C06501,Harrison Vala,Male,32,Coimbatore,Tamil Nadu,South,2022-04-14
C06502,Ishani Sandal,Male,36,Mumbai,Maharashtra,West,2023-01-02
C06503,Raghav Master,Female,30,Lucknow,Uttar Pradesh,North,2022-02-14
C06504,Lakshmi Taneja,Male,33,Chandigarh,Chandigarh,North,2022-11-19
C06505,Varenya Savant,Male,43,Chennai,Tamil Nadu,South,2023-10-26
C06506,Nicholas Rao,Female,24,Coimbatore,Tamil Nadu,South,2022-09-28
C06507,Dayita Kapur,Male,41,Chandigarh,Chandigarh,North,2025-12-22
C06508,Meghana Deshpande,Female,21,Patna,Bihar,East,2024-12-30
C06509,Krisha Sani,Male,35,Lucknow,Uttar Pradesh,North,2025-07-22
C06510,Harita Ben,Female,37,Kochi,Kerala,South,2023-11-30
C06511,Balhaar Choudhury,Male,41,Hyderabad,Telangana,South,2025-06-25
C06512,Harini Srinivasan,Female,32,Delhi,Delhi,North,2022-09-27
C06513,Anay Wali,Male,55,Mumbai,Maharashtra,West,2024-09-22
C06514,Harini Gade,Male,40,Coimbatore,Tamil Nadu,South,2023-12-09
C06515,Frederick Zachariah,Female,57,Jaipur,Rajasthan,North,2025-11-11
C06516,Bina Mani,Female,25,Kolkata,West Bengal,East,2025-06-16
C06517,Chaitaly Ramakrishnan,Female,49,Surat,Gujarat,West,2023-10-06
C06518,Yoshita Varughese,Male,29,Guwahati,Assam,East,2024-06-04
C06519,Tanvi Prabhakar,Female,33,Bhubaneswar,Odisha,East,2023-07-23
C06520,Onkar Prabhakar,Female,26,Bengaluru,Karnataka,South,2022-09-04
C06521,Falguni Pall,Female,63,Kolkata,West Bengal,East,2025-10-06
C06522,Zarna Choudhry,Male,67,Ahmedabad,Gujarat,West,2022-09-27
C06523,Praneel Dhar,Female,20,Bengaluru,Karnataka,South,2022-05-30
C06524,Ridhi Shere,Female,50,Chennai,Tamil Nadu,South,2023-10-06
C06525,Laksh Mistry,Female,47,Chandigarh,Chandigarh,North,2025-05-04
C06526,Siya Bumb,Male,62,Patna,Bihar,East,2023-01-24
C06527,Akshay Narasimhan,Male,65,Kolkata,West Bengal,East,2024-10-31
C06528,Adweta Narasimhan,Male,23,Delhi,Delhi,North,2022-08-12
C06529,Amaira Jhaveri,Male,64,Guwahati,Assam,East,2022-07-16
C06530,Watika Dutta,Male,52,Coimbatore,Tamil Nadu,South,2024-09-21
C06531,Henry Butala,Female,60,Delhi,Delhi,North,2023-07-30
C06532,Teerth Balan,Male,44,Coimbatore,Tamil Nadu,South,2025-02-10
C06533,Yadavi Om,Female,23,Guwahati,Assam,East,2025-12-20
C06534,Ishaan Bumb,Male,40,Ahmedabad,Gujarat,West,2024-05-11
C06535,Vyanjana Yohannan,Female,43,Noida,Uttar Pradesh,North,2024-02-21
C06536,Anvi Nayar,Female,48,Noida,Uttar Pradesh,North,2022-11-25
C06537,Arin Ganesan,Female,27,Chennai,Tamil Nadu,South,2022-01-25
C06538,Sai Sidhu,Male,61,Jaipur,Rajasthan,North,2022-01-04
C06539,Kamala Mutti,Male,58,Lucknow,Uttar Pradesh,North,2024-07-05
C06540,Pavani Sampath,Female,36,Coimbatore,Tamil Nadu,South,2023-12-22
C06541,Timothy Prakash,Male,52,Hyderabad,Telangana,South,2023-04-03
C06542,Dhriti Thaman,Female,51,Bengaluru,Karnataka,South,2025-05-21
C06543,Ucchal Arora,Female,24,Noida,Uttar Pradesh,North,2025-07-11
C06544,Robert Date,Male,44,Lucknow,Uttar Pradesh,North,2023-08-05
C06545,Anmol Dara,Female,48,Mumbai,Maharashtra,West,2023-06-17
C06546,Wridesh Buch,Female,51,Chennai,Tamil Nadu,South,2024-06-09
C06547,Yuvraj Walia,Female,22,Surat,Gujarat,West,2024-07-09
C06548,Urvi Mohanty,Male,23,Patna,Bihar,East,2024-10-03
C06549,Divya Palla,Male,40,Ahmedabad,Gujarat,West,2024-06-01
C06550,Yagnesh Sandhu,Male,37,Lucknow,Uttar Pradesh,North,2024-04-03
C06551,Daniel Wali,Male,58,Chennai,Tamil Nadu,South,2024-10-28
C06552,Harrison Thakkar,Male,19,Jaipur,Rajasthan,North,2025-04-20
C06553,Brijesh Mander,Female,45,Jaipur,Rajasthan,North,2023-12-17
C06554,Darsh Deshmukh,Female,63,Pune,Maharashtra,West,2023-05-07
C06555,Simon Shenoy,Male,24,Pune,Maharashtra,West,2022-02-07
C06556,Nandini Boase,Male,55,Nagpur,Maharashtra,West,2024-09-12
C06557,Watika Jha,Female,36,Chandigarh,Chandigarh,North,2022-08-09
C06558,Neelima Dey,Male,27,Pune,Maharashtra,West,2022-01-26
C06559,Farhan Kalla,Female,70,Chennai,Tamil Nadu,South,2022-10-11
C06560,Yashodhara Rattan,Male,39,Kochi,Kerala,South,2022-02-18
C06561,Shaurya Pandit,Male,60,Chennai,Tamil Nadu,South,2024-11-04
C06562,Darpan Amble,Female,43,Nagpur,Maharashtra,West,2023-03-04
C06563,Ekanta Sani,Female,26,Jaipur,Rajasthan,North,2024-12-01
C06564,Jeevika Manne,Male,18,Mumbai,Maharashtra,West,2024-03-13
C06565,Yatin Chadha,Male,67,Kochi,Kerala,South,2023-05-25
C06566,Libni Prashad,Male,36,Delhi,Delhi,North,2022-03-03
C06567,Vinaya Grewal,Female,57,Coimbatore,Tamil Nadu,South,2025-06-13
C06568,Idika D’Alia,Female,24,Kolkata,West Bengal,East,2024-10-04
C06569,Ladli Mannan,Female,38,Nagpur,Maharashtra,West,2025-03-05
C06570,Maya Basak,Male,50,Guwahati,Assam,East,2024-03-04
C06571,Yashoda Khatri,Male,51,Jaipur,Rajasthan,North,2024-01-06
C06572,Vedika Gopal,Male,39,Chandigarh,Chandigarh,North,2022-11-18
C06573,Ayaan Dutt,Female,21,Kochi,Kerala,South,2025-07-18
C06574,Kritika Rout,Male,26,Coimbatore,Tamil Nadu,South,2023-05-27
C06575,Hemal Krish,Female,42,Kochi,Kerala,South,2022-03-21
C06576,Peter Verma,Male,41,Chandigarh,Chandigarh,North,2022-07-29
C06577,Krishna Kumer,Male,70,Kochi,Kerala,South,2024-11-28
C06578,Ekapad Sachar,Male,67,Hyderabad,Telangana,South,2025-07-12
C06579,Bakhshi Cheema,Male,44,Kolkata,West Bengal,East,2023-11-21
C06580,Ekiya Jayaraman,Male,29,Mumbai,Maharashtra,West,2025-12-24
C06581,Chandani Rout,Female,67,Coimbatore,Tamil Nadu,South,2024-09-26
C06582,Brijesh Prakash,Female,69,Hyderabad,Telangana,South,2022-03-10
C06583,Baljiwan Gulati,Male,48,Chennai,Tamil Nadu,South,2023-10-31
C06584,Krishna Swaminathan,Female,37,Ahmedabad,Gujarat,West,2025-02-03
C06585,Abhiram Lalla,Male,69,Mumbai,Maharashtra,West,2022-10-24
C06586,Vidhi Saini,Female,52,Ranchi,Jharkhand,East,2022-11-02
C06587,Pahal Desai,Male,33,Surat,Gujarat,West,2023-01-27
C06588,Adya Lad,Male,37,Bhubaneswar,Odisha,East,2024-08-04
C06589,Sudiksha D’Alia,Male,52,Pune,Maharashtra,West,2022-05-31
C06590,Edhitha Kakar,Female,58,Coimbatore,Tamil Nadu,South,2024-02-18
C06591,Nisha Basu,Male,56,Delhi,Delhi,North,2023-06-24
C06592,Warhi Ratti,Male,42,Noida,Uttar Pradesh,North,2024-04-17
C06593,Aarush Ghose,Male,50,Kochi,Kerala,South,2024-07-19
C06594,Yashasvi Yadav,Male,64,Mumbai,Maharashtra,West,2022-07-28
C06595,Yashodhara Sha,Male,37,Surat,Gujarat,West,2025-09-09
C06596,Ekaja Panchal,Male,36,Chandigarh,Chandigarh,North,2025-02-21
C06597,Warjas Narasimhan,Female,23,Chennai,Tamil Nadu,South,2023-03-28
C06598,Laban Swaminathan,Male,25,Coimbatore,Tamil Nadu,South,2022-05-23
C06599,Sudiksha Lata,Male,37,Ranchi,Jharkhand,East,2025-07-21
C06600,Ansh Sandal,Male,28,Kochi,Kerala,South,2022-06-25
C06601,Hitesh Rajagopal,Male,37,Mumbai,Maharashtra,West,2024-06-30
C06602,Bakhshi Jain,Female,44,Mumbai,Maharashtra,West,2024-10-25
C06603,Sathvik Thakur,Female,47,Kochi,Kerala,South,2022-04-08
C06604,Yashica Tak,Male,22,Hyderabad,Telangana,South,2024-07-28
C06605,Upma Savant,Female,66,Chennai,Tamil Nadu,South,2023-06-22
C06606,Yauvani Kapadia,Female,26,Patna,Bihar,East,2023-10-07
C06607,Tanish Ravel,Female,60,Bhubaneswar,Odisha,East,2024-07-26
C06608,Vaishnavi Sengupta,Male,47,Ranchi,Jharkhand,East,2023-07-05
C06609,Zayan Chandra,Male,46,Delhi,Delhi,North,2023-04-01
C06610,Abhiram Arora,Female,18,Hyderabad,Telangana,South,2025-07-08
C06611,Ikshita Hans,Male,63,Jaipur,Rajasthan,North,2023-05-21
C06612,Arin Grewal,Male,29,Hyderabad,Telangana,South,2023-08-15
C06613,Meghana Deol,Male,18,Chandigarh,Chandigarh,North,2023-09-08
C06614,Aishani Ganesan,Male,45,Kolkata,West Bengal,East,2023-04-05
C06615,Adweta Bir,Male,22,Chandigarh,Chandigarh,North,2023-12-20
C06616,Viraj Chada,Female,49,Noida,Uttar Pradesh,North,2022-04-04
C06617,Ishani Seshadri,Male,61,Guwahati,Assam,East,2023-05-10
C06618,Krish Amble,Female,59,Kolkata,West Bengal,East,2022-02-24
C06619,Ati Bhatti,Male,38,Surat,Gujarat,West,2022-07-13
C06620,Daksh Talwar,Female,19,Chennai,Tamil Nadu,South,2024-03-06
C06621,Harish Kale,Female,47,Bengaluru,Karnataka,South,2023-08-19
C06622,Anika Prabhu,Female,50,Noida,Uttar Pradesh,North,2024-02-15
C06623,Faqid Bhargava,Male,59,Chennai,Tamil Nadu,South,2024-08-15
C06624,Dayamai Chaudhary,Male,47,Chennai,Tamil Nadu,South,2022-02-21
C06625,Maanas Malhotra,Female,49,Delhi,Delhi,North,2022-05-28
C06626,Ayaan Soman,Female,38,Bhubaneswar,Odisha,East,2025-09-01
C06627,Madhavi Kumer,Male,69,Ahmedabad,Gujarat,West,2025-05-04
C06628,Samarth Goswami,Male,25,Chennai,Tamil Nadu,South,2024-06-28
C06629,Kashvi Brar,Male,54,Kolkata,West Bengal,East,2024-06-24
C06630,Chanchal Dhawan,Male,35,Chandigarh,Chandigarh,North,2022-04-17
C06631,Bimala Atwal,Female,36,Jaipur,Rajasthan,North,2022-07-10
C06632,Tanish Gera,Female,46,Kochi,Kerala,South,2023-11-16
C06633,Harish Chokshi,Female,60,Coimbatore,Tamil Nadu,South,2023-04-23
C06634,Balendra Hans,Female,41,Surat,Gujarat,West,2025-12-07
C06635,Lavanya Vora,Male,48,Bhubaneswar,Odisha,East,2025-03-08
C06636,Hardik Raj,Male,41,Delhi,Delhi,North,2023-03-09
C06637,Chandresh Soman,Female,57,Chennai,Tamil Nadu,South,2022-04-24
C06638,Manthan Rastogi,Male,42,Noida,Uttar Pradesh,North,2025-04-10
C06639,Omkaar Bhalla,Female,63,Lucknow,Uttar Pradesh,North,2023-03-16
C06640,Bakhshi Balay,Female,33,Hyderabad,Telangana,South,2024-09-05
C06641,Warjas Raman,Female,66,Bengaluru,Karnataka,South,2023-03-20
C06642,Krishna Boase,Female,63,Pune,Maharashtra,West,2023-07-14
C06643,Ronith Rout,Female,51,Jaipur,Rajasthan,North,2025-02-21
C06644,Advaith Nori,Male,57,Ahmedabad,Gujarat,West,2025-09-16
C06645,Vamakshi Munshi,Female,53,Bengaluru,Karnataka,South,2025-09-11
C06646,Darpan Char,Male,33,Mumbai,Maharashtra,West,2023-06-19
C06647,Yagnesh Deshpande,Female,56,Coimbatore,Tamil Nadu,South,2022-09-12
C06648,Advik Bal,Male,41,Mumbai,Maharashtra,West,2024-05-31
C06649,Tarak Shenoy,Male,70,Mumbai,Maharashtra,West,2024-09-05
C06650,Ranveer Banerjee,Male,63,Nagpur,Maharashtra,West,2022-09-14
C06651,Onveer Dyal,Male,43,Coimbatore,Tamil Nadu,South,2023-11-26
C06652,Ikbal Jayaraman,Male,41,Unknown,Uttar Pradesh,North,2025-02-15
C06653,Benjamin Upadhyay,Female,31,Chandigarh,Chandigarh,North,2023-09-12
C06654,Faqid Ramakrishnan,Female,18,Noida,Uttar Pradesh,North,2025-11-22
C06655,Lucky Grewal,Female,41,Kochi,Kerala,South,2025-09-19
C06656,Aryan Kulkarni,Male,34,Pune,Maharashtra,West,2025-05-12
C06657,Ati Reddy,Male,64,Chandigarh,Chandigarh,North,2025-11-25
C06658,Warhi Choudhry,Male,41,Surat,Gujarat,West,2024-03-25
C06659,Ekapad Som,Male,39,Nagpur,Maharashtra,West,2025-08-21
C06660,Suhani Kunda,Male,18,Coimbatore,Tamil Nadu,South,2024-03-08
C06661,Yash Ray,Male,23,Chennai,Tamil Nadu,South,2022-08-16
C06662,Maanav Kar,Female,22,Chandigarh,Chandigarh,North,2022-06-01
C06663,Chaaya Deep,Female,68,Guwahati,Assam,East,2023-01-30
C06664,Jalsa Dhawan,Male,26,Hyderabad,Telangana,South,2025-07-07
C06665,Mekhala Aurora,Male,61,Bhubaneswar,Odisha,East,2022-01-03
C06666,Hema Golla,Male,51,Noida,Uttar Pradesh,North,2022-10-14
C06667,Anamika Butala,Male,66,Guwahati,Assam,East,2025-03-19
C06668,Anay Magar,Female,26,Noida,Uttar Pradesh,North,2024-04-09
C06669,Sanaya Som,Male,34,Coimbatore,Tamil Nadu,South,2022-05-31
C06670,Keya Bajaj,Female,61,Noida,Uttar Pradesh,North,2022-09-13
C06671,Qadim Salvi,Male,58,Guwahati,Assam,East,2025-07-10
C06672,Diya Chandra,Female,22,Patna,Bihar,East,2023-10-12
C06673,Kalpit Singhal,Male,26,Jaipur,Rajasthan,North,2022-05-28
C06674,Farhan Shroff,Female,70,Coimbatore,Tamil Nadu,South,2022-06-17
C06675,Arjun Desai,Male,58,Bengaluru,Karnataka,South,2024-02-27
C06676,Hemani Parmer,Male,30,Jaipur,Rajasthan,North,2022-03-01
C06677,Isaac Raja,Female,56,Mumbai,Maharashtra,West,2025-11-14
C06678,Karan Cherian,Female,58,Hyderabad,Telangana,South,2023-01-23
C06679,Indrajit Nagarajan,Female,45,Delhi,Delhi,North,2024-04-27
C06680,Onkar Sani,Male,68,Coimbatore,Tamil Nadu,South,2022-10-29
C06681,Bhavika Wason,Male,60,Mumbai,Maharashtra,West,2025-12-31
C06682,Aadhya Srinivas,Male,58,Kochi,Kerala,South,2022-10-14
C06683,Yoshita Sama,Male,42,Chandigarh,Chandigarh,North,2022-07-28
C06684,Tanish Sheth,Female,56,Bhubaneswar,Odisha,East,2024-08-02
C06685,Daniel Andra,Male,29,Ranchi,Jharkhand,East,2023-10-20
C06686,Devika Shan,Female,34,Nagpur,Maharashtra,West,2024-04-28
C06687,Arjun Vaidya,Male,69,Nagpur,Maharashtra,West,2023-07-25
C06688,Raksha Chakrabarti,Female,50,Guwahati,Assam,East,2025-12-11
C06689,Bachittar Swaminathan,Female,68,Chennai,Tamil Nadu,South,2022-06-02
C06690,Kalpit Chada,Female,34,Bhubaneswar,Odisha,East,2022-04-05
C06691,Charita Bassi,Female,53,Hyderabad,Telangana,South,2022-02-20
C06692,Netra Wadhwa,Female,62,Mumbai,Maharashtra,West,2023-11-15
C06693,Maya Datta,Female,62,Mumbai,Maharashtra,West,2025-08-04
C06694,Eshana Karpe,Female,57,Guwahati,Assam,East,2024-12-22
C06695,Amruta Uppal,Male,62,Kochi,Kerala,South,2025-03-27
C06696,Anamika Sen,Male,47,Kochi,Kerala,South,2024-03-10
C06697,Yamini Dugar,Female,43,Bengaluru,Karnataka,South,2023-01-01
C06698,Udarsh Wable,Male,38,Jaipur,Rajasthan,North,2022-10-26
C06699,Eiravati Mahal,Male,29,Mumbai,Maharashtra,West,2025-01-01
C06700,Rachit Divan,Female,47,Lucknow,Uttar Pradesh,North,2025-09-09
C06701,Om Bhatti,Male,56,Chandigarh,Chandigarh,North,2025-03-15
C06702,Ryan Swamy,Female,66,Guwahati,Assam,East,2025-03-31
C06703,Akshay Parmer,Male,34,Nagpur,Maharashtra,West,2025-08-10
C06704,Aarav Joshi,Male,22,Lucknow,Uttar Pradesh,North,2025-10-29
C06705,Aarnav Bhat,Female,18,Coimbatore,Tamil Nadu,South,2024-03-12
C06706,Andrew Venkataraman,Male,40,Hyderabad,Telangana,South,2024-05-21
C06707,Yuvraj Manne,Male,24,Surat,Gujarat,West,2024-06-01
C06708,Sudiksha Khatri,Male,31,Hyderabad,Telangana,South,2023-08-21
C06709,Aayush Aggarwal,Male,41,Chennai,Tamil Nadu,South,2025-01-17
C06710,Jairaj Krishnan,Male,54,Pune,Maharashtra,West,2022-03-07
C06711,Nidra Agate,Male,50,Patna,Bihar,East,2025-07-29
C06712,George Rajagopalan,Male,48,Pune,Maharashtra,West,2022-08-15
C06713,Wahab Dewan,Male,23,Noida,Uttar Pradesh,North,2024-12-10
C06714,Saksham Shan,Female,40,Bengaluru,Karnataka,South,2023-04-16
C06715,Chaitanya Rama,Female,27,Lucknow,Uttar Pradesh,North,2025-01-20
C06716,Gayathri Mital,Male,22,Bengaluru,Karnataka,South,2022-10-01
C06717,Pavani Srinivasan,Female,26,Delhi,Delhi,North,2025-02-01
C06718,Lipika Konda,Male,45,Ahmedabad,Gujarat,West,2025-10-11
C06719,Chandresh Bajaj,Female,66,Jaipur,Rajasthan,North,2024-09-30
C06720,Theodore Krish,Male,28,Guwahati,Assam,East,2023-10-31
C06721,Jagat Chatterjee,Female,23,Lucknow,Uttar Pradesh,North,2023-12-25
C06722,Sanaya Butala,Female,23,Delhi,Delhi,North,2022-02-07
C06723,Frederick Nadkarni,Female,62,Chennai,Tamil Nadu,South,2025-06-20
C06724,Kala Lad,Male,26,Ahmedabad,Gujarat,West,2025-12-25
C06725,Yachana Dhaliwal,Male,18,Pune,Maharashtra,West,2023-03-02
C06726,Mason Badami,Male,26,Chennai,Tamil Nadu,South,2024-07-14
C06727,Abha Arora,Male,18,Chennai,Tamil Nadu,South,2022-11-11
C06728,Janani Jani,Female,61,Jaipur,Rajasthan,North,2025-10-03
C06729,William Mall,Female,39,Kochi,Kerala,South,2023-02-09
C06730,Nirja Balan,Female,67,Noida,Uttar Pradesh,North,2022-08-23
C06731,Ekanta Prashad,Male,44,Nagpur,Maharashtra,West,2022-03-03
C06732,Bhanumati Mahajan,Female,68,Jaipur,Rajasthan,North,2022-09-11
C06733,Rachana Sathe,Female,64,Surat,Gujarat,West,2025-02-17
C06734,Chatresh Chandran,Male,18,Delhi,Delhi,North,2023-05-25
C06735,Lakshit Loke,Male,19,Kochi,Kerala,South,2023-06-02
C06736,Liam Zacharia,Female,55,Surat,Gujarat,West,2024-03-11
C06737,Yashica Doshi,Female,36,Mumbai,Maharashtra,West,2025-11-05
C06738,Tristan Varghese,Male,24,Lucknow,Uttar Pradesh,North,2025-02-05
C06739,Bhavya Agarwal,Female,37,Mumbai,Maharashtra,West,2024-09-30
C06740,Mahika Dhaliwal,Male,51,Bengaluru,Karnataka,South,2025-11-20
C06741,Hiral Tella,Male,25,Coimbatore,Tamil Nadu,South,2023-08-29
C06742,Watika Lala,Female,57,Ahmedabad,Gujarat,West,2022-02-07
C06743,Laban Sibal,Male,25,Surat,Gujarat,West,2022-07-22
C06744,Jagrati Hans,Female,41,Pune,Maharashtra,West,2025-12-21
C06745,Devika Dutta,Male,26,Coimbatore,Tamil Nadu,South,2025-11-27
C06746,Hemangini Sha,Female,50,Noida,Uttar Pradesh,North,2022-04-09
C06747,Abhiram Menon,Female,58,Bhubaneswar,Odisha,East,2024-07-22
C06748,Nathaniel Chandra,Male,62,Ahmedabad,Gujarat,West,2023-07-10
C06749,Garima Chhabra,Female,29,Patna,Bihar,East,2024-10-14
C06750,Omya Boase,Female,20,Bhubaneswar,Odisha,East,2025-05-05
C06751,Falak Pal,Female,67,Delhi,Delhi,North,2022-08-26
C06752,Bhavini Rao,Female,29,Kochi,Kerala,South,2023-10-17
C06753,Azad Bhat,Male,43,Nagpur,Maharashtra,West,2025-02-04
C06754,Oscar Kanda,Female,52,Chennai,Tamil Nadu,South,2024-06-30
C06755,Aishani Sandhu,Female,40,Jaipur,Rajasthan,North,2022-02-10
C06756,Arjun Bhagat,Male,63,Noida,Uttar Pradesh,North,2024-11-05
C06757,Joshua Kibe,Female,22,Chandigarh,Chandigarh,North,2022-08-30
C06758,Tara Chadha,Male,56,Lucknow,Uttar Pradesh,North,2022-09-26
C06759,Gaurav Gill,Female,62,Bhubaneswar,Odisha,East,2024-01-24
C06760,Joshua Sane,Male,20,Lucknow,Uttar Pradesh,North,2025-05-06
C06761,Indali Chakraborty,Female,46,Ahmedabad,Gujarat,West,2025-02-28
C06762,Ayushman Lalla,Male,24,Surat,Gujarat,West,2025-05-12
C06763,Advay Tank,Male,19,Chandigarh,Chandigarh,North,2025-04-28
C06764,Radhika Nair,Female,27,Lucknow,Uttar Pradesh,North,2024-08-15
C06765,Aarna Muni,Male,23,Ahmedabad,Gujarat,West,2023-10-28
C06766,Chakradhar Mody,Female,51,Kolkata,West Bengal,East,2025-01-30
C06767,Maanas Sarraf,Female,60,Mumbai,Maharashtra,West,2022-08-12
C06768,Theodore Mital,Male,67,Bhubaneswar,Odisha,East,2023-01-07
C06769,Aryan Chhabra,Female,21,Bengaluru,Karnataka,South,2025-12-23
C06770,Gaurangi Khalsa,Female,47,Hyderabad,Telangana,South,2023-02-05
C06771,Jasmit Tata,Male,18,Mumbai,Maharashtra,West,2022-09-24
C06772,Dayamai Swamy,Female,24,Chandigarh,Chandigarh,North,2023-07-30
C06773,Aashi Keer,Female,54,Jaipur,Rajasthan,North,2025-03-17
C06774,Oviya Chacko,Female,24,Ranchi,Jharkhand,East,2022-09-17
C06775,Nimrat Warrior,Female,21,Lucknow,Uttar Pradesh,North,2025-11-26
C06776,Nihal Nadkarni,Female,65,Bhubaneswar,Odisha,East,2023-03-09
C06777,Jonathan Shanker,Female,27,Nagpur,Maharashtra,West,2025-10-17
C06778,Meera Sethi,Female,50,Nagpur,Maharashtra,West,2025-06-13
C06779,Yashodhara Ramanathan,Male,54,Noida,Uttar Pradesh,North,2023-06-13
C06780,Lila Panchal,Male,59,Pune,Maharashtra,West,2022-04-15
C06781,Michael De,Female,57,Coimbatore,Tamil Nadu,South,2024-10-13
C06782,Faraj Sathe,Female,68,Noida,Uttar Pradesh,North,2025-08-31
C06783,Riya Uppal,Female,69,Bengaluru,Karnataka,South,2025-11-01
C06784,Chaaya Solanki,Female,43,Mumbai,Maharashtra,West,2022-03-30
C06785,Faris Dutta,Male,42,Jaipur,Rajasthan,North,2024-05-22
C06786,Sarthak Pathak,Male,37,Lucknow,Uttar Pradesh,North,2023-08-07
C06787,Balhaar Sachar,Male,62,Lucknow,Uttar Pradesh,North,2025-03-09
C06788,Yashvi Mitter,Female,55,Ahmedabad,Gujarat,West,2023-05-26
C06789,Charvi Dhingra,Female,58,Noida,Uttar Pradesh,North,2023-03-05
C06790,Wahab Munshi,Female,69,Noida,Uttar Pradesh,North,2022-04-21
C06791,Shaurya Mohanty,Female,50,Noida,Uttar Pradesh,North,2024-05-28
C06792,Damyanti Saini,Male,61,Guwahati,Assam,East,2024-11-05
C06793,Michael Choudhry,Male,42,Surat,Gujarat,West,2025-09-25
C06794,Gabriel Nayar,Female,61,Ahmedabad,Gujarat,West,2023-03-23
C06795,Zayyan Parekh,Female,59,Coimbatore,Tamil Nadu,South,2022-04-27
C06796,Ishanvi Kunda,Female,24,Chandigarh,Chandigarh,North,2024-08-11
C06797,Anay Ratta,Male,59,Bhubaneswar,Odisha,East,2023-10-10
C06798,Barkha Chakrabarti,Male,42,Chandigarh,Chandigarh,North,2024-11-06
C06799,Harrison Tailor,Male,63,Jaipur,Rajasthan,North,2023-01-26
C06800,Faris Wali,Male,33,Lucknow,Uttar Pradesh,North,2023-08-02
C06801,Ubika Krish,Female,26,Guwahati,Assam,East,2025-04-06
C06802,Pushti Kaur,Male,64,Patna,Bihar,East,2025-10-28
C06803,Umang Nazareth,Female,38,Chennai,Tamil Nadu,South,2022-10-11
C06804,Xiti Thakkar,Female,62,Bengaluru,Karnataka,South,2023-05-03
C06805,Dhruv Wable,Female,57,Lucknow,Uttar Pradesh,North,2022-09-01
C06806,Oni Yadav,Male,30,Ahmedabad,Gujarat,West,2025-05-01
C06807,Nidhi Ravel,Female,48,Coimbatore,Tamil Nadu,South,2023-05-19
C06808,Andrew Palan,Female,20,Ahmedabad,Gujarat,West,2024-05-18
C06809,Harrison Bassi,Female,40,Lucknow,Uttar Pradesh,North,2023-10-05
C06810,Gavin Dyal,Male,20,Delhi,Delhi,North,2022-11-01
C06811,Deepa Hayre,Male,30,Surat,Gujarat,West,2023-05-31
C06812,Fitan Grewal,Female,54,Ahmedabad,Gujarat,West,2023-06-28
C06813,Ayushman Dani,Male,67,Bengaluru,Karnataka,South,2024-03-13
C06814,Charan Mukhopadhyay,Male,60,Hyderabad,Telangana,South,2025-02-28
C06815,Aayush Khatri,Male,44,Jaipur,Rajasthan,North,2024-09-05
C06816,Lucky Chaudhry,Male,27,Surat,Gujarat,West,2024-04-09
C06817,Chatresh Bhardwaj,Male,59,Coimbatore,Tamil Nadu,South,2025-01-13
C06818,Nihal Bhatia,Female,36,Delhi,Delhi,North,2024-01-17
C06819,Henry Sekhon,Female,33,Hyderabad,Telangana,South,2025-11-24
C06820,Faris Chakraborty,Female,38,Lucknow,Uttar Pradesh,North,2024-01-30
C06821,Bachittar Arya,Female,21,Lucknow,Uttar Pradesh,North,2025-04-04
C06822,Chameli Soman,Female,45,Bengaluru,Karnataka,South,2023-03-11
C06823,Wridesh Chhabra,Female,68,Bengaluru,Karnataka,South,2024-09-24
C06824,Hardik Shukla,Female,30,Coimbatore,Tamil Nadu,South,2024-09-26
C06825,Chakradev Cheema,Female,61,Nagpur,Maharashtra,West,2022-05-07
C06826,Nachiket Pant,Male,62,Kolkata,West Bengal,East,2022-03-01
C06827,Yashica Kuruvilla,Female,64,Jaipur,Rajasthan,North,2024-03-30
C06828,Bhavani Shukla,Male,29,Jaipur,Rajasthan,North,2024-05-18
C06829,Janya Andra,Male,54,Bhubaneswar,Odisha,East,2022-11-03
C06830,Faraj Jha,Male,43,Ahmedabad,Gujarat,West,2025-10-17
C06831,Harini Kapoor,Female,59,Hyderabad,Telangana,South,2022-03-18
C06832,Noah Dar,Male,39,Guwahati,Assam,East,2022-02-18
C06833,Urmi Ganesan,Male,31,Jaipur,Rajasthan,North,2022-03-21
C06834,Aarush Sinha,Female,57,Jaipur,Rajasthan,North,2023-06-02
C06835,Upadhriti Bhalla,Female,28,Bengaluru,Karnataka,South,2025-05-12
C06836,Upadhriti Choudhury,Male,53,Guwahati,Assam,East,2023-01-09
C06837,Hitesh Sandhu,Male,55,Jaipur,Rajasthan,North,2025-11-06
C06838,Yauvani Choudhry,Male,54,Delhi,Delhi,North,2025-05-06
C06839,Mohammed Dayal,Male,18,Ranchi,Jharkhand,East,2022-10-28
C06840,Leena Krishnamurthy,Female,23,Bhubaneswar,Odisha,East,2022-02-20
C06841,Vritti Dara,Male,53,Bengaluru,Karnataka,South,2022-03-28
C06842,Vedhika Nigam,Male,59,Coimbatore,Tamil Nadu,South,2024-11-12
C06843,Banjeet Sem,Female,67,Ahmedabad,Gujarat,West,2023-01-08
C06844,Hitesh Amble,Female,49,Kochi,Kerala,South,2025-06-24
C06845,Bhavini Aurora,Male,53,Noida,Uttar Pradesh,North,2024-06-30
C06846,Indira Shroff,Male,27,Kolkata,West Bengal,East,2024-03-30
C06847,Alexander Gara,Male,23,Hyderabad,Telangana,South,2025-11-21
C06848,Chaaya Hari,Male,36,Bhubaneswar,Odisha,East,2024-05-13
C06849,Tanay Rana,Female,26,Bengaluru,Karnataka,South,2024-01-19
C06850,Nicholas Dara,Female,18,Lucknow,Uttar Pradesh,North,2024-10-02
C06851,Baljiwan Rajagopalan,Male,59,Guwahati,Assam,East,2025-11-19
C06852,Indira Shah,Male,62,Ahmedabad,Gujarat,West,2024-06-20
C06853,Mitali Sodhi,Female,47,Unknown,Uttar Pradesh,North,2022-12-29
C06854,Lopa Savant,Female,48,Hyderabad,Telangana,South,2024-08-11
C06855,Dominic Sarkar,Male,46,Nagpur,Maharashtra,West,2023-06-19
C06856,Yatan Patla,Female,38,Hyderabad,Telangana,South,2023-07-13
C06857,Gaurav Nagy,Female,23,Surat,Gujarat,West,2022-04-19
C06858,Jack Ray,Female,27,Hyderabad,Telangana,South,2024-11-18
C06859,Maanav Rama,Male,68,Pune,Maharashtra,West,2024-03-27
C06860,Aayush Srinivasan,Female,61,Noida,Uttar Pradesh,North,2022-10-28
C06861,Teerth Hora,Male,46,Chandigarh,Chandigarh,North,2023-06-11
C06862,Chakradhar Virk,Female,22,Kochi,Kerala,South,2023-02-06
C06863,Naksh Manda,Female,42,Chandigarh,Chandigarh,North,2022-03-10
C06864,Isaiah Yohannan,Male,68,Chandigarh,Chandigarh,North,2025-01-16
C06865,Laksh Mani,Female,48,Bengaluru,Karnataka,South,2024-02-14
C06866,Yahvi Bhatti,Male,27,Ranchi,Jharkhand,East,2024-01-24
C06867,Arjun Anne,Male,29,Nagpur,Maharashtra,West,2023-01-26
C06868,Hredhaan Sandal,Female,33,Lucknow,Uttar Pradesh,North,2022-10-01
C06869,Alexander Mutti,Female,68,Patna,Bihar,East,2022-06-20
C06870,Chakradhar Din,Male,57,Hyderabad,Telangana,South,2025-05-21
C06871,Jyoti Bobal,Male,51,Ahmedabad,Gujarat,West,2025-02-13
C06872,Vamakshi Patla,Male,62,Mumbai,Maharashtra,West,2024-08-23
C06873,Bina Raval,Male,41,Surat,Gujarat,West,2024-09-22
C06874,Vihaan Narayan,Male,64,Bengaluru,Karnataka,South,2024-08-15
C06875,Dayita Chana,Male,36,Guwahati,Assam,East,2023-08-08
C06876,Aarush Nanda,Female,64,Bengaluru,Karnataka,South,2025-01-27
C06877,Jagat Majumdar,Male,59,Surat,Gujarat,West,2024-07-16
C06878,Osha Lad,Male,38,Guwahati,Assam,East,2022-06-20
C06879,Vritti Tiwari,Male,21,Kolkata,West Bengal,East,2022-03-13
C06880,Jason Nagarajan,Female,53,Delhi,Delhi,North,2022-08-06
C06881,Yatin Nazareth,Male,41,Delhi,Delhi,North,2022-12-28
C06882,Indrajit Devan,Female,54,Kochi,Kerala,South,2025-09-24
C06883,Saumya Tailor,Male,20,Pune,Maharashtra,West,2025-12-11
C06884,Guneet Desai,Female,41,Coimbatore,Tamil Nadu,South,2025-06-23
C06885,Kashish Tank,Female,59,Ranchi,Jharkhand,East,2024-08-27
C06886,Harita Pathak,Male,56,Ahmedabad,Gujarat,West,2025-08-03
C06887,Mohammed Puri,Female,34,Nagpur,Maharashtra,West,2024-07-13
C06888,Triya Dyal,Male,42,Bhubaneswar,Odisha,East,2023-12-11
C06889,Leela Bahl,Male,21,Noida,Uttar Pradesh,North,2023-06-13
C06890,Chakrika Master,Male,40,Bengaluru,Karnataka,South,2023-08-06
C06891,Kala Mammen,Female,20,Jaipur,Rajasthan,North,2024-06-21
C06892,Turvi Sidhu,Male,33,Patna,Bihar,East,2022-07-10
C06893,Balhaar Parmar,Female,68,Nagpur,Maharashtra,West,2023-04-16
C06894,Riya Chaudry,Female,42,Surat,Gujarat,West,2025-03-20
C06895,Triveni Jani,Female,39,Surat,Gujarat,West,2022-01-10
C06896,Xiti Sheth,Female,56,Mumbai,Maharashtra,West,2024-07-26
C06897,Janaki Rajagopalan,Female,57,Lucknow,Uttar Pradesh,North,2024-12-02
C06898,Vasana Wali,Male,35,Noida,Uttar Pradesh,North,2024-11-08
C06899,Vasana Bhat,Male,31,Hyderabad,Telangana,South,2022-03-13
C06900,Guneet Sur,Female,28,Patna,Bihar,East,2024-10-27
C06901,Damyanti Kari,Female,46,Chennai,Tamil Nadu,South,2025-10-12
C06902,Quincy Sathe,Female,31,Kochi,Kerala,South,2022-02-24
C06903,Elijah Mitra,Female,27,Kochi,Kerala,South,2023-05-14
C06904,Tripti Golla,Male,25,Ranchi,Jharkhand,East,2022-08-12
C06905,Chandresh Edwin,Female,69,Chennai,Tamil Nadu,South,2025-12-06
C06906,Gaurangi Lad,Female,44,Delhi,Delhi,North,2024-12-30
C06907,Neha Divan,Female,56,Noida,Uttar Pradesh,North,2025-06-02
C06908,Quincy Varty,Male,40,Coimbatore,Tamil Nadu,South,2022-06-06
C06909,Chakradev Sen,Male,21,Guwahati,Assam,East,2022-08-30
C06910,Priya Krishna,Male,59,Chandigarh,Chandigarh,North,2025-11-23
C06911,Advaith Sehgal,Male,27,Hyderabad,Telangana,South,2022-01-18
C06912,Samuel Dhawan,Male,40,Bengaluru,Karnataka,South,2023-06-27
C06913,Ekansh Jhaveri,Male,18,Chandigarh,Chandigarh,North,2025-09-19
C06914,Sathvik Rattan,Male,70,Ahmedabad,Gujarat,West,2023-08-31
C06915,Omisha Devi,Male,63,Surat,Gujarat,West,2025-01-27
C06916,Jeremiah Kamdar,Female,61,Delhi,Delhi,North,2023-08-01
C06917,Yamini Soman,Female,37,Hyderabad,Telangana,South,2023-07-28
C06918,Niharika Balan,Male,47,Ahmedabad,Gujarat,West,2022-12-24
C06919,Zansi Virk,Female,61,Guwahati,Assam,East,2025-01-26
C06920,Vivaan Goda,Female,45,Pune,Maharashtra,West,2022-06-15
C06921,Gaurika Prabhakar,Female,52,Coimbatore,Tamil Nadu,South,2024-10-19
C06922,Aashi Ahuja,Male,57,Kochi,Kerala,South,2023-12-06
C06923,Atharv Vohra,Female,45,Bhubaneswar,Odisha,East,2024-05-17
C06924,Urvi Iyengar,Female,55,Noida,Uttar Pradesh,North,2024-11-27
C06925,Fiyaz Narang,Female,39,Ranchi,Jharkhand,East,2024-08-02
C06926,Pushti Kurian,Female,46,Kochi,Kerala,South,2024-11-16
C06927,Dipta Handa,Female,18,Delhi,Delhi,North,2023-04-28
C06928,Nisha Seshadri,Male,44,Hyderabad,Telangana,South,2022-10-06
C06929,Urvi Tella,Female,56,Kolkata,West Bengal,East,2025-11-16
C06930,Xalak Nori,Male,62,Surat,Gujarat,West,2023-11-13
C06931,Aachal Dutt,Male,51,Lucknow,Uttar Pradesh,North,2024-02-11
C06932,Faraj Bala,Female,51,Delhi,Delhi,North,2022-11-10
C06933,Aashi Din,Male,45,Kochi,Kerala,South,2024-09-07
C06934,Vansha Kade,Male,22,Lucknow,Uttar Pradesh,North,2024-04-13
C06935,Kalpit Shah,Female,26,Guwahati,Assam,East,2025-02-09
C06936,Pranit Bhasin,Female,19,Jaipur,Rajasthan,North,2022-05-08
C06937,Parth Din,Female,51,Lucknow,Uttar Pradesh,North,2025-06-10
C06938,Harshil Cherian,Male,42,Kochi,Kerala,South,2023-04-21
C06939,Ucchal Prabhakar,Female,33,Coimbatore,Tamil Nadu,South,2024-07-09
C06940,Pooja Dara,Male,69,Coimbatore,Tamil Nadu,South,2024-06-20
C06941,Hredhaan Sampath,Female,58,Guwahati,Assam,East,2022-05-19
C06942,Dakshesh Menon,Female,40,Lucknow,Uttar Pradesh,North,2023-09-03
C06943,Kamya Comar,Male,58,Mumbai,Maharashtra,West,2022-08-04
C06944,Amrita Raval,Male,49,Hyderabad,Telangana,South,2025-12-01
C06945,Bachittar Prasad,Female,52,Pune,Maharashtra,West,2025-02-15
C06946,Hemang Sandal,Female,22,Delhi,Delhi,North,2024-03-20
C06947,Sarthak Gola,Female,50,Ahmedabad,Gujarat,West,2023-12-12
C06948,Ayushman Gole,Female,38,Pune,Maharashtra,West,2023-12-26
C06949,Akshay Chandran,Male,28,Lucknow,Uttar Pradesh,North,2022-06-13
C06950,Qarin Rao,Male,39,Noida,Uttar Pradesh,North,2025-10-25
C06951,Warhi Brahmbhatt,Female,45,Coimbatore,Tamil Nadu,South,2025-09-19
C06952,Pahal Bakshi,Female,42,Lucknow,Uttar Pradesh,North,2025-06-10
C06953,Shravya Shetty,Female,29,Noida,Uttar Pradesh,North,2024-12-13
C06954,Tarak Buch,Female,46,Pune,Maharashtra,West,2025-11-19
C06955,Rishi Sehgal,Male,33,Patna,Bihar,East,2022-11-12
C06956,Hema Apte,Male,70,Unknown,Tamil Nadu,South,2025-10-13
C06957,Bishakha Issac,Male,68,Noida,Uttar Pradesh,North,2024-07-31
C06958,Qasim Sachdev,Male,19,Jaipur,Rajasthan,North,2023-03-06
C06959,Qadim Kulkarni,Female,36,Bengaluru,Karnataka,South,2024-02-21
C06960,Krisha Kapur,Female,26,Bengaluru,Karnataka,South,2024-09-11
C06961,Ridhi Dutta,Female,29,Nagpur,Maharashtra,West,2025-12-09
C06962,Sachi Sant,Female,19,Nagpur,Maharashtra,West,2024-08-05
C06963,Abdul Zacharia,Female,46,Jaipur,Rajasthan,North,2022-01-13
C06964,Bachittar Rao,Male,65,Ahmedabad,Gujarat,West,2024-06-15
C06965,Abha Bhat,Male,70,Coimbatore,Tamil Nadu,South,2025-09-25
C06966,Inaya Nair,Female,48,Kochi,Kerala,South,2025-07-27
C06967,Theodore Kar,Male,59,Bengaluru,Karnataka,South,2022-12-22
C06968,Turvi Dugar,Male,21,Bengaluru,Karnataka,South,2024-10-20
C06969,Pranit Zachariah,Female,63,Coimbatore,Tamil Nadu,South,2023-11-27
C06970,Nathaniel Dalal,Male,67,Jaipur,Rajasthan,North,2022-05-05
C06971,Tristan Pall,Female,70,Pune,Maharashtra,West,2022-12-15
C06972,Chanchal Sanghvi,Female,63,Guwahati,Assam,East,2022-02-16
C06973,Jeremiah Sani,Male,39,Kochi,Kerala,South,2022-03-27
C06974,Sneha Rana,Male,55,Ahmedabad,Gujarat,West,2024-04-20
C06975,Onveer Setty,Male,36,Chandigarh,Chandigarh,North,2025-08-22
C06976,Daksha Parekh,Male,41,Bengaluru,Karnataka,South,2024-09-03
C06977,Vrinda Lanka,Female,43,Chandigarh,Chandigarh,North,2025-07-29
C06978,Arin Sethi,Female,68,Guwahati,Assam,East,2023-04-22
C06979,Yashasvi Saran,Male,37,Patna,Bihar,East,2024-02-18
C06980,Aarnav Sahota,Female,65,Patna,Bihar,East,2024-11-20
C06981,Januja Sachar,Male,29,Chandigarh,Chandigarh,North,2023-04-13
C06982,Omkaar Basu,Male,36,Noida,Uttar Pradesh,North,2022-05-25
C06983,Harshil Garg,Female,62,Ahmedabad,Gujarat,West,2023-12-23
C06984,Noah Grewal,Female,28,Mumbai,Maharashtra,West,2025-09-12
C06985,Kamya Mistry,Female,55,Unknown,Telangana,South,2023-06-21
C06986,Bachittar Mammen,Female,35,Patna,Bihar,East,2022-11-23
C06987,Bakhshi Kar,Female,31,Bengaluru,Karnataka,South,2022-02-19
C06988,Naksh Pall,Male,33,Coimbatore,Tamil Nadu,South,2022-04-07
C06989,Yug Jhaveri,Male,33,Mumbai,Maharashtra,West,2025-11-21
C06990,Abeer Ganesh,Male,66,Noida,Uttar Pradesh,North,2024-10-18
C06991,Ishita Bhavsar,Male,40,Nagpur,Maharashtra,West,2023-04-04
C06992,Mitesh Prasad,Female,53,Nagpur,Maharashtra,West,2022-04-20
C06993,Hemangini Bhargava,Male,25,Delhi,Delhi,North,2022-03-20
C06994,Upkaar Nazareth,Female,35,Pune,Maharashtra,West,2023-02-28
C06995,Falguni Bandi,Female,47,Bhubaneswar,Odisha,East,2023-10-30
C06996,Nidhi Thaman,Male,50,Bengaluru,Karnataka,South,2024-10-02
C06997,Sathvik Hari,Female,41,Delhi,Delhi,North,2023-10-15
C06998,Reyansh Gaba,Female,62,Noida,Uttar Pradesh,North,2024-01-24
C06999,Yatin Ramesh,Female,39,Patna,Bihar,East,2023-12-25
C07000,Pooja Deo,Female,41,Nagpur,Maharashtra,West,2025-03-13
C07001,Avi Palan,Male,62,Kochi,Kerala,South,2023-10-26
C07002,Jason Date,Male,46,Jaipur,Rajasthan,North,2025-02-27
C07003,Anamika Chana,Female,22,Hyderabad,Telangana,South,2024-01-17
C07004,Dakshesh Sawhney,Male,62,Nagpur,Maharashtra,West,2023-12-08
C07005,Maya Munshi,Male,47,Ahmedabad,Gujarat,West,2022-10-21
C07006,Daksh Dalal,Male,67,Ranchi,Jharkhand,East,2025-08-14
C07007,Xavier Taneja,Female,24,Chandigarh,Chandigarh,North,2025-08-24
C07008,Rudra Borra,Male,23,Ranchi,Jharkhand,East,2025-07-12
C07009,Tripti More,Female,63,Kochi,Kerala,South,2024-10-03
C07010,Arunima Dutta,Male,20,Coimbatore,Tamil Nadu,South,2022-05-03
C07011,Alexander Rajagopalan,Female,66,Jaipur,Rajasthan,North,2024-08-27
C07012,Amrita Chander,Male,19,Lucknow,Uttar Pradesh,North,2024-08-06
C07013,Sara Oommen,Female,21,Nagpur,Maharashtra,West,2022-10-17
C07014,Kevin Golla,Male,29,Kochi,Kerala,South,2025-10-31
C07015,Sanya Borra,Female,36,Delhi,Delhi,North,2022-12-12
C07016,Harish Subramaniam,Male,67,Coimbatore,Tamil Nadu,South,2025-04-08
C07017,Vincent Rattan,Male,54,Ahmedabad,Gujarat,West,2025-08-11
C07018,Pallavi Mahal,Male,41,Coimbatore,Tamil Nadu,South,2022-07-01
C07019,Eiravati Dora,Female,54,Jaipur,Rajasthan,North,2023-12-26
C07020,Zayan Rajagopal,Male,36,Nagpur,Maharashtra,West,2022-05-06
C07021,Lucky Bal,Female,23,Guwahati,Assam,East,2025-05-29
C07022,Jai Sen,Female,37,Coimbatore,Tamil Nadu,South,2022-11-12
C07023,Avi Agrawal,Male,68,Mumbai,Maharashtra,West,2025-02-07
C07024,Amruta Murty,Female,69,Kochi,Kerala,South,2023-04-23
C07025,Anamika Bhat,Male,30,Ahmedabad,Gujarat,West,2024-08-26
C07026,Ojas Cherian,Male,47,Hyderabad,Telangana,South,2024-06-04
C07027,Irya Karpe,Male,49,Surat,Gujarat,West,2022-06-28
C07028,Isha Anne,Male,27,Coimbatore,Tamil Nadu,South,2022-08-26
C07029,Girindra Madan,Male,62,Coimbatore,Tamil Nadu,South,2025-06-22
C07030,Liam Chaudhry,Male,20,Noida,Uttar Pradesh,North,2022-06-21
C07031,Chandani Khanna,Male,28,Hyderabad,Telangana,South,2023-09-18
C07032,Zansi Sathe,Male,55,Noida,Uttar Pradesh,North,2022-04-14
C07033,Triya Dey,Female,28,Surat,Gujarat,West,2023-09-11
C07034,Unnati Date,Male,50,Hyderabad,Telangana,South,2022-08-09
C07035,Zayan Deep,Female,43,Coimbatore,Tamil Nadu,South,2023-01-29
C07036,Girik Thaker,Female,27,Bhubaneswar,Odisha,East,2022-07-12
C07037,Aachal Nagy,Female,49,Bengaluru,Karnataka,South,2025-07-06
C07038,Pranit Amble,Male,48,Kochi,Kerala,South,2025-12-28
C07039,Vasudha Tailor,Male,57,Coimbatore,Tamil Nadu,South,2025-11-15
C07040,Raagini Tailor,Female,20,Hyderabad,Telangana,South,2024-09-08
C07041,Rushil Joshi,Male,64,Mumbai,Maharashtra,West,2022-08-18
C07042,Onkar Sani,Male,35,Coimbatore,Tamil Nadu,South,2022-02-16
C07043,Girish Parmar,Female,45,Patna,Bihar,East,2025-04-28
C07044,Noah Oak,Female,51,Bengaluru,Karnataka,South,2022-06-06
C07045,Bimala Sant,Male,70,Surat,Gujarat,West,2023-12-08
C07046,Dakshesh Venkatesh,Male,40,Chandigarh,Chandigarh,North,2023-12-12
C07047,Yahvi Parmer,Male,22,Chandigarh,Chandigarh,North,2022-11-08
C07048,Onveer Nagi,Female,19,Bhubaneswar,Odisha,East,2022-08-29
C07049,Vanya Deshmukh,Male,23,Guwahati,Assam,East,2025-08-08
C07050,Orinder Badami,Female,19,Delhi,Delhi,North,2023-10-09
C07051,Mitali Subramaniam,Female,67,Ranchi,Jharkhand,East,2025-06-07
C07052,Om Patil,Female,19,Bengaluru,Karnataka,South,2024-03-28
C07053,Tarak Nagar,Female,43,Hyderabad,Telangana,South,2025-05-29
C07054,Faris Ramanathan,Male,63,Guwahati,Assam,East,2024-03-24
C07055,Nathan Gera,Female,21,Coimbatore,Tamil Nadu,South,2023-03-23
C07056,Inaya Anand,Female,51,Chennai,Tamil Nadu,South,2025-10-27
C07057,Qadim Pandit,Female,22,Delhi,Delhi,North,2025-04-02
C07058,Om Mital,Female,30,Chennai,Tamil Nadu,South,2025-02-19
C07059,Orinder Sabharwal,Male,19,Coimbatore,Tamil Nadu,South,2023-09-03
C07060,Zayan Gole,Female,36,Chandigarh,Chandigarh,North,2023-11-23
C07061,Gautam Gara,Male,57,Hyderabad,Telangana,South,2025-11-21
C07062,Yatan Mahal,Female,39,Bhubaneswar,Odisha,East,2023-05-14
C07063,Bhavna Gill,Female,29,Delhi,Delhi,North,2025-03-29
C07064,Agastya Sahni,Male,61,Unknown,Kerala,South,2025-01-14
C07065,Onkar Sawhney,Female,38,Ahmedabad,Gujarat,West,2023-07-16
C07066,Krish Rout,Male,54,Kolkata,West Bengal,East,2023-03-10
C07067,Aadi Lala,Female,51,Kolkata,West Bengal,East,2023-03-16
C07068,Charles Patel,Female,52,Bhubaneswar,Odisha,East,2024-05-27
C07069,Rishi Goyal,Female,30,Pune,Maharashtra,West,2025-01-26
C07070,Vansha Mane,Male,27,Nagpur,Maharashtra,West,2025-07-24
C07071,Anirudh Kata,Male,34,Ranchi,Jharkhand,East,2022-02-04
C07072,Chandresh Chad,Female,41,Chandigarh,Chandigarh,North,2023-06-07
C07073,Yatan Prabhakar,Female,51,Surat,Gujarat,West,2024-05-12
C07074,Peter Desai,Female,24,Surat,Gujarat,West,2025-12-28
C07075,Chanchal Sheth,Male,20,Surat,Gujarat,West,2022-06-30
C07076,Gabriel Kapadia,Female,40,Mumbai,Maharashtra,West,2024-07-25
C07077,Abdul Batra,Female,43,Ranchi,Jharkhand,East,2024-06-24
C07078,Ansh Wadhwa,Female,18,Kochi,Kerala,South,2024-01-04
C07079,Triya Sunder,Female,69,Mumbai,Maharashtra,West,2023-07-06
C07080,Ekani Ratta,Male,63,Bengaluru,Karnataka,South,2023-01-01
C07081,Mugdha Choudhry,Female,22,Pune,Maharashtra,West,2025-12-10
C07082,Christopher Som,Male,24,Hyderabad,Telangana,South,2024-02-20
C07083,Kai Raman,Female,22,Mumbai,Maharashtra,West,2023-02-11
C07084,Tejas Vora,Female,65,Hyderabad,Telangana,South,2022-12-07
C07085,Advaith Aurora,Female,63,Lucknow,Uttar Pradesh,North,2023-12-01
C07086,Vedant Sheth,Female,29,Chandigarh,Chandigarh,North,2023-12-20
C07087,Ryan Madan,Female,50,Noida,Uttar Pradesh,North,2023-05-21
C07088,Gautam Saxena,Female,23,Jaipur,Rajasthan,North,2024-10-20
C07089,Manan Kapoor,Female,69,Kolkata,West Bengal,East,2023-02-11
C07090,Samesh Hora,Female,54,Lucknow,Uttar Pradesh,North,2023-07-30
C07091,Ishwar Arora,Male,18,Surat,Gujarat,West,2024-05-18
C07092,Barkha Chander,Male,56,Chennai,Tamil Nadu,South,2022-06-26
C07093,Chandani Devan,Female,67,Bhubaneswar,Odisha,East,2022-11-08
C07094,Hardik Ramachandran,Female,69,Coimbatore,Tamil Nadu,South,2024-12-06
C07095,Anya Mani,Male,62,Lucknow,Uttar Pradesh,North,2025-11-07
C07096,Ronith Sharaf,Female,69,Bengaluru,Karnataka,South,2023-03-02
C07097,Ucchal Singhal,Male,55,Nagpur,Maharashtra,West,2024-01-23
C07098,Janaki Sood,Male,34,Surat,Gujarat,West,2022-02-13
C07099,Azad Sami,Male,44,Hyderabad,Telangana,South,2025-03-20
C07100,Zayan Master,Male,22,Lucknow,Uttar Pradesh,North,2022-03-09
C07101,Chakradev Mall,Male,35,Kochi,Kerala,South,2022-02-09
C07102,Ekaraj Solanki,Female,30,Lucknow,Uttar Pradesh,North,2025-02-24
C07103,Harini Chaudhry,Male,18,Guwahati,Assam,East,2024-08-07
C07104,Anmol Chadha,Female,63,Jaipur,Rajasthan,North,2024-09-24
C07105,Ranbir Gera,Male,37,Lucknow,Uttar Pradesh,North,2025-12-24
C07106,Qadim Barman,Female,36,Noida,Uttar Pradesh,North,2023-12-29
C07107,Bhavini Kanda,Female,36,Chandigarh,Chandigarh,North,2024-05-26
C07108,Darika Loke,Female,62,Chennai,Tamil Nadu,South,2025-11-27
C07109,Faras Taneja,Male,48,Lucknow,Uttar Pradesh,North,2024-06-10
C07110,Theodore Luthra,Male,25,Nagpur,Maharashtra,West,2022-01-16
C07111,Priya Nayak,Female,31,Mumbai,Maharashtra,West,2025-08-20
C07112,Yachana Ramachandran,Female,62,Bengaluru,Karnataka,South,2025-04-02
C07113,Saumya Apte,Male,38,Noida,Uttar Pradesh,North,2023-01-13
C07114,Jagrati Memon,Male,53,Chandigarh,Chandigarh,North,2025-12-28
C07115,Umang Radhakrishnan,Female,64,Coimbatore,Tamil Nadu,South,2024-05-15
C07116,Omya Barman,Male,21,Surat,Gujarat,West,2022-07-06
C07117,Unni Ghose,Male,26,Chennai,Tamil Nadu,South,2024-08-10
C07118,Zaitra Saraf,Female,46,Noida,Uttar Pradesh,North,2023-08-05
C07119,Dev Arora,Male,35,Mumbai,Maharashtra,West,2023-05-06
C07120,Harinakshi Karan,Female,23,Ranchi,Jharkhand,East,2023-09-10
C07121,Dhriti Subramaniam,Male,38,Lucknow,Uttar Pradesh,North,2022-12-22
C07122,Owen Chand,Male,58,Jaipur,Rajasthan,North,2025-01-14
C07123,Arya Keer,Female,63,Coimbatore,Tamil Nadu,South,2025-10-13
C07124,Amol Bali,Female,54,Surat,Gujarat,West,2025-09-10
C07125,Vansha Walla,Male,21,Kolkata,West Bengal,East,2025-09-12
C07126,Adweta Sane,Female,35,Guwahati,Assam,East,2023-10-30
C07127,Dalaja Suresh,Male,39,Chandigarh,Chandigarh,North,2022-07-16
C07128,Girindra Memon,Female,20,Pune,Maharashtra,West,2022-05-13
C07129,Tamanna Tiwari,Female,22,Noida,Uttar Pradesh,North,2025-05-02
C07130,Anya Kala,Male,25,Kolkata,West Bengal,East,2024-09-25
C07131,Charan Randhawa,Female,43,Kolkata,West Bengal,East,2022-06-05
C07132,Fitan Seth,Male,24,Bengaluru,Karnataka,South,2025-12-30
C07133,Ojasvi Kunda,Male,66,Ranchi,Jharkhand,East,2023-05-09
C07134,Unni Deep,Male,64,Ahmedabad,Gujarat,West,2023-09-14
C07135,Vivaan Raval,Female,63,Chandigarh,Chandigarh,North,2023-03-12
C07136,Jhalak Mishra,Female,36,Bengaluru,Karnataka,South,2025-10-02
C07137,Zilmil Pradhan,Male,21,Surat,Gujarat,West,2024-07-27
C07138,Darpan Dixit,Male,39,Nagpur,Maharashtra,West,2022-09-05
C07139,Vaishnavi Ganesan,Male,23,Kochi,Kerala,South,2022-07-14
C07140,Advay Varughese,Male,66,Noida,Uttar Pradesh,North,2022-03-05
C07141,Gaurika Baria,Male,57,Bengaluru,Karnataka,South,2025-03-16
C07142,Lekha Bahri,Male,27,Surat,Gujarat,West,2024-04-23
C07143,Warinder Patla,Male,54,Ahmedabad,Gujarat,West,2023-02-21
C07144,Priya Bandi,Male,44,Lucknow,Uttar Pradesh,North,2024-07-29
C07145,Balhaar Kari,Male,67,Nagpur,Maharashtra,West,2022-10-01
C07146,Sachi Loke,Female,18,Delhi,Delhi,North,2023-01-22
C07147,Yashodhara Korpal,Female,20,Ranchi,Jharkhand,East,2022-02-13
C07148,Avi Randhawa,Male,51,Chandigarh,Chandigarh,North,2024-12-01
C07149,Ria Kakar,Female,66,Chandigarh,Chandigarh,North,2025-12-14
C07150,Nidhi Sinha,Male,20,Noida,Uttar Pradesh,North,2023-04-06
C07151,Krishna Goswami,Male,35,Mumbai,Maharashtra,West,2025-03-14
C07152,Osha Roy,Female,49,Nagpur,Maharashtra,West,2022-11-13
C07153,Avni Bumb,Female,61,Noida,Uttar Pradesh,North,2024-06-20
C07154,Yauvani Seth,Male,48,Bengaluru,Karnataka,South,2023-12-13
C07155,Falguni Kamdar,Female,38,Lucknow,Uttar Pradesh,North,2023-11-28
C07156,Chakradhar Ram,Female,41,Surat,Gujarat,West,2024-08-22
C07157,Samesh Sachdeva,Male,50,Delhi,Delhi,North,2025-05-09
C07158,Daksha Gara,Female,48,Hyderabad,Telangana,South,2023-07-10
C07159,Mugdha Bajwa,Male,37,Mumbai,Maharashtra,West,2022-03-24
C07160,Ekantika Bains,Male,29,Pune,Maharashtra,West,2022-11-02
C07161,Lakshit Dewan,Male,21,Pune,Maharashtra,West,2024-03-24
C07162,Tamanna Bhargava,Female,40,Bengaluru,Karnataka,South,2025-09-20
C07163,Pahal Brahmbhatt,Male,33,Kochi,Kerala,South,2024-06-26
C07164,Saanvi Balan,Female,67,Chennai,Tamil Nadu,South,2024-08-03
C07165,Mahika Jha,Female,23,Chandigarh,Chandigarh,North,2023-04-11
C07166,Darsh Boase,Male,35,Ahmedabad,Gujarat,West,2022-10-28
C07167,Nicholas Aurora,Male,26,Surat,Gujarat,West,2024-01-24
C07168,Rehaan Goel,Female,66,Nagpur,Maharashtra,West,2023-02-14
C07169,Nathaniel Swaminathan,Male,64,Noida,Uttar Pradesh,North,2022-02-20
C07170,Mitesh Sahota,Female,56,Jaipur,Rajasthan,North,2024-03-29
C07171,Samar Kaul,Female,45,Bhubaneswar,Odisha,East,2022-10-06
C07172,Gautam Shankar,Male,52,Kochi,Kerala,South,2022-09-23
C07173,Pallavi Morar,Male,47,Guwahati,Assam,East,2022-11-23
C07174,Onveer Ravel,Male,29,Coimbatore,Tamil Nadu,South,2024-10-15
C07175,Nakul Balan,Male,20,Nagpur,Maharashtra,West,2023-03-02
C07176,Wahab Chahal,Male,18,Coimbatore,Tamil Nadu,South,2024-08-23
C07177,Eta Mittal,Male,59,Nagpur,Maharashtra,West,2023-10-02
C07178,Isaiah Mandal,Female,18,Chennai,Tamil Nadu,South,2023-02-23
C07179,Omya Sengupta,Male,61,Coimbatore,Tamil Nadu,South,2023-04-23
C07180,Lajita Gola,Male,52,Hyderabad,Telangana,South,2024-11-19
C07181,Harini Yohannan,Male,26,Bengaluru,Karnataka,South,2025-07-23
C07182,Ranveer Agate,Male,35,Surat,Gujarat,West,2025-01-26
C07183,Aarna Wali,Female,66,Surat,Gujarat,West,2022-07-26
C07184,Anita Kata,Female,54,Kolkata,West Bengal,East,2024-09-04
C07185,Yatan Bhagat,Female,36,Noida,Uttar Pradesh,North,2022-02-03
C07186,Faqid Shukla,Female,64,Ahmedabad,Gujarat,West,2023-09-22
C07187,Oeshi Sinha,Female,49,Bhubaneswar,Odisha,East,2022-07-16
C07188,Libni Puri,Female,57,Noida,Uttar Pradesh,North,2023-04-01
C07189,Tristan Comar,Male,38,Chandigarh,Chandigarh,North,2023-08-16
C07190,Charles Chauhan,Female,30,Coimbatore,Tamil Nadu,South,2025-07-12
C07191,Zayyan Dhar,Female,57,Noida,Uttar Pradesh,North,2024-05-27
C07192,Falguni Agarwal,Male,58,Coimbatore,Tamil Nadu,South,2024-12-13
C07193,Saumya Batra,Female,57,Delhi,Delhi,North,2023-03-29
C07194,Vamakshi Bhagat,Male,61,Guwahati,Assam,East,2025-10-18
C07195,Nitara Misra,Male,28,Kochi,Kerala,South,2022-02-16
C07196,Sanaya Bava,Female,40,Hyderabad,Telangana,South,2024-02-06
C07197,Azaan Varghese,Male,26,Delhi,Delhi,North,2025-10-26
C07198,Zarna Bhatti,Female,65,Surat,Gujarat,West,2024-06-11
C07199,Nathaniel Ratti,Male,43,Chandigarh,Chandigarh,North,2025-07-30
C07200,Noah Sachdeva,Female,44,Jaipur,Rajasthan,North,2023-09-02
C07201,Chaman Mistry,Female,33,Ahmedabad,Gujarat,West,2025-03-09
C07202,Ayushman Bahl,Male,64,Hyderabad,Telangana,South,2024-01-04
C07203,Manan Varty,Male,37,Hyderabad,Telangana,South,2023-11-17
C07204,Qarin Sibal,Male,27,Bengaluru,Karnataka,South,2024-02-20
C07205,Gaurang Borra,Female,33,Kochi,Kerala,South,2025-03-05
C07206,Aarnav Sampath,Male,54,Guwahati,Assam,East,2023-08-28
C07207,Lekha Choudhary,Female,57,Chandigarh,Chandigarh,North,2023-04-12
C07208,Urmi Ravi,Male,30,Nagpur,Maharashtra,West,2023-08-15
C07209,Kevin Aurora,Female,44,Ahmedabad,Gujarat,West,2023-10-19
C07210,Kiaan Badal,Male,48,Ahmedabad,Gujarat,West,2023-02-11
C07211,Jagdish Shan,Male,21,Bengaluru,Karnataka,South,2023-03-21
C07212,Parth Sama,Male,65,Chennai,Tamil Nadu,South,2022-02-02
C07213,Aishani Mand,Female,60,Chandigarh,Chandigarh,North,2023-02-22
C07214,Tejas Nanda,Female,60,Pune,Maharashtra,West,2023-12-20
C07215,Qarin Kulkarni,Male,28,Jaipur,Rajasthan,North,2025-12-13
C07216,Vedhika Ahuja,Female,35,Bhubaneswar,Odisha,East,2023-08-07
C07217,Pranav Apte,Female,60,Nagpur,Maharashtra,West,2022-05-14
C07218,Luke Misra,Male,20,Mumbai,Maharashtra,West,2025-04-03
C07219,Kashvi Kale,Female,43,Lucknow,Uttar Pradesh,North,2025-01-28
C07220,Anirudh Chana,Male,65,Delhi,Delhi,North,2024-06-24
C07221,Udant Shanker,Female,67,Kochi,Kerala,South,2023-09-16
C07222,Yuvraj Andra,Male,60,Noida,Uttar Pradesh,North,2025-07-10
C07223,Amaira Seth,Female,58,Ahmedabad,Gujarat,West,2025-06-11
C07224,Daniel Krish,Female,68,Kolkata,West Bengal,East,2024-09-18
C07225,Saumya Acharya,Male,56,Hyderabad,Telangana,South,2025-10-05
C07226,Chaaya Kibe,Female,67,Chennai,Tamil Nadu,South,2024-04-29
C07227,Eesha Deol,Male,18,Lucknow,Uttar Pradesh,North,2025-07-31
C07228,Brijesh Pandey,Female,44,Bengaluru,Karnataka,South,2023-05-21
C07229,Tristan Sandal,Female,49,Nagpur,Maharashtra,West,2023-09-07
C07230,Yachana Buch,Female,67,Jaipur,Rajasthan,North,2025-01-10
C07231,Jhalak Mallick,Female,26,Mumbai,Maharashtra,West,2025-12-28
C07232,Xavier Ratta,Female,42,Nagpur,Maharashtra,West,2022-03-03
C07233,Yashvi Din,Male,46,Mumbai,Maharashtra,West,2025-02-06
C07234,Indira Seth,Female,23,Ahmedabad,Gujarat,West,2024-07-09
C07235,Yuvraj Vasa,Male,46,Noida,Uttar Pradesh,North,2024-10-26
C07236,Aradhana Ratta,Male,56,Kochi,Kerala,South,2023-12-28
C07237,Max Hora,Male,50,Noida,Uttar Pradesh,North,2023-10-16
C07238,Vihaan Sangha,Male,27,Coimbatore,Tamil Nadu,South,2023-10-25
C07239,Lakshmi Rau,Female,35,Hyderabad,Telangana,South,2025-03-14
C07240,Nikita Mander,Male,34,Nagpur,Maharashtra,West,2025-08-03
C07241,Kai Pradhan,Female,34,Patna,Bihar,East,2023-04-21
C07242,Vedhika Ghosh,Male,25,Nagpur,Maharashtra,West,2023-11-07
C07243,Chandresh Kunda,Female,42,Chennai,Tamil Nadu,South,2025-11-05
C07244,Lila Gour,Female,22,Coimbatore,Tamil Nadu,South,2024-10-30
C07245,Nirja Dave,Male,39,Hyderabad,Telangana,South,2022-04-03
C07246,Leena Saha,Female,42,Guwahati,Assam,East,2025-06-27
C07247,Elijah Setty,Male,31,Ahmedabad,Gujarat,West,2025-04-18
C07248,Peter Gulati,Female,47,Ahmedabad,Gujarat,West,2024-06-22
C07249,Krishna Dubey,Male,45,Nagpur,Maharashtra,West,2022-09-08
C07250,Tanveer Nagi,Female,20,Coimbatore,Tamil Nadu,South,2022-08-26
C07251,Mugdha Varma,Female,62,Bhubaneswar,Odisha,East,2025-03-22
C07252,Warhi Seshadri,Female,63,Ahmedabad,Gujarat,West,2025-02-02
C07253,Kashish Saraf,Male,20,Mumbai,Maharashtra,West,2025-07-31
C07254,Charvi Dara,Female,51,Lucknow,Uttar Pradesh,North,2022-09-09
C07255,Aachal Vohra,Female,26,Jaipur,Rajasthan,North,2023-03-20
C07256,Chandran Virk,Female,18,Guwahati,Assam,East,2025-09-16
C07257,Yatin Chandran,Female,38,Coimbatore,Tamil Nadu,South,2024-11-21
C07258,Ryan Wable,Female,68,Delhi,Delhi,North,2022-12-09
C07259,Frado Dubey,Male,24,Bhubaneswar,Odisha,East,2024-11-28
C07260,Neha Anne,Male,36,Kolkata,West Bengal,East,2022-05-21
C07261,Aayush Bhavsar,Male,41,Chandigarh,Chandigarh,North,2022-07-13
C07262,Chameli Bawa,Male,56,Surat,Gujarat,West,2025-09-01
C07263,Mohini Din,Male,30,Hyderabad,Telangana,South,2025-03-30
C07264,Dalaja Karan,Female,39,Patna,Bihar,East,2022-03-16
C07265,Bhavani Bobal,Male,54,Chennai,Tamil Nadu,South,2025-10-07
C07266,Charita Dani,Female,68,Surat,Gujarat,West,2022-06-16
C07267,Samarth Varty,Male,52,Delhi,Delhi,North,2024-09-16
C07268,Ekanta Doshi,Male,56,Kochi,Kerala,South,2025-06-03
C07269,Kevin Bali,Female,19,Bhubaneswar,Odisha,East,2025-02-17
C07270,Falak Rajagopal,Female,23,Mumbai,Maharashtra,West,2025-05-14
C07271,Nathaniel Deshmukh,Male,70,Hyderabad,Telangana,South,2023-03-27
C07272,Advay Narayan,Female,28,Unknown,Tamil Nadu,South,2023-07-27
C07273,Christopher Venkataraman,Female,20,Kolkata,West Bengal,East,2025-02-26
C07274,Vivaan Nayar,Male,48,Jaipur,Rajasthan,North,2024-09-05
C07275,Azaan Sundaram,Female,42,Nagpur,Maharashtra,West,2025-02-12
C07276,Priya Chaudry,Male,42,Bengaluru,Karnataka,South,2023-06-07
C07277,Nandini Dass,Male,44,Mumbai,Maharashtra,West,2025-11-15
C07278,Kala Ratti,Male,21,Jaipur,Rajasthan,North,2022-03-09
C07279,Aayush Chada,Male,45,Ranchi,Jharkhand,East,2024-01-29
C07280,Janya Korpal,Male,25,Mumbai,Maharashtra,West,2022-12-11
C07281,Saumya Rege,Male,52,Mumbai,Maharashtra,West,2025-08-10
C07282,Harish Vora,Male,60,Chennai,Tamil Nadu,South,2025-09-28
C07283,Gauri Srinivasan,Male,30,Jaipur,Rajasthan,North,2025-10-23
C07284,Bina Ahuja,Female,55,Kochi,Kerala,South,2024-01-02
C07285,Yug Mohanty,Female,68,Jaipur,Rajasthan,North,2022-05-02
C07286,Aarini Dara,Female,56,Chennai,Tamil Nadu,South,2023-08-06
C07287,Eesha Kar,Male,19,Nagpur,Maharashtra,West,2025-12-06
C07288,Rishi Subramaniam,Male,54,Guwahati,Assam,East,2025-07-20
C07289,Nidhi Chatterjee,Female,40,Noida,Uttar Pradesh,North,2022-04-10
C07290,Charles Taneja,Male,27,Coimbatore,Tamil Nadu,South,2022-07-02
C07291,Warhi Hegde,Male,51,Jaipur,Rajasthan,North,2024-05-14
C07292,Ethan Taneja,Male,34,Kochi,Kerala,South,2022-07-31
C07293,David Kara,Male,62,Bengaluru,Karnataka,South,2022-03-29
C07294,Gabriel Gola,Male,69,Delhi,Delhi,North,2023-06-10
C07295,Manan Nath,Female,54,Jaipur,Rajasthan,North,2023-07-14
C07296,Rushil Varty,Female,19,Ahmedabad,Gujarat,West,2025-03-05
C07297,Rishi Kade,Female,50,Kolkata,West Bengal,East,2025-04-24
C07298,Banjeet Gupta,Female,34,Coimbatore,Tamil Nadu,South,2025-11-18
C07299,Qarin Memon,Male,61,Surat,Gujarat,West,2025-05-01
C07300,Anvi Sen,Male,49,Noida,Uttar Pradesh,North,2023-12-15
C07301,Aadi Madan,Male,37,Hyderabad,Telangana,South,2023-07-16
C07302,Raagini Bal,Male,36,Hyderabad,Telangana,South,2025-09-09
C07303,Ojasvi Dave,Female,45,Chandigarh,Chandigarh,North,2025-08-25
C07304,Divya Bhatti,Female,47,Coimbatore,Tamil Nadu,South,2025-10-13
C07305,Upma Sachdev,Male,56,Surat,Gujarat,West,2025-05-23
C07306,Faraj Bora,Male,43,Jaipur,Rajasthan,North,2022-04-02
C07307,Bahadurjit Parikh,Male,51,Patna,Bihar,East,2024-10-11
C07308,Vasudha Khare,Female,36,Guwahati,Assam,East,2022-09-10
C07309,Idika Brar,Female,55,Chandigarh,Chandigarh,North,2024-11-28
C07310,Indira Rajagopal,Female,26,Bhubaneswar,Odisha,East,2025-11-06
C07311,Aadhya Bansal,Male,25,Chandigarh,Chandigarh,North,2024-03-05
C07312,Irya Upadhyay,Female,45,Chandigarh,Chandigarh,North,2022-10-08
C07313,Hemangini Pal,Male,35,Coimbatore,Tamil Nadu,South,2023-09-24
C07314,Girish Nagi,Female,48,Chandigarh,Chandigarh,North,2025-01-28
C07315,Abha Madan,Female,42,Delhi,Delhi,North,2024-03-21
C07316,Jasmit Kothari,Female,20,Bengaluru,Karnataka,South,2024-10-02
C07317,Mitali Batta,Male,31,Kochi,Kerala,South,2024-10-15
C07318,Urvashi Agate,Male,35,Coimbatore,Tamil Nadu,South,2023-10-23
C07319,Bhavani Apte,Male,39,Coimbatore,Tamil Nadu,South,2023-11-28
C07320,Advik Mukhopadhyay,Male,51,Guwahati,Assam,East,2022-03-11
C07321,Devika Dalal,Female,56,Nagpur,Maharashtra,West,2025-06-22
C07322,Andrew Kothari,Male,24,Mumbai,Maharashtra,West,2024-07-15
C07323,Pranav Bumb,Male,18,Mumbai,Maharashtra,West,2023-11-27
C07324,Shaurya Raja,Male,67,Jaipur,Rajasthan,North,2023-11-08
C07325,Naveen Baral,Female,41,Chennai,Tamil Nadu,South,2024-11-20
C07326,Yoshita Prabhu,Male,36,Kolkata,West Bengal,East,2023-11-06
C07327,Arya Bail,Male,64,Jaipur,Rajasthan,North,2022-11-03
C07328,Advik Doshi,Male,27,Delhi,Delhi,North,2022-01-14
C07329,Ekanta Dugar,Female,65,Ranchi,Jharkhand,East,2023-07-09
C07330,Gautam Raja,Male,35,Chennai,Tamil Nadu,South,2023-07-22
C07331,Rajeshri Jhaveri,Male,34,Ranchi,Jharkhand,East,2024-09-21
C07332,Warjas Oommen,Female,48,Jaipur,Rajasthan,North,2025-10-26
C07333,Kevin Iyengar,Female,20,Noida,Uttar Pradesh,North,2022-11-06
C07334,Ranveer Sidhu,Female,51,Delhi,Delhi,North,2022-08-24
C07335,Adya Bail,Female,57,Chennai,Tamil Nadu,South,2023-03-21
C07336,Rachana Sura,Male,59,Ranchi,Jharkhand,East,2022-06-15
C07337,Yashasvi Subramanian,Female,27,Chennai,Tamil Nadu,South,2025-10-26
C07338,Om Barman,Female,47,Bhubaneswar,Odisha,East,2024-04-16
C07339,George Zachariah,Male,61,Nagpur,Maharashtra,West,2024-06-10
C07340,Tristan Brar,Female,36,Nagpur,Maharashtra,West,2024-08-27
C07341,Ryan Dhillon,Female,31,Lucknow,Uttar Pradesh,North,2022-09-19
C07342,Kritika Chaudhry,Male,30,Lucknow,Uttar Pradesh,North,2024-10-25
C07343,Gautami Yogi,Male,38,Chandigarh,Chandigarh,North,2025-07-07
C07344,Hamsini Batta,Female,30,Pune,Maharashtra,West,2022-09-20
C07345,Nicholas Rastogi,Male,53,Mumbai,Maharashtra,West,2024-08-12
C07346,Quincy Dar,Female,39,Chennai,Tamil Nadu,South,2023-05-27
C07347,Neha Bali,Male,50,Nagpur,Maharashtra,West,2024-12-15
C07348,Suhani Dutt,Female,46,Bhubaneswar,Odisha,East,2022-01-15
C07349,Andrew Murthy,Female,63,Surat,Gujarat,West,2024-02-17
C07350,Upma Amble,Female,37,Coimbatore,Tamil Nadu,South,2025-01-11
C07351,Vansha Mahajan,Male,64,Nagpur,Maharashtra,West,2024-07-03
C07352,Arya Minhas,Female,38,Delhi,Delhi,North,2025-07-05
C07353,Dakshesh Wali,Female,56,Coimbatore,Tamil Nadu,South,2024-03-09
C07354,Ronith Buch,Male,43,Kochi,Kerala,South,2025-12-23
C07355,Devansh Mann,Female,63,Chennai,Tamil Nadu,South,2024-09-11
C07356,Ethan Nori,Female,32,Kolkata,West Bengal,East,2023-06-11
C07357,Anita Sama,Female,23,Chennai,Tamil Nadu,South,2022-02-01
C07358,Lila Reddy,Male,55,Kochi,Kerala,South,2023-12-30
C07359,Nikita Gole,Female,40,Noida,Uttar Pradesh,North,2024-02-22
C07360,Eta Prashad,Male,31,Lucknow,Uttar Pradesh,North,2023-07-10
C07361,Januja Kata,Male,69,Hyderabad,Telangana,South,2024-09-07
C07362,Lakshit Rajagopalan,Male,70,Kochi,Kerala,South,2023-04-10
C07363,Charvi Babu,Female,28,Kochi,Kerala,South,2025-04-04
C07364,Kashvi Sunder,Male,23,Noida,Uttar Pradesh,North,2024-08-15
C07365,Abeer Kalita,Female,32,Chennai,Tamil Nadu,South,2023-02-26
C07366,Zansi Rattan,Female,41,Hyderabad,Telangana,South,2025-05-13
C07367,Ganga Ben,Female,70,Noida,Uttar Pradesh,North,2025-12-06
C07368,Warjas Barman,Male,64,Surat,Gujarat,West,2025-07-07
C07369,Meghana Khare,Female,50,Nagpur,Maharashtra,West,2022-07-09
C07370,Abhiram Prabhakar,Female,54,Pune,Maharashtra,West,2022-08-25
C07371,Kai Wali,Female,31,Chandigarh,Chandigarh,North,2025-05-28
C07372,Pushti Lata,Male,49,Pune,Maharashtra,West,2024-11-20
C07373,Jai Apte,Male,31,Ranchi,Jharkhand,East,2022-04-03
C07374,Caleb Dani,Male,56,Coimbatore,Tamil Nadu,South,2023-01-17
C07375,Daniel Khalsa,Female,18,Nagpur,Maharashtra,West,2022-03-25
C07376,Luke Patla,Male,37,Coimbatore,Tamil Nadu,South,2025-11-05
C07377,Arin Lala,Female,53,Noida,Uttar Pradesh,North,2023-03-24
C07378,Nakul Iyengar,Female,34,Surat,Gujarat,West,2024-08-23
C07379,Kamala Sibal,Female,42,Chennai,Tamil Nadu,South,2023-03-29
C07380,Vihaan Choudhury,Male,18,Ahmedabad,Gujarat,West,2024-04-03
C07381,Manya Barman,Male,28,Chandigarh,Chandigarh,North,2024-02-13
C07382,Qushi Bassi,Male,29,Ranchi,Jharkhand,East,2022-11-13
C07383,Ubika Palla,Male,55,Noida,Uttar Pradesh,North,2022-09-18
C07384,Chakrika Nagy,Female,52,Bhubaneswar,Odisha,East,2024-10-28
C07385,Anjali Devan,Female,26,Hyderabad,Telangana,South,2023-06-20
C07386,Eiravati Mangal,Male,30,Pune,Maharashtra,West,2025-05-11
C07387,Bhavika Narayan,Female,54,Patna,Bihar,East,2024-01-08
C07388,Yoshita Chana,Female,60,Chennai,Tamil Nadu,South,2024-04-03
C07389,Amol Dara,Female,32,Kolkata,West Bengal,East,2023-07-14
C07390,Ijaya Palla,Female,31,Coimbatore,Tamil Nadu,South,2023-06-01
C07391,Bhanumati Mandal,Male,25,Ranchi,Jharkhand,East,2023-07-22
C07392,Mitali Ravi,Female,24,Patna,Bihar,East,2024-06-05
C07393,Oliver Prabhakar,Male,19,Kochi,Kerala,South,2023-01-07
C07394,Jatin Tak,Male,48,Bhubaneswar,Odisha,East,2024-08-15
C07395,Charles Murty,Male,68,Delhi,Delhi,North,2023-09-21
C07396,Lajita Arora,Male,62,Nagpur,Maharashtra,West,2022-07-14
C07397,Nilima Chauhan,Female,41,Ahmedabad,Gujarat,West,2025-04-01
C07398,Liam Mukherjee,Female,54,Noida,Uttar Pradesh,North,2025-07-04
C07399,Azaan Sem,Male,49,Bhubaneswar,Odisha,East,2022-05-31
C07400,Chaman Sen,Male,66,Pune,Maharashtra,West,2022-08-02
C07401,Oviya Ravi,Female,39,Bhubaneswar,Odisha,East,2025-11-12
C07402,Karan Hegde,Female,47,Pune,Maharashtra,West,2024-09-28
C07403,Dev Pau,Female,41,Surat,Gujarat,West,2024-09-02
C07404,Avi Bobal,Female,22,Ahmedabad,Gujarat,West,2025-02-18
C07405,Rushil Agrawal,Female,34,Kochi,Kerala,South,2022-07-02
C07406,Ridhi Karpe,Female,32,Kolkata,West Bengal,East,2025-04-12
C07407,Pallavi Taneja,Female,29,Noida,Uttar Pradesh,North,2022-02-18
C07408,Diya Sampath,Male,30,Surat,Gujarat,West,2022-09-24
C07409,Idika Vyas,Female,43,Delhi,Delhi,North,2025-10-23
C07410,David Prakash,Male,22,Chennai,Tamil Nadu,South,2022-03-09
C07411,Praneel Kumer,Female,37,Hyderabad,Telangana,South,2022-08-06
C07412,Falan Kadakia,Female,29,Mumbai,Maharashtra,West,2023-09-23
C07413,Eta Mohanty,Female,57,Chandigarh,Chandigarh,North,2023-05-30
C07414,Alka Bhalla,Male,23,Chennai,Tamil Nadu,South,2023-06-20
C07415,Aishani Pau,Male,69,Hyderabad,Telangana,South,2024-03-17
C07416,Gunbir Nagarajan,Male,37,Patna,Bihar,East,2024-07-31
C07417,Chatura Nagar,Male,39,Ranchi,Jharkhand,East,2025-03-14
C07418,Jatin Buch,Male,42,Guwahati,Assam,East,2023-04-05
C07419,Radhika Mital,Female,60,Nagpur,Maharashtra,West,2024-02-20
C07420,Tanish Sanghvi,Male,55,Bengaluru,Karnataka,South,2023-01-07
C07421,Lipika Dasgupta,Male,66,Delhi,Delhi,North,2022-04-03
C07422,Robert Naidu,Female,32,Coimbatore,Tamil Nadu,South,2024-06-04
C07423,Aishani Sharma,Female,54,Delhi,Delhi,North,2024-01-16
C07424,Abhimanyu Prasad,Female,57,Pune,Maharashtra,West,2023-07-01
C07425,Chandran Grewal,Female,41,Kolkata,West Bengal,East,2025-09-23
C07426,Vanya Som,Male,28,Guwahati,Assam,East,2025-06-19
C07427,Alka Konda,Male,25,Chandigarh,Chandigarh,North,2024-08-14
C07428,Harish Grewal,Male,47,Kochi,Kerala,South,2023-09-24
C07429,Atharv Parsa,Male,64,Jaipur,Rajasthan,North,2025-07-04
C07430,Vrinda Khurana,Female,50,Guwahati,Assam,East,2022-01-10
C07431,Ranveer Dhawan,Female,66,Nagpur,Maharashtra,West,2025-02-04
C07432,Simon Deol,Female,30,Hyderabad,Telangana,South,2023-12-04
C07433,Nidhi Mann,Female,70,Ranchi,Jharkhand,East,2024-02-15
C07434,Balveer Grewal,Male,62,Ranchi,Jharkhand,East,2023-08-24
C07435,Ekanta Khatri,Female,49,Guwahati,Assam,East,2023-07-15
C07436,Megha Sharma,Male,49,Bengaluru,Karnataka,South,2023-02-16
C07437,Rachit Kuruvilla,Female,69,Surat,Gujarat,West,2025-09-09
C07438,Reva Solanki,Female,69,Lucknow,Uttar Pradesh,North,2025-05-02
C07439,Nathaniel Kapur,Female,59,Patna,Bihar,East,2023-11-17
C07440,Lohit Batra,Female,70,Chandigarh,Chandigarh,North,2025-06-21
C07441,William Gopal,Male,40,Lucknow,Uttar Pradesh,North,2024-06-25
C07442,Girindra Krishnamurthy,Female,34,Pune,Maharashtra,West,2023-07-18
C07443,Dhruv Sampath,Male,34,Kolkata,West Bengal,East,2025-07-31
C07444,Vedant Gill,Female,49,Kochi,Kerala,South,2023-05-10
C07445,Chaaya Devi,Female,61,Chennai,Tamil Nadu,South,2025-02-19
C07446,Chameli Talwar,Female,38,Ranchi,Jharkhand,East,2025-06-05
C07447,Manthan Andra,Female,19,Ranchi,Jharkhand,East,2023-06-14
C07448,Garima Nagi,Male,67,Kochi,Kerala,South,2023-07-27
C07449,Falguni Luthra,Female,32,Ranchi,Jharkhand,East,2022-01-15
C07450,Jonathan Ramachandran,Female,43,Pune,Maharashtra,West,2024-12-28
C07451,Saanvi Naik,Male,33,Jaipur,Rajasthan,North,2025-05-28
C07452,Ekaraj Jaggi,Male,62,Surat,Gujarat,West,2023-09-13
C07453,Jeet Balan,Male,47,Kolkata,West Bengal,East,2024-08-30
C07454,Maya Mane,Female,18,Kochi,Kerala,South,2022-06-28
C07455,Tanay Dubey,Male,69,Chandigarh,Chandigarh,North,2023-03-24
C07456,Rachana Dora,Female,24,Patna,Bihar,East,2022-03-02
C07457,Waida Sengupta,Female,51,Coimbatore,Tamil Nadu,South,2024-04-14
C07458,Unni Kamdar,Female,31,Hyderabad,Telangana,South,2024-07-14
C07459,Faqid Sachdeva,Female,35,Kochi,Kerala,South,2024-03-19
C07460,Mitali Ratti,Female,45,Lucknow,Uttar Pradesh,North,2025-11-17
C07461,Vanya Bala,Male,49,Jaipur,Rajasthan,North,2023-03-24
C07462,Aarush Johal,Female,34,Hyderabad,Telangana,South,2025-06-22
C07463,Charles Khanna,Male,63,Hyderabad,Telangana,South,2022-10-28
C07464,Bakhshi Nayak,Male,21,Ranchi,Jharkhand,East,2023-08-04
C07465,Omkaar Thakur,Female,45,Kolkata,West Bengal,East,2023-01-02
C07466,Krishna Mani,Female,25,Hyderabad,Telangana,South,2022-08-14
C07467,Baljiwan Solanki,Female,48,Nagpur,Maharashtra,West,2023-06-22
C07468,Chatresh Deo,Male,33,Surat,Gujarat,West,2023-02-19
C07469,Anamika Badami,Male,34,Kolkata,West Bengal,East,2024-05-24
C07470,Urvashi Peri,Female,35,Kochi,Kerala,South,2024-07-04
C07471,Priya Setty,Male,39,Chandigarh,Chandigarh,North,2024-12-17
C07472,Lakshit Prabhu,Male,44,Kochi,Kerala,South,2025-10-01
C07473,Qushi Dutta,Female,51,Bengaluru,Karnataka,South,2022-03-01
C07474,Balveer Konda,Male,48,Surat,Gujarat,West,2024-08-21
C07475,Rayaan Trivedi,Male,28,Hyderabad,Telangana,South,2025-10-25
C07476,Netra Lala,Male,31,Jaipur,Rajasthan,North,2024-03-28
C07477,Ekavir Mandal,Female,47,Pune,Maharashtra,West,2023-01-20
C07478,Amara Murty,Female,61,Hyderabad,Telangana,South,2025-08-13
C07479,Sathvik Chawla,Female,44,Coimbatore,Tamil Nadu,South,2023-05-24
C07480,Vedhika Mall,Female,62,Guwahati,Assam,East,2022-01-19
C07481,Aarini Toor,Male,66,Mumbai,Maharashtra,West,2024-09-29
C07482,Bakhshi Murty,Female,25,Bengaluru,Karnataka,South,2025-08-06
C07483,Akshay Manda,Male,49,Guwahati,Assam,East,2023-07-02
C07484,Luke Saha,Male,66,Bengaluru,Karnataka,South,2024-12-16
C07485,Chaman Kalita,Female,50,Ahmedabad,Gujarat,West,2024-06-22
C07486,Karan Kapadia,Female,51,Kolkata,West Bengal,East,2023-04-12
C07487,Lakshmi Chaudhuri,Male,45,Patna,Bihar,East,2024-08-05
C07488,Harrison Dugar,Female,62,Patna,Bihar,East,2025-09-13
C07489,Hemang Narayan,Male,48,Lucknow,Uttar Pradesh,North,2023-06-22
C07490,Harinakshi Kari,Male,30,Chennai,Tamil Nadu,South,2025-06-12
C07491,Amol Agrawal,Male,68,Bengaluru,Karnataka,South,2025-02-08
C07492,Qabil Seshadri,Male,65,Chandigarh,Chandigarh,North,2023-06-09
C07493,Nihal Devan,Female,65,Guwahati,Assam,East,2024-10-05
C07494,Daksha Tank,Female,20,Lucknow,Uttar Pradesh,North,2023-06-19
C07495,Orinder Edwin,Male,19,Nagpur,Maharashtra,West,2023-10-09
C07496,Mitali Shenoy,Male,47,Coimbatore,Tamil Nadu,South,2025-07-05
C07497,Devansh Varghese,Male,63,Lucknow,Uttar Pradesh,North,2024-06-11
C07498,Kabir Jayaraman,Male,25,Bhubaneswar,Odisha,East,2024-05-16
C07499,Vasudha Bhardwaj,Male,26,Jaipur,Rajasthan,North,2023-02-28
C07500,Bina Bir,Female,42,Noida,Uttar Pradesh,North,2025-09-10
C07501,Chandran Rajagopalan,Male,33,Chennai,Tamil Nadu,South,2025-05-14
C07502,Ryan Kumer,Female,18,Surat,Gujarat,West,2023-12-24
C07503,Nandini Mohan,Male,69,Kolkata,West Bengal,East,2024-06-20
C07504,Anika Raman,Female,31,Mumbai,Maharashtra,West,2023-01-04
C07505,Ekta Varma,Male,58,Kolkata,West Bengal,East,2022-08-29
C07506,Sachi Luthra,Female,18,Jaipur,Rajasthan,North,2022-07-11
C07507,Reyansh Khurana,Male,60,Coimbatore,Tamil Nadu,South,2023-02-15
C07508,Sai Dube,Male,66,Bhubaneswar,Odisha,East,2025-12-04
C07509,Megha Dar,Male,69,Guwahati,Assam,East,2024-11-25
C07510,Daniel Dhaliwal,Male,68,Patna,Bihar,East,2024-12-18
C07511,Fiyaz Rajagopalan,Male,40,Noida,Uttar Pradesh,North,2023-05-02
C07512,Kevin Amble,Female,31,Kochi,Kerala,South,2025-12-22
C07513,Omya Naidu,Female,56,Patna,Bihar,East,2024-06-27
C07514,Eiravati Sengupta,Male,35,Pune,Maharashtra,West,2025-04-16
C07515,Arunima Narayanan,Female,33,Patna,Bihar,East,2025-07-30
C07516,Mohini Naidu,Male,52,Mumbai,Maharashtra,West,2024-02-07
C07517,Jagrati Tak,Male,66,Coimbatore,Tamil Nadu,South,2025-10-21
C07518,Harish Gera,Female,26,Pune,Maharashtra,West,2024-06-13
C07519,Upma Sankar,Female,29,Delhi,Delhi,North,2024-10-30
C07520,Abdul Amble,Female,61,Patna,Bihar,East,2025-08-17
C07521,Libni Viswanathan,Male,39,Nagpur,Maharashtra,West,2024-12-13
C07522,Geetika Verma,Male,21,Ranchi,Jharkhand,East,2022-03-26
C07523,Kevin Manne,Female,64,Kolkata,West Bengal,East,2025-03-23
C07524,Ishanvi Bora,Female,34,Noida,Uttar Pradesh,North,2023-11-04
C07525,Lavanya Pandit,Male,61,Chandigarh,Chandigarh,North,2024-03-04
C07526,Ekta Chhabra,Female,50,Delhi,Delhi,North,2025-12-22
C07527,Parth Kunda,Female,65,Nagpur,Maharashtra,West,2022-08-24
C07528,Abha Biswas,Female,36,Hyderabad,Telangana,South,2022-10-06
C07529,Chaman Ahluwalia,Male,39,Ahmedabad,Gujarat,West,2022-03-26
C07530,Saksham Jaggi,Female,40,Bengaluru,Karnataka,South,2025-05-04
C07531,Pooja Badal,Male,41,Noida,Uttar Pradesh,North,2025-11-30
C07532,Eesha Singhal,Male,21,Ranchi,Jharkhand,East,2024-11-12
C07533,Devansh Sethi,Male,46,Pune,Maharashtra,West,2025-09-21
C07534,Yatan Rege,Female,67,Ahmedabad,Gujarat,West,2023-09-07
C07535,Chakradev Misra,Female,41,Guwahati,Assam,East,2024-10-06
C07536,Mitesh Kala,Female,63,Pune,Maharashtra,West,2024-01-28
C07537,Darsh Ghose,Female,27,Coimbatore,Tamil Nadu,South,2024-11-19
C07538,Gaurangi Bava,Female,56,Ranchi,Jharkhand,East,2023-05-24
C07539,Azaan Mall,Female,21,Mumbai,Maharashtra,West,2022-02-04
C07540,Simon Luthra,Female,53,Lucknow,Uttar Pradesh,North,2024-01-16
C07541,Rachita Bhatti,Female,47,Ranchi,Jharkhand,East,2025-11-10
C07542,Vedhika Sur,Female,26,Kolkata,West Bengal,East,2024-06-12
C07543,Anjali Nayar,Female,60,Hyderabad,Telangana,South,2023-11-30
C07544,Amruta Choudhary,Female,41,Kolkata,West Bengal,East,2022-11-12
C07545,Janani Ramachandran,Male,67,Lucknow,Uttar Pradesh,North,2022-03-03
C07546,Agastya Misra,Male,42,Surat,Gujarat,West,2023-06-24
C07547,Brijesh Shetty,Female,27,Pune,Maharashtra,West,2022-11-10
C07548,Irya Purohit,Male,69,Chandigarh,Chandigarh,North,2024-01-09
C07549,Chandani Upadhyay,Male,62,Kochi,Kerala,South,2024-01-24
C07550,Ekanta Tara,Female,58,Lucknow,Uttar Pradesh,North,2022-07-31
C07551,Zayan Bahl,Female,41,Delhi,Delhi,North,2023-11-26
C07552,Chakradev Dey,Female,40,Pune,Maharashtra,West,2023-08-17
C07553,Aarav Ganguly,Female,69,Lucknow,Uttar Pradesh,North,2024-01-15
C07554,Anamika Din,Male,31,Chennai,Tamil Nadu,South,2024-05-18
C07555,Viraj Chana,Female,44,Surat,Gujarat,West,2025-12-03
C07556,Logan Natarajan,Female,66,Nagpur,Maharashtra,West,2025-06-08
C07557,Anay Sidhu,Male,50,Hyderabad,Telangana,South,2022-07-07
C07558,Devika Dube,Male,23,Mumbai,Maharashtra,West,2023-08-25
C07559,Utkarsh Char,Female,53,Ahmedabad,Gujarat,West,2023-11-07
C07560,Tripti Sinha,Female,55,Pune,Maharashtra,West,2022-07-11
C07561,Rajeshri Sharma,Female,20,Bengaluru,Karnataka,South,2025-02-12
C07562,Jasmit Comar,Male,22,Noida,Uttar Pradesh,North,2025-10-28
C07563,Ekalinga Varghese,Female,59,Chandigarh,Chandigarh,North,2022-03-15
C07564,Amara Virk,Female,41,Delhi,Delhi,North,2022-03-10
C07565,Saksham Aggarwal,Male,23,Noida,Uttar Pradesh,North,2023-02-08
C07566,Ekaja Venkatesh,Male,28,Coimbatore,Tamil Nadu,South,2022-12-21
C07567,Yoshita Malhotra,Male,61,Mumbai,Maharashtra,West,2022-03-09
C07568,Osha Dutt,Male,54,Jaipur,Rajasthan,North,2025-12-20
C07569,Thomas Ganguly,Male,29,Surat,Gujarat,West,2025-04-18
C07570,Azaan Patel,Female,51,Bhubaneswar,Odisha,East,2025-01-17
C07571,Ati Gandhi,Male,51,Chennai,Tamil Nadu,South,2025-02-20
C07572,Osha Srivastava,Male,66,Bengaluru,Karnataka,South,2024-11-30
C07573,Zaitra Kadakia,Female,33,Chandigarh,Chandigarh,North,2024-06-04
C07574,Sachi Hans,Male,52,Lucknow,Uttar Pradesh,North,2022-10-04
C07575,Leena Rau,Male,29,Hyderabad,Telangana,South,2025-12-03
C07576,Tanay Chadha,Female,48,Bengaluru,Karnataka,South,2024-06-09
C07577,George Wagle,Female,19,Bengaluru,Karnataka,South,2023-09-21
C07578,Upadhriti Zachariah,Male,66,Hyderabad,Telangana,South,2023-02-02
C07579,Chaitaly Din,Male,46,Surat,Gujarat,West,2024-04-12
C07580,Janaki Oak,Male,61,Lucknow,Uttar Pradesh,North,2024-11-27
C07581,Oeshi Bajaj,Female,35,Chandigarh,Chandigarh,North,2024-06-27
C07582,Michael Keer,Female,51,Jaipur,Rajasthan,North,2023-09-30
C07583,Triveni Dhawan,Female,42,Mumbai,Maharashtra,West,2023-09-19
C07584,Urvi Dani,Female,33,Jaipur,Rajasthan,North,2025-03-11
C07585,Yadavi Bala,Female,43,Kochi,Kerala,South,2023-11-08
C07586,Onveer Kari,Female,18,Pune,Maharashtra,West,2023-02-06
C07587,Daksh Banik,Male,53,Guwahati,Assam,East,2025-04-09
C07588,Diya Mahajan,Female,42,Guwahati,Assam,East,2023-07-04
C07589,Christopher Mand,Male,60,Nagpur,Maharashtra,West,2022-05-11
C07590,Sanya Naidu,Male,33,Bhubaneswar,Odisha,East,2022-10-12
C07591,Ekavir Saxena,Female,53,Jaipur,Rajasthan,North,2023-06-30
C07592,Watika Murthy,Male,47,Pune,Maharashtra,West,2022-04-18
C07593,Samaksh Vohra,Female,21,Bengaluru,Karnataka,South,2025-12-18
C07594,Balveer Sethi,Female,49,Kolkata,West Bengal,East,2023-02-22
C07595,Turvi Varkey,Female,50,Ranchi,Jharkhand,East,2023-11-01
C07596,Ira Bhattacharyya,Female,55,Kochi,Kerala,South,2023-11-07
C07597,Wakeeta Bhardwaj,Female,60,Ahmedabad,Gujarat,West,2025-10-15
C07598,Kala Uppal,Female,53,Ahmedabad,Gujarat,West,2024-07-31
C07599,Oliver Ravel,Female,22,Delhi,Delhi,North,2023-12-24
C07600,Yashasvi Lall,Female,59,Bhubaneswar,Odisha,East,2024-03-21
C07601,Nirja Jha,Female,31,Ahmedabad,Gujarat,West,2025-05-17
C07602,Nachiket Badal,Female,20,Bhubaneswar,Odisha,East,2022-12-06
C07603,Mohini Buch,Female,40,Mumbai,Maharashtra,West,2023-06-07
C07604,Wazir Rastogi,Male,20,Kochi,Kerala,South,2023-06-03
C07605,Pranit Contractor,Female,46,Coimbatore,Tamil Nadu,South,2022-06-29
C07606,Gauri Chakrabarti,Male,21,Chennai,Tamil Nadu,South,2024-01-26
C07607,Mohammed Zacharia,Male,54,Chennai,Tamil Nadu,South,2025-07-17
C07608,Guneet Vaidya,Male,69,Patna,Bihar,East,2025-10-05
C07609,Avi Suresh,Male,33,Ahmedabad,Gujarat,West,2025-07-08
C07610,Neelima Rama,Male,52,Hyderabad,Telangana,South,2023-10-17
C07611,Jagat Batta,Male,29,Kochi,Kerala,South,2023-01-20
C07612,Kevin Kanda,Female,44,Noida,Uttar Pradesh,North,2024-09-01
C07613,Manan Dhawan,Female,60,Jaipur,Rajasthan,North,2023-01-17
C07614,Vihaan Kapur,Male,31,Delhi,Delhi,North,2023-07-26
C07615,Yasti Sarkar,Female,20,Chennai,Tamil Nadu,South,2022-01-04
C07616,Suhani Batra,Male,65,Ranchi,Jharkhand,East,2025-06-14
C07617,Diya Basu,Female,27,Kolkata,West Bengal,East,2022-03-20
C07618,Vritti Narang,Female,40,Chennai,Tamil Nadu,South,2024-12-18
C07619,Yasti Sachdev,Female,41,Ahmedabad,Gujarat,West,2025-04-03
C07620,Rayaan Nigam,Male,48,Delhi,Delhi,North,2023-11-15
C07621,Sanaya Arya,Female,24,Coimbatore,Tamil Nadu,South,2023-12-21
C07622,Riya Keer,Female,50,Patna,Bihar,East,2023-03-18
C07623,Onkar Kamdar,Male,58,Kolkata,West Bengal,East,2023-10-02
C07624,Ekantika Narayan,Male,20,Ahmedabad,Gujarat,West,2022-09-10
C07625,Brijesh Nadkarni,Male,26,Mumbai,Maharashtra,West,2025-05-04
C07626,Bachittar Parmar,Female,36,Hyderabad,Telangana,South,2025-04-18
C07627,Girik Vohra,Male,36,Pune,Maharashtra,West,2024-07-30
C07628,Tristan Varty,Male,36,Bhubaneswar,Odisha,East,2022-11-14
C07629,Ati Lall,Female,36,Hyderabad,Telangana,South,2022-09-16
C07630,Deepa Pillai,Female,45,Chennai,Tamil Nadu,South,2023-01-03
C07631,Henry Bose,Male,32,Surat,Gujarat,West,2022-03-30
C07632,Devansh Morar,Female,39,Chennai,Tamil Nadu,South,2024-04-27
C07633,Charan Chaudry,Female,47,Surat,Gujarat,West,2022-10-26
C07634,Utkarsh Naidu,Female,47,Ahmedabad,Gujarat,West,2022-11-03
C07635,Rushil Rattan,Male,43,Kolkata,West Bengal,East,2025-10-13
C07636,Ishaan Nair,Male,47,Chandigarh,Chandigarh,North,2022-04-28
C07637,Falan Barad,Male,40,Delhi,Delhi,North,2022-01-16
C07638,Shravya Sekhon,Female,20,Guwahati,Assam,East,2025-01-31
C07639,Lucky Kata,Female,22,Mumbai,Maharashtra,West,2023-10-16
C07640,Amara Parikh,Male,42,Jaipur,Rajasthan,North,2022-06-20
C07641,Yauvani Manne,Male,33,Nagpur,Maharashtra,West,2023-02-19
C07642,Nisha Solanki,Male,66,Pune,Maharashtra,West,2025-03-22
C07643,Aryan Kata,Female,35,Jaipur,Rajasthan,North,2022-02-04
C07644,Prisha Misra,Female,23,Nagpur,Maharashtra,West,2025-12-06
C07645,Dominic Sankaran,Female,70,Guwahati,Assam,East,2023-11-09
C07646,Krish Nagar,Female,30,Bengaluru,Karnataka,South,2025-04-06
C07647,Tejas Tara,Male,20,Chennai,Tamil Nadu,South,2025-12-17
C07648,Jagat Pant,Female,44,Coimbatore,Tamil Nadu,South,2024-03-21
C07649,Jasmit Sethi,Female,65,Lucknow,Uttar Pradesh,North,2025-07-10
C07650,Manan Sarna,Male,37,Chennai,Tamil Nadu,South,2022-10-20
C07651,Hemang Upadhyay,Female,52,Chennai,Tamil Nadu,South,2023-10-24
C07652,Sathvik Barad,Male,56,Ahmedabad,Gujarat,West,2022-07-21
C07653,Gaurang Narula,Female,64,Kochi,Kerala,South,2024-03-12
C07654,Daksha Gade,Male,18,Bengaluru,Karnataka,South,2023-02-20
C07655,Utkarsh Gill,Female,30,Ahmedabad,Gujarat,West,2025-12-04
C07656,Gautam Prashad,Female,25,Mumbai,Maharashtra,West,2022-01-06
C07657,Ekapad Palan,Female,46,Ahmedabad,Gujarat,West,2023-04-23
C07658,Yug Sant,Female,18,Coimbatore,Tamil Nadu,South,2022-07-16
C07659,Arjun Shukla,Male,25,Patna,Bihar,East,2024-06-21
C07660,Charita Manne,Male,53,Lucknow,Uttar Pradesh,North,2025-12-12
C07661,Urishilla Kumar,Female,23,Bhubaneswar,Odisha,East,2023-03-11
C07662,Patrick Das,Female,51,Nagpur,Maharashtra,West,2024-02-06
C07663,Ishanvi Mander,Female,41,Bengaluru,Karnataka,South,2025-05-24
C07664,Vidhi Loyal,Female,65,Hyderabad,Telangana,South,2022-07-13
C07665,Panini Bhatt,Male,66,Hyderabad,Telangana,South,2023-05-05
C07666,Aarush Nayar,Female,64,Delhi,Delhi,North,2025-11-05
C07667,Neel Gandhi,Female,56,Nagpur,Maharashtra,West,2022-06-21
C07668,Yochana Chandra,Male,49,Jaipur,Rajasthan,North,2023-05-22
C07669,Ekbal Mangat,Female,19,Chandigarh,Chandigarh,North,2023-08-12
C07670,Vedant Mital,Male,42,Ahmedabad,Gujarat,West,2023-09-07
C07671,Varsha Raju,Male,65,Ahmedabad,Gujarat,West,2023-12-28
C07672,Aadhya Jani,Female,19,Pune,Maharashtra,West,2024-01-25
C07673,Shivani Mani,Male,54,Chandigarh,Chandigarh,North,2024-01-26
C07674,Kabir Dass,Female,52,Coimbatore,Tamil Nadu,South,2022-01-26
C07675,Bhavya Khurana,Male,59,Patna,Bihar,East,2024-05-21
C07676,Ayush Doshi,Male,55,Bhubaneswar,Odisha,East,2024-07-10
C07677,Ijaya Balan,Male,66,Jaipur,Rajasthan,North,2024-04-21
C07678,Rachit Dada,Male,53,Bengaluru,Karnataka,South,2022-05-13
C07679,Ojasvi Purohit,Male,56,Mumbai,Maharashtra,West,2022-08-29
C07680,Tripti Dasgupta,Male,55,Bhubaneswar,Odisha,East,2024-06-11
C07681,Ojasvi Sachdev,Male,70,Noida,Uttar Pradesh,North,2023-07-25
C07682,Faras Agarwal,Male,30,Surat,Gujarat,West,2022-04-11
C07683,Dhriti Ramesh,Female,60,Guwahati,Assam,East,2025-11-14
C07684,Arunima Ghosh,Female,47,Chennai,Tamil Nadu,South,2023-12-07
C07685,Krish Dave,Male,35,Guwahati,Assam,East,2022-04-12
C07686,Thomas Luthra,Female,50,Chandigarh,Chandigarh,North,2022-10-02
C07687,Elijah Joshi,Female,45,Chennai,Tamil Nadu,South,2022-08-04
C07688,Pallavi Kant,Female,45,Noida,Uttar Pradesh,North,2024-04-01
C07689,Vinaya Parmar,Male,58,Bengaluru,Karnataka,South,2024-07-09
C07690,Girindra Som,Female,62,Nagpur,Maharashtra,West,2024-01-12
C07691,Ekbal Narang,Male,27,Delhi,Delhi,North,2025-04-29
C07692,Daksha Majumdar,Female,43,Chennai,Tamil Nadu,South,2023-02-24
C07693,Jai Mahal,Female,69,Hyderabad,Telangana,South,2025-09-19
C07694,Avi Gala,Male,40,Hyderabad,Telangana,South,2025-10-04
C07695,Yatan Palla,Male,45,Bengaluru,Karnataka,South,2024-01-01
C07696,Tanvi Modi,Female,58,Ahmedabad,Gujarat,West,2024-12-11
C07697,Jalsa Saraf,Male,53,Ahmedabad,Gujarat,West,2025-01-13
C07698,Logan Puri,Female,34,Chennai,Tamil Nadu,South,2024-09-30
C07699,Imaran Rajagopal,Female,56,Ahmedabad,Gujarat,West,2024-10-19
C07700,Vrishti Dave,Female,59,Hyderabad,Telangana,South,2025-06-29
C07701,Tejas Bhavsar,Male,41,Pune,Maharashtra,West,2025-01-04
C07702,Lakshmi Natt,Female,66,Nagpur,Maharashtra,West,2025-04-23
C07703,Nakul Goswami,Male,23,Kochi,Kerala,South,2022-10-24
C07704,Reva Prashad,Female,34,Delhi,Delhi,North,2025-11-28
C07705,George Misra,Male,42,Nagpur,Maharashtra,West,2022-09-10
C07706,Atharv Kalita,Male,54,Delhi,Delhi,North,2025-03-28
C07707,Aarnav Gola,Male,31,Nagpur,Maharashtra,West,2025-03-24
C07708,Hemal Bhatt,Male,33,Mumbai,Maharashtra,West,2023-03-12
C07709,Anika Mani,Male,20,Chandigarh,Chandigarh,North,2025-02-14
C07710,Mohini Srivastava,Male,50,Surat,Gujarat,West,2024-12-22
C07711,Pranit Walla,Male,33,Chandigarh,Chandigarh,North,2024-02-05
C07712,Aadi Mital,Female,62,Ahmedabad,Gujarat,West,2022-12-31
C07713,Wridesh Kaur,Female,67,Coimbatore,Tamil Nadu,South,2025-05-10
C07714,Zayyan Patel,Female,50,Surat,Gujarat,West,2023-06-04
C07715,Kritika Chacko,Male,43,Coimbatore,Tamil Nadu,South,2025-02-17
C07716,Vasatika Master,Female,65,Noida,Uttar Pradesh,North,2023-02-08
C07717,Manthan Parmar,Male,69,Surat,Gujarat,West,2023-04-18
C07718,Ishwar Lad,Male,46,Hyderabad,Telangana,South,2023-03-29
C07719,Zansi Shukla,Female,18,Noida,Uttar Pradesh,North,2024-06-02
C07720,Tanay Bhatt,Female,61,Noida,Uttar Pradesh,North,2025-08-26
C07721,Abhiram Mann,Male,38,Chandigarh,Chandigarh,North,2024-02-04
C07722,Ekanta Mangal,Female,64,Surat,Gujarat,West,2025-11-19
C07723,Ridhi Tandon,Female,37,Nagpur,Maharashtra,West,2022-06-11
C07724,Pavani Chandran,Female,31,Coimbatore,Tamil Nadu,South,2025-10-02
C07725,Charles Wadhwa,Female,33,Ahmedabad,Gujarat,West,2023-02-27
C07726,Yadavi Behl,Female,49,Mumbai,Maharashtra,West,2022-05-21
C07727,Harish Wason,Female,28,Nagpur,Maharashtra,West,2022-10-16
C07728,Yagnesh Chada,Male,64,Kochi,Kerala,South,2024-11-21
C07729,Samuel Chad,Female,46,Chandigarh,Chandigarh,North,2025-04-26
C07730,George Bhattacharyya,Female,30,Chandigarh,Chandigarh,North,2023-01-17
C07731,Veer Sant,Female,70,Chennai,Tamil Nadu,South,2024-04-13
C07732,Nitara Garde,Female,38,Delhi,Delhi,North,2024-12-02
C07733,Alexander Sunder,Male,67,Hyderabad,Telangana,South,2023-07-12
C07734,Tanmayi Chatterjee,Male,21,Patna,Bihar,East,2023-06-29
C07735,Nidra Vohra,Female,27,Delhi,Delhi,North,2022-02-02
C07736,Pallavi Mitra,Female,57,Ranchi,Jharkhand,East,2024-08-28
C07737,Ganga Sha,Male,25,Kochi,Kerala,South,2025-04-12
C07738,Niharika Agate,Male,50,Kolkata,West Bengal,East,2022-08-07
C07739,Priya Hora,Male,31,Nagpur,Maharashtra,West,2024-05-01
C07740,Ekbal Pradhan,Female,46,Ranchi,Jharkhand,East,2023-05-18
C07741,Praneel Hayre,Female,68,Patna,Bihar,East,2023-03-07
C07742,Netra Bandi,Male,38,Mumbai,Maharashtra,West,2022-07-26
C07743,Qasim Hayer,Female,47,Delhi,Delhi,North,2023-01-22
C07744,Qasim Thakkar,Male,44,Mumbai,Maharashtra,West,2025-08-09
C07745,Gautami Nayak,Male,37,Coimbatore,Tamil Nadu,South,2024-02-27
C07746,Eta Devi,Female,44,Patna,Bihar,East,2023-10-25
C07747,Bhavya Chandran,Male,32,Kolkata,West Bengal,East,2022-12-31
C07748,Bimala Dube,Male,27,Ahmedabad,Gujarat,West,2024-03-08
C07749,Netra Rege,Male,49,Noida,Uttar Pradesh,North,2023-08-06
C07750,Balhaar Chauhan,Male,60,Kolkata,West Bengal,East,2024-06-29
C07751,Faqid Kunda,Female,21,Kochi,Kerala,South,2024-02-28
C07752,Lucky Bahl,Female,48,Ranchi,Jharkhand,East,2023-11-29
C07753,Neelima Samra,Male,68,Delhi,Delhi,North,2024-05-04
C07754,Samesh Venkataraman,Male,21,Noida,Uttar Pradesh,North,2024-12-12
C07755,Kabir Deshmukh,Female,30,Ahmedabad,Gujarat,West,2022-08-10
C07756,Arunima Barad,Male,65,Mumbai,Maharashtra,West,2023-06-16
C07757,Ekaja Kata,Female,58,Coimbatore,Tamil Nadu,South,2022-12-05
C07758,Qarin Goda,Male,42,Kochi,Kerala,South,2024-03-28
C07759,Kashish Purohit,Female,34,Nagpur,Maharashtra,West,2023-11-23
C07760,Ayaan Chandran,Female,35,Delhi,Delhi,North,2024-12-18
C07761,Faqid Comar,Male,45,Coimbatore,Tamil Nadu,South,2025-10-12
C07762,Aahana Warrior,Female,56,Mumbai,Maharashtra,West,2022-10-15
C07763,Shaurya Kapoor,Female,62,Delhi,Delhi,North,2023-11-05
C07764,Reyansh Kari,Male,46,Lucknow,Uttar Pradesh,North,2025-02-04
C07765,Januja Golla,Female,64,Delhi,Delhi,North,2025-09-27
C07766,Jackson Kala,Male,63,Pune,Maharashtra,West,2025-03-04
C07767,Yagnesh Kumar,Male,28,Ahmedabad,Gujarat,West,2025-04-28
C07768,Nisha Mander,Male,59,Hyderabad,Telangana,South,2022-08-26
C07769,Jonathan Kalita,Female,50,Hyderabad,Telangana,South,2025-04-08
C07770,Quincy Tella,Male,66,Chennai,Tamil Nadu,South,2023-08-06
C07771,Chanchal Misra,Female,54,Hyderabad,Telangana,South,2024-01-12
C07772,Priya Ahluwalia,Female,28,Noida,Uttar Pradesh,North,2022-09-05
C07773,Aishani Vala,Male,28,Pune,Maharashtra,West,2022-01-12
C07774,Pushti Hans,Female,37,Kolkata,West Bengal,East,2022-08-10
C07775,Owen Bhagat,Female,62,Bhubaneswar,Odisha,East,2022-04-16
C07776,Yug Sarkar,Female,43,Nagpur,Maharashtra,West,2024-10-27
C07777,Urvashi Kibe,Male,62,Ahmedabad,Gujarat,West,2025-01-18
C07778,Jalsa Goel,Male,33,Surat,Gujarat,West,2023-01-18
C07779,Vincent Parekh,Female,56,Chandigarh,Chandigarh,North,2025-09-30
C07780,George Natt,Female,62,Guwahati,Assam,East,2023-10-02
C07781,Leela Raval,Male,68,Delhi,Delhi,North,2023-10-04
C07782,Gaurangi Bhatti,Male,24,Chennai,Tamil Nadu,South,2025-02-20
C07783,Vinaya Ramakrishnan,Female,26,Chennai,Tamil Nadu,South,2024-11-25
C07784,Kala Koshy,Male,33,Kochi,Kerala,South,2024-04-04
C07785,Omaja Saha,Male,64,Hyderabad,Telangana,South,2023-05-29
C07786,Henry Lata,Male,43,Kochi,Kerala,South,2024-03-19
C07787,Kala Kanda,Male,67,Mumbai,Maharashtra,West,2025-07-13
C07788,Nidhi Prabhakar,Male,66,Coimbatore,Tamil Nadu,South,2023-10-04
C07789,Bhavya Sathe,Female,46,Bhubaneswar,Odisha,East,2023-05-11
C07790,Meera Saraf,Female,19,Chandigarh,Chandigarh,North,2024-08-28
C07791,Viraj Nigam,Male,59,Pune,Maharashtra,West,2025-06-21
C07792,Nikita Datta,Female,58,Ranchi,Jharkhand,East,2025-01-01
C07793,Zaid Dube,Female,48,Chandigarh,Chandigarh,North,2025-12-21
C07794,Samaksh Rama,Female,49,Nagpur,Maharashtra,West,2025-12-06
C07795,Matthew Mishra,Female,59,Kolkata,West Bengal,East,2022-03-23
C07796,Hamsini Soman,Male,19,Ahmedabad,Gujarat,West,2025-11-10
C07797,Naksh Shankar,Male,68,Unknown,Tamil Nadu,South,2025-12-02
C07798,Ronith Kapur,Female,27,Mumbai,Maharashtra,West,2022-02-08
C07799,Anika Kala,Female,35,Bengaluru,Karnataka,South,2022-10-09
C07800,Nirja Narasimhan,Male,45,Kochi,Kerala,South,2023-08-16
C07801,Yatin Bal,Male,55,Noida,Uttar Pradesh,North,2025-04-28
C07802,Harrison Ramaswamy,Male,55,Bengaluru,Karnataka,South,2025-12-24
C07803,Chaman Singhal,Male,69,Pune,Maharashtra,West,2023-03-26
C07804,Faras Sagar,Male,42,Nagpur,Maharashtra,West,2025-03-26
C07805,Irya Kapur,Female,51,Jaipur,Rajasthan,North,2024-07-29
C07806,Harrison Ramesh,Male,59,Chennai,Tamil Nadu,South,2023-07-16
C07807,Triya Chakrabarti,Male,23,Patna,Bihar,East,2024-07-24
C07808,Yash Bajaj,Male,22,Nagpur,Maharashtra,West,2024-01-23
C07809,Sathvik Som,Male,61,Guwahati,Assam,East,2025-10-28
C07810,Ladli Bhargava,Male,37,Coimbatore,Tamil Nadu,South,2023-10-15
C07811,Ojas Agrawal,Male,70,Delhi,Delhi,North,2023-12-10
C07812,Anusha Yadav,Female,41,Mumbai,Maharashtra,West,2024-10-12
C07813,Vasatika Bahl,Female,54,Hyderabad,Telangana,South,2025-02-03
C07814,Libni Maharaj,Female,30,Hyderabad,Telangana,South,2025-06-02
C07815,Jacob Deep,Female,63,Chandigarh,Chandigarh,North,2024-02-13
C07816,Bhavika Rao,Male,52,Bhubaneswar,Odisha,East,2022-05-25
C07817,Chameli Sathe,Female,22,Patna,Bihar,East,2025-03-31
C07818,Qarin Naik,Female,65,Lucknow,Uttar Pradesh,North,2025-02-05
C07819,Maanas Gala,Female,55,Pune,Maharashtra,West,2022-11-30
C07820,Chaman Padmanabhan,Male,63,Mumbai,Maharashtra,West,2023-02-06
C07821,Samesh Halder,Male,40,Kochi,Kerala,South,2025-06-08
C07822,Triveni Dewan,Male,60,Hyderabad,Telangana,South,2024-04-26
C07823,Advay Kale,Male,19,Delhi,Delhi,North,2025-12-12
C07824,Adweta Tiwari,Female,24,Chandigarh,Chandigarh,North,2023-09-25
C07825,Imaran Golla,Female,66,Chandigarh,Chandigarh,North,2023-04-15
C07826,Leela Master,Female,64,Nagpur,Maharashtra,West,2022-01-21
C07827,Gaurang Rout,Male,49,Chennai,Tamil Nadu,South,2024-10-03
C07828,Atharv Sabharwal,Male,34,Bhubaneswar,Odisha,East,2022-10-16
C07829,Tejas Narasimhan,Female,20,Bengaluru,Karnataka,South,2024-10-25
C07830,Indrajit Bali,Male,31,Bhubaneswar,Odisha,East,2025-10-21
C07831,Lopa Chokshi,Male,51,Noida,Uttar Pradesh,North,2022-08-18
C07832,Inaya Bala,Male,40,Chennai,Tamil Nadu,South,2024-12-13
C07833,Nandini Koshy,Female,65,Patna,Bihar,East,2025-10-13
C07834,Bahadurjit Bumb,Male,22,Lucknow,Uttar Pradesh,North,2022-10-12
C07835,Upkaar Kata,Female,33,Guwahati,Assam,East,2023-10-12
C07836,Anita Kale,Male,23,Chandigarh,Chandigarh,North,2023-03-22
C07837,Oni Subramaniam,Male,19,Pune,Maharashtra,West,2023-05-04
C07838,Anusha Walla,Male,33,Ranchi,Jharkhand,East,2024-04-04
C07839,Baghyawati Bath,Female,61,Bengaluru,Karnataka,South,2023-11-16
C07840,Gaurang Bhatia,Male,50,Kolkata,West Bengal,East,2023-04-27
C07841,Radha Tak,Female,37,Jaipur,Rajasthan,North,2025-12-14
C07842,Baljiwan Borah,Male,20,Ahmedabad,Gujarat,West,2022-07-09
C07843,Gavin Chawla,Female,22,Hyderabad,Telangana,South,2022-11-10
C07844,Advaith Mandal,Male,46,Delhi,Delhi,North,2025-01-19
C07845,Aryan Batta,Female,22,Hyderabad,Telangana,South,2023-06-21
C07846,Neel Barad,Female,59,Nagpur,Maharashtra,West,2024-08-21
C07847,Omisha Sahni,Male,36,Jaipur,Rajasthan,North,2023-01-12
C07848,Netra Bali,Male,31,Nagpur,Maharashtra,West,2024-09-06
C07849,Balveer Koshy,Male,59,Delhi,Delhi,North,2023-07-28
C07850,Maanas Dara,Male,64,Surat,Gujarat,West,2023-06-08
C07851,Aarna Thaker,Male,20,Kochi,Kerala,South,2022-09-23
C07852,Chasmum Lal,Male,36,Mumbai,Maharashtra,West,2022-04-03
C07853,Darpan Kadakia,Male,58,Kolkata,West Bengal,East,2022-05-15
C07854,Rudra Borde,Male,39,Coimbatore,Tamil Nadu,South,2022-09-07
C07855,Darsh Sridhar,Female,26,Surat,Gujarat,West,2025-03-15
C07856,Vedika Chaudhry,Male,61,Bengaluru,Karnataka,South,2022-10-28
C07857,Lavanya Bhargava,Female,26,Kochi,Kerala,South,2024-05-16
C07858,Ekiya Srivastava,Male,63,Chandigarh,Chandigarh,North,2024-02-13
C07859,Gabriel Tandon,Female,63,Nagpur,Maharashtra,West,2025-02-19
C07860,Samar Deshmukh,Female,48,Surat,Gujarat,West,2024-10-02
C07861,Dayamai Babu,Male,50,Lucknow,Uttar Pradesh,North,2022-05-11
C07862,Chavvi Shetty,Male,56,Mumbai,Maharashtra,West,2022-09-21
C07863,Neel Verma,Male,57,Nagpur,Maharashtra,West,2025-03-21
C07864,Bimala Chanda,Female,50,Pune,Maharashtra,West,2022-03-27
C07865,Kevin Walla,Female,25,Mumbai,Maharashtra,West,2023-07-18
C07866,Chandani Nadig,Female,50,Lucknow,Uttar Pradesh,North,2023-12-01
C07867,Vedhika Borde,Female,64,Delhi,Delhi,North,2025-08-14
C07868,Rajata Soni,Male,49,Chennai,Tamil Nadu,South,2025-01-07
C07869,Vritti Rai,Female,67,Ranchi,Jharkhand,East,2025-09-08
C07870,Priya Guha,Male,40,Mumbai,Maharashtra,West,2023-05-23
C07871,William Buch,Female,57,Patna,Bihar,East,2024-11-10
C07872,Xalak Mitra,Female,33,Hyderabad,Telangana,South,2022-08-06
C07873,Ladli Das,Female,35,Jaipur,Rajasthan,North,2022-03-09
C07874,Omkaar Krish,Male,55,Ranchi,Jharkhand,East,2023-01-27
C07875,Jagat Pall,Female,34,Chennai,Tamil Nadu,South,2025-10-12
C07876,Chanakya Borra,Female,44,Bengaluru,Karnataka,South,2023-04-12
C07877,Fitan Nayak,Male,65,Kolkata,West Bengal,East,2022-10-15
C07878,Garima Behl,Male,47,Mumbai,Maharashtra,West,2023-12-29
C07879,Rachita Goyal,Male,61,Ahmedabad,Gujarat,West,2023-01-16
C07880,Ekalinga Ray,Female,64,Patna,Bihar,East,2025-10-29
C07881,Hemangini Nazareth,Female,35,Pune,Maharashtra,West,2025-10-11
C07882,Ekantika Gill,Female,47,Chennai,Tamil Nadu,South,2024-07-10
C07883,Devika Borde,Male,59,Nagpur,Maharashtra,West,2024-12-12
C07884,Liam Patla,Male,65,Jaipur,Rajasthan,North,2022-08-05
C07885,Vidhi Bhattacharyya,Male,35,Coimbatore,Tamil Nadu,South,2025-10-22
C07886,Anya Verma,Female,66,Hyderabad,Telangana,South,2023-09-28
C07887,Pooja Ramakrishnan,Female,43,Kolkata,West Bengal,East,2022-12-22
C07888,Yashawini Kant,Female,52,Bengaluru,Karnataka,South,2024-01-22
C07889,Azaan Pingle,Male,62,Lucknow,Uttar Pradesh,North,2022-07-14
C07890,Harini Sant,Female,48,Ranchi,Jharkhand,East,2024-05-25
C07891,Ijaya Ratti,Female,27,Bengaluru,Karnataka,South,2023-06-11
C07892,Jasmit Patla,Female,70,Bhubaneswar,Odisha,East,2023-08-22
C07893,Madhav Gour,Female,54,Guwahati,Assam,East,2022-05-02
C07894,Gabriel Shah,Male,69,Surat,Gujarat,West,2022-06-18
C07895,Madhavi Raval,Female,47,Chennai,Tamil Nadu,South,2024-10-25
C07896,Janaki Ravel,Male,38,Jaipur,Rajasthan,North,2023-05-12
C07897,Atharv Lad,Female,60,Mumbai,Maharashtra,West,2025-11-20
C07898,Abhiram Soni,Male,26,Chennai,Tamil Nadu,South,2024-08-07
C07899,Brijesh Butala,Female,67,Surat,Gujarat,West,2025-09-12
C07900,Anvi Choudhry,Female,56,Nagpur,Maharashtra,West,2024-09-15
C07901,Abdul Radhakrishnan,Male,34,Delhi,Delhi,North,2023-03-14
C07902,Pranit Lad,Male,69,Jaipur,Rajasthan,North,2024-11-17
C07903,Yauvani Saxena,Male,34,Nagpur,Maharashtra,West,2025-05-03
C07904,Abdul Aggarwal,Female,47,Nagpur,Maharashtra,West,2022-11-26
C07905,Nilima Bhargava,Male,61,Hyderabad,Telangana,South,2022-09-06
C07906,Harish Sunder,Female,67,Chennai,Tamil Nadu,South,2024-11-13
C07907,Lohit Amble,Male,23,Bhubaneswar,Odisha,East,2022-10-06
C07908,Nikita Ganguly,Female,70,Lucknow,Uttar Pradesh,North,2025-11-12
C07909,Yachana Choudhry,Male,47,Nagpur,Maharashtra,West,2022-09-13
C07910,Indali Edwin,Male,19,Mumbai,Maharashtra,West,2024-08-30
C07911,Veer Dhar,Female,30,Coimbatore,Tamil Nadu,South,2024-07-31
C07912,Pratyush Gill,Female,69,Jaipur,Rajasthan,North,2023-12-27
C07913,Bhanumati Arya,Female,31,Lucknow,Uttar Pradesh,North,2022-02-28
C07914,Urishilla Narain,Male,31,Ahmedabad,Gujarat,West,2022-07-07
C07915,Reyansh Parmar,Male,58,Kochi,Kerala,South,2023-06-13
C07916,Azad Agarwal,Male,19,Hyderabad,Telangana,South,2022-02-25
C07917,George Barad,Male,65,Surat,Gujarat,West,2022-07-29
C07918,Sneha D’Alia,Male,68,Nagpur,Maharashtra,West,2023-02-22
C07919,Kashish Chaudry,Male,61,Coimbatore,Tamil Nadu,South,2022-12-28
C07920,Yatin Palan,Female,68,Pune,Maharashtra,West,2025-08-17
C07921,Dipta Hari,Male,53,Bhubaneswar,Odisha,East,2024-01-19
C07922,Saanvi Dhingra,Female,25,Coimbatore,Tamil Nadu,South,2023-10-10
C07923,Karan Amble,Female,60,Bengaluru,Karnataka,South,2022-08-11
C07924,Bimala Dalal,Female,35,Noida,Uttar Pradesh,North,2025-06-05
C07925,Vrishti Baria,Male,52,Chandigarh,Chandigarh,North,2025-12-08
C07926,Wridesh Balakrishnan,Male,46,Kochi,Kerala,South,2023-10-07
C07927,Anay Bora,Male,43,Lucknow,Uttar Pradesh,North,2025-01-01
C07928,Charita Chaudry,Male,52,Nagpur,Maharashtra,West,2024-01-26
C07929,Forum Kibe,Female,20,Hyderabad,Telangana,South,2025-04-03
C07930,Faras Natarajan,Male,40,Coimbatore,Tamil Nadu,South,2022-10-01
C07931,Yashvi Chandran,Female,50,Nagpur,Maharashtra,West,2023-04-17
C07932,Bhavna Singh,Female,59,Coimbatore,Tamil Nadu,South,2025-10-03
C07933,Suhani Mani,Female,19,Hyderabad,Telangana,South,2022-03-03
C07934,Balhaar Gill,Male,49,Guwahati,Assam,East,2023-10-10
C07935,Yashvi Kapoor,Female,69,Noida,Uttar Pradesh,North,2022-06-30
C07936,Lekha Kapadia,Male,40,Kochi,Kerala,South,2023-08-27
C07937,Widisha Bakshi,Female,48,Bengaluru,Karnataka,South,2024-10-05
C07938,Ucchal D’Alia,Female,34,Kochi,Kerala,South,2025-03-04
C07939,Gunbir Kapadia,Female,45,Jaipur,Rajasthan,North,2022-03-11
C07940,Zashil Khatri,Female,18,Chennai,Tamil Nadu,South,2022-04-10
C07941,Akshay Nagar,Male,42,Nagpur,Maharashtra,West,2024-11-12
C07942,Ekantika Padmanabhan,Female,41,Bengaluru,Karnataka,South,2022-09-15
C07943,Kashish Mohan,Female,55,Jaipur,Rajasthan,North,2024-10-14
C07944,Arunima Grover,Female,59,Hyderabad,Telangana,South,2023-12-22
C07945,Oni Sani,Male,26,Delhi,Delhi,North,2025-04-08
C07946,Chanchal Parmer,Female,28,Kochi,Kerala,South,2022-02-19
C07947,Zinal Sanghvi,Male,56,Patna,Bihar,East,2023-12-27
C07948,Krishna Bhavsar,Male,54,Mumbai,Maharashtra,West,2024-06-08
C07949,Lipika Narula,Male,58,Ranchi,Jharkhand,East,2023-04-01
C07950,Tripti Khosla,Female,54,Chandigarh,Chandigarh,North,2022-03-05
C07951,Sneha Mahajan,Male,63,Coimbatore,Tamil Nadu,South,2024-01-09
C07952,Sachi Bassi,Female,67,Pune,Maharashtra,West,2022-09-12
C07953,Mohini Nadkarni,Male,59,Coimbatore,Tamil Nadu,South,2024-02-01
C07954,Sachi Sachdeva,Male,61,Ranchi,Jharkhand,East,2023-09-01
C07955,Udant Sahota,Female,35,Noida,Uttar Pradesh,North,2024-12-23
C07956,Chandani Bhardwaj,Female,27,Guwahati,Assam,East,2025-02-14
C07957,Ishita Kannan,Male,68,Jaipur,Rajasthan,North,2024-05-25
C07958,Yauvani Mand,Female,64,Ranchi,Jharkhand,East,2023-06-26
C07959,Varenya Rastogi,Female,63,Kochi,Kerala,South,2025-05-23
C07960,Mitali Merchant,Male,29,Chandigarh,Chandigarh,North,2024-11-04
C07961,Charvi Sharaf,Female,63,Pune,Maharashtra,West,2022-08-12
C07962,Pranit Naidu,Male,51,Bhubaneswar,Odisha,East,2024-06-18
C07963,Baghyawati Gour,Female,19,Coimbatore,Tamil Nadu,South,2025-10-30
C07964,Lohit Krishna,Female,60,Hyderabad,Telangana,South,2023-03-04
C07965,Simon Mitra,Male,47,Guwahati,Assam,East,2024-03-04
C07966,Azad Mahal,Male,67,Ahmedabad,Gujarat,West,2025-12-26
C07967,Suhani Date,Female,39,Delhi,Delhi,North,2023-07-24
C07968,Indrajit Narayanan,Male,53,Delhi,Delhi,North,2022-06-15
C07969,Yatin Rao,Male,19,Nagpur,Maharashtra,West,2022-06-12
C07970,Falak Warrior,Male,52,Pune,Maharashtra,West,2025-12-19
C07971,Divya Shanker,Female,67,Jaipur,Rajasthan,North,2022-03-19
C07972,Ayush Rajagopalan,Female,28,Lucknow,Uttar Pradesh,North,2025-04-18
C07973,Wishi Radhakrishnan,Female,67,Noida,Uttar Pradesh,North,2022-10-04
C07974,Nicholas Mall,Female,68,Guwahati,Assam,East,2024-10-01
C07975,Jyoti Sethi,Male,38,Coimbatore,Tamil Nadu,South,2025-07-03
C07976,William Kala,Female,30,Jaipur,Rajasthan,North,2023-04-15
C07977,Maanas Nigam,Male,56,Jaipur,Rajasthan,North,2024-06-21
C07978,Jagrati Golla,Male,70,Nagpur,Maharashtra,West,2023-01-19
C07979,Fitan Nagy,Male,26,Kolkata,West Bengal,East,2022-03-26
C07980,Lila Kara,Male,22,Surat,Gujarat,West,2024-06-22
C07981,Ati Bahri,Female,54,Kochi,Kerala,South,2025-11-28
C07982,Radhika Ramanathan,Male,49,Chandigarh,Chandigarh,North,2023-12-05
C07983,Gautam Savant,Male,25,Kochi,Kerala,South,2024-09-02
C07984,Hardik Sunder,Male,53,Patna,Bihar,East,2023-01-07
C07985,Naksh Dewan,Female,32,Pune,Maharashtra,West,2022-05-15
C07986,Avi Mittal,Male,48,Hyderabad,Telangana,South,2024-01-11
C07987,Nikita Shetty,Female,32,Jaipur,Rajasthan,North,2024-08-14
C07988,Jagdish Parmer,Female,30,Coimbatore,Tamil Nadu,South,2025-06-07
C07989,Patrick Ravi,Female,51,Patna,Bihar,East,2022-06-25
C07990,Shaurya Soman,Female,60,Pune,Maharashtra,West,2025-11-02
C07991,Meghana Kant,Male,51,Patna,Bihar,East,2025-05-27
C07992,Isha Bali,Male,56,Hyderabad,Telangana,South,2022-02-07
C07993,Jairaj Kashyap,Male,53,Coimbatore,Tamil Nadu,South,2022-12-20
C07994,Xiti Bath,Male,66,Chandigarh,Chandigarh,North,2022-06-24
C07995,Ishita Amble,Female,29,Hyderabad,Telangana,South,2023-07-26
C07996,Matthew Bath,Female,67,Kochi,Kerala,South,2025-03-13
C07997,Girish Bava,Male,70,Coimbatore,Tamil Nadu,South,2023-03-06
C07998,Wriddhish Kohli,Female,40,Nagpur,Maharashtra,West,2025-07-01
C07999,Kashvi Kara,Male,30,Kochi,Kerala,South,2024-07-01
C08000,Vidhi Chad,Male,68,Chennai,Tamil Nadu,South,2025-02-02
